{
    "NDCG@1": 0.20216,
    "NDCG@3": 0.18576,
    "NDCG@5": 0.19467,
    "NDCG@10": 0.2188,
    "NDCG@100": 0.29218,
    "NDCG@300": 0.31369,
    "NDCG@500": 0.32193,
    "NDCG@1000": 0.3325,
    "MRR@1": 0.20216,
    "MRR@3": 0.2446,
    "MRR@5": 0.2588,
    "MRR@10": 0.27146,
    "MRR@100": 0.28298,
    "MRR@300": 0.28356,
    "MRR@500": 0.28363,
    "MRR@1000": 0.28369,
    "MAP@1": 0.09741,
    "MAP@3": 0.13645,
    "MAP@5": 0.14895,
    "MAP@10": 0.16175,
    "MAP@100": 0.17844,
    "MAP@300": 0.17985,
    "MAP@500": 0.18016,
    "MAP@1000": 0.1804,
    "Recall@1": 0.09741,
    "Recall@3": 0.16494,
    "Recall@5": 0.20798,
    "Recall@10": 0.27882,
    "Recall@100": 0.56325,
    "Recall@300": 0.68472,
    "Recall@500": 0.7366,
    "Recall@1000": 0.81337
}