epoch,steps,cos_sim-Accuracy@1,cos_sim-Accuracy@3,cos_sim-Accuracy@5,cos_sim-Accuracy@10,cos_sim-Precision@1,cos_sim-Recall@1,cos_sim-Precision@3,cos_sim-Recall@3,cos_sim-Precision@5,cos_sim-Recall@5,cos_sim-Precision@10,cos_sim-Recall@10,cos_sim-MRR@10,cos_sim-NDCG@10,cos_sim-MAP@100,dot_score-Accuracy@1,dot_score-Accuracy@3,dot_score-Accuracy@5,dot_score-Accuracy@10,dot_score-Precision@1,dot_score-Recall@1,dot_score-Precision@3,dot_score-Recall@3,dot_score-Precision@5,dot_score-Recall@5,dot_score-Precision@10,dot_score-Recall@10,dot_score-MRR@10,dot_score-NDCG@10,dot_score-MAP@100
0,-1,0.214,0.318,0.368,0.458,0.214,0.1131976911976912,0.12599999999999997,0.1824461038961039,0.09280000000000001,0.21924610389610388,0.06420000000000001,0.2857603396603397,0.2848079365079365,0.22992015778014388,0.18910152768133295,0.116,0.232,0.29,0.384,0.116,0.06385324675324675,0.08666666666666666,0.12548816738816737,0.07,0.16229292929292927,0.0512,0.23154848484848486,0.18938968253968258,0.1628769268403945,0.12705158340985145
1,-1,0.208,0.34,0.398,0.464,0.208,0.11056435786435788,0.138,0.19883347763347764,0.10280000000000002,0.2381469696969697,0.0648,0.296280303030303,0.28868571428571427,0.23702204182470243,0.1955884517750495,0.142,0.25,0.31,0.384,0.142,0.0758015873015873,0.09399999999999999,0.13481356421356422,0.0768,0.17463347763347764,0.0512,0.22784379509379507,0.21054841269841268,0.17301409224097042,0.14116262201486307
