{"P@1": 0.16512, "P@3": 0.12088, "P@5": 0.09074, "P@10": 0.05818, "P@100": 0.0121, "P@300": 0.00528, "P@500": 0.00351, "P@1000": 0.00199, "MRR@1": 0.16512, "MRR@3": 0.21991, "MRR@5": 0.2321, "MRR@10": 0.24172, "MRR@100": 0.25249, "MRR@300": 0.25321, "MRR@500": 0.2533, "MRR@1000": 0.25338}