epoch,steps,cosine-Accuracy@1,cosine-Accuracy@3,cosine-Accuracy@5,cosine-Accuracy@10,cosine-Precision@1,cosine-Recall@1,cosine-Precision@3,cosine-Recall@3,cosine-Precision@5,cosine-Recall@5,cosine-Precision@10,cosine-Recall@10,cosine-MRR@10,cosine-NDCG@10,cosine-MAP@100
1.0,1556,0.198,0.336,0.398,0.46,0.198,0.10611991341991342,0.13066666666666665,0.19403665223665223,0.0968,0.23021601731601732,0.06340000000000001,0.2865881174381174,0.27883650793650794,0.2272705875529827,0.18480517920212644
2.0,3112,0.232,0.356,0.408,0.466,0.232,0.12888658008658008,0.13866666666666666,0.2077676046176046,0.10439999999999999,0.24952792207792202,0.0656,0.2905793872793872,0.30410317460317454,0.24470651102802837,0.20564836471299516
1.0,778,0.206,0.34,0.386,0.478,0.206,0.10466435786435785,0.1333333333333333,0.1913612554112554,0.0996,0.22768506493506493,0.06680000000000001,0.3012079587079587,0.28845317460317443,0.2349791272078252,0.18875562781279814
2.0,1556,0.238,0.35,0.41,0.486,0.238,0.12334769119769118,0.1413333333333333,0.20290252525252522,0.1056,0.2489271284271284,0.0674,0.30451370851370846,0.31062539682539675,0.24848717387807948,0.20429265696363938
