epoch,steps,cos_sim-Accuracy@1,cos_sim-Accuracy@3,cos_sim-Accuracy@5,cos_sim-Accuracy@10,cos_sim-Precision@1,cos_sim-Recall@1,cos_sim-Precision@3,cos_sim-Recall@3,cos_sim-Precision@5,cos_sim-Recall@5,cos_sim-Precision@10,cos_sim-Recall@10,cos_sim-MRR@10,cos_sim-NDCG@10,cos_sim-MAP@100,dot_score-Accuracy@1,dot_score-Accuracy@3,dot_score-Accuracy@5,dot_score-Accuracy@10,dot_score-Precision@1,dot_score-Recall@1,dot_score-Precision@3,dot_score-Recall@3,dot_score-Precision@5,dot_score-Recall@5,dot_score-Precision@10,dot_score-Recall@10,dot_score-MRR@10,dot_score-NDCG@10,dot_score-MAP@100
0,-1,0.164,0.272,0.328,0.388,0.164,0.08011673881673882,0.10133333333333332,0.14853578643578644,0.07880000000000001,0.18437145077145078,0.051800000000000006,0.23263818958818955,0.22902460317460308,0.1803608003524787,0.14529963018869727,0.106,0.21,0.248,0.316,0.106,0.05262546897546897,0.07733333333333331,0.11322316017316016,0.056799999999999996,0.1337310966810967,0.040400000000000005,0.18292792207792208,0.16740634920634928,0.13435494447060262,0.10619208638289376
1,-1,0.178,0.302,0.352,0.42,0.178,0.09688896103896104,0.116,0.17154372294372294,0.0852,0.2036881673881674,0.05739999999999999,0.26174062049062047,0.25131428571428577,0.2057229490421295,0.1670236350730017,0.124,0.216,0.256,0.356,0.124,0.06238658008658008,0.07933333333333331,0.11566911976911977,0.0604,0.14308109668109667,0.0456,0.20730656565656566,0.18717936507936514,0.15089552896979203,0.11872264902046278
