query-id	corpus-id	score
2000001	92703	1
2000002	419996	1
2000003	322719	1
2000005	352395	1
2000009	294567	1
2000014	69739	1
2000015	54828	1
2000017	450436	1
2000019	393691	1
2000020	238479	1
2000021	5252	1
2000024	420476	1
2000032	468297	1
2000033	244555	1
2000037	356453	1
2000038	244825	1
2000040	190864	1
2000043	274970	1
2000044	163257	1
2000047	506443	1
2000048	371076	1
2000049	204020	1
2000050	103753	1
2000053	39770	1
2000054	315847	1
2000055	475588	1
2000057	447116	1
2000059	592746	1
2000060	547853	1
2000063	317781	1
2000064	231648	1
2000066	553269	1
2000069	481519	1
2000070	501077	1
2000071	286903	1
2000074	285481	1
2000075	443189	1
2000077	293083	1
2000078	404988	1
2000079	472837	1
2000082	383753	1
2000083	231203	1
2000084	494054	1
2000088	92856	1
2000089	549556	1
2000091	265987	1
2000095	538285	1
2000097	192776	1
2000099	272076	1
2000102	69684	1
2000103	144526	1
2000104	163843	1
2000105	7575	1
2000111	388021	1
2000113	20341	1
2000114	532724	1
2000115	253309	1
2000116	397913	1
2000118	552810	1
2000122	249273	1
2000123	409761	1
2000124	203636	1
2000125	76924	1
2000127	200946	1
2000128	427631	1
2000129	230411	1
2000130	491688	1
2000131	53115	1
2000133	172188	1
2000134	461082	1
2000137	395786	1
2000141	45726	1
2000148	428082	1
2000151	221378	1
2000155	107924	1
2000157	338666	1
2000158	234077	1
2000159	1789	1
2000161	60557	1
2000162	478026	1
2000165	472415	1
2000166	377957	1
2000167	588774	1
2000169	158399	1
2000170	49117	1
2000171	175419	1
2000172	313088	1
2000176	228095	1
2000177	276758	1
2000178	364701	1
2000179	108575	1
2000180	233001	1
2000181	239827	1
2000185	488096	1
2000186	13802	1
2000188	248398	1
2000190	593463	1
2000193	565770	1
2000194	357660	1
2000195	492386	1
2000197	366320	1
2000198	141300	1
2000199	185406	1
2000203	170708	1
2000205	376351	1
2000206	131034	1
2000207	540232	1
2000209	259223	1
2000211	436765	1
2000212	581089	1
2000213	582270	1
2000217	403568	1
2000220	486818	1
2000221	158165	1
2000222	499102	1
2000223	483332	1
2000224	432134	1
2000229	507596	1
2000232	206906	1
2000234	1392	1
2000236	350791	1
2000237	298833	1
2000238	580895	1
2000239	11414	1
2000241	371341	1
2000242	362790	1
2000245	145830	1
2000251	231968	1
2000252	136654	1
2000257	398694	1
2000258	470087	1
2000259	253613	1
2000261	173542	1
2000263	80607	1
2000264	281023	1
2000266	488360	1
2000268	214093	1
2000270	219321	1
2000272	595772	1
2000273	27995	1
2000275	336451	1
2000279	163765	1
2000281	448839	1
2000283	429375	1
2000286	252677	1
2000287	307578	1
2000289	320652	1
2000290	531689	1
2000292	543165	1
2000293	584732	1
2000295	162892	1
2000300	480773	1
2000301	518861	1
2000304	289083	1
2000306	83080	1
2000308	533607	1
2000309	399473	1
2000311	139583	1
2000313	232011	1
2000314	252653	1
2000317	397269	1
2000323	436040	1
2000324	357682	1
2000325	236328	1
2000327	375705	1
2000328	474187	1
2000329	536853	1
2000332	364048	1
2000333	381112	1
2000334	137079	1
2000337	13698	1
2000339	486283	1
2000340	472311	1
2000341	176694	1
2000350	167060	1
2000351	380486	1
2000353	123990	1
2000354	176496	1
2000355	427110	1
2000357	377562	1
2000358	158805	1
2000360	37928	1
2000362	131676	1
2000366	87820	1
2000370	29400	1
2000371	235668	1
2000372	207895	1
2000373	532034	1
2000375	354421	1
2000376	306742	1
2000377	545287	1
2000378	63866	1
2000380	451492	1
2000382	272636	1
2000384	89099	1
2000387	28749	1
2000388	62233	1
2000389	88225	1
2000390	97964	1
2000396	219990	1
2000397	42831	1
2000399	129692	1
2000400	180249	1
2000401	332153	1
2000404	289262	1
2000405	65621	1
2000406	459051	1
2000407	290807	1
2000409	505592	1
2000412	410990	1
2000415	53637	1
2000416	294780	1
2000421	78297	1
2000422	512593	1
2000425	281464	1
2000428	249107	1
2000431	316379	1
2000432	390456	1
2000435	490552	1
2000439	38473	1
2000440	238850	1
2000444	323709	1
2000447	65615	1
2000449	181953	1
2000450	406314	1
2000451	211985	1
2000452	264469	1
2000453	26114	1
2000459	152169	1
2000461	75686	1
2000462	369584	1
2000463	202019	1
2000466	402525	1
2000467	451393	1
2000468	307752	1
2000473	581025	1
2000474	87350	1
2000475	187497	1
2000477	418137	1
2000478	273652	1
2000479	20180	1
2000481	174523	1
2000482	82543	1
2000483	226066	1
2000484	269057	1
2000485	15578	1
2000487	143124	1
2000488	304023	1
2000490	94730	1
2000492	118184	1
2000493	570500	1
2000502	505377	1
2000508	76519	1
2000510	41469	1
2000512	40874	1
2000513	511563	1
2000515	155840	1
2000518	25975	1
2000521	10859	1
2000522	385102	1
2000523	461557	1
2000524	16926	1
2000528	519177	1
2000529	436729	1
2000531	263686	1
2000533	142136	1
2000534	290624	1
2000536	28134	1
2000537	166904	1
2000540	437896	1
2000541	446864	1
2000542	266312	1
2000543	497125	1
2000545	32143	1
2000546	38343	1
2000547	218316	1
2000549	220632	1
2000550	198135	1
2000551	359567	1
2000552	42737	1
2000553	86632	1
2000554	272890	1
2000556	466162	1
2000561	515104	1
2000563	442503	1
2000566	416919	1
2000567	31224	1
2000569	532012	1
2000571	157092	1
2000572	131635	1
2000573	547302	1
2000574	551746	1
2000575	48947	1
2000577	480451	1
2000578	429725	1
2000579	220774	1
2000583	340723	1
2000586	234411	1
2000587	206575	1
2000588	523952	1
2000590	419570	1
2000591	120416	1
2000594	306816	1
2000596	12481	1
2000597	343518	1
2000598	52858	1
2000600	465861	1
2000601	442436	1
2000602	592000	1
2000603	523761	1
2000605	563986	1
2000610	209136	1
2000618	39454	1
2000620	336869	1
2000621	93275	1
2000622	527500	1
2000624	184766	1
2000625	38125	1
2000627	233897	1
2000629	515724	1
2000631	39564	1
2000632	151261	1
2000634	495914	1
2000637	10128	1
2000647	485248	1
2000648	69421	1
2000649	202570	1
2000651	33463	1
2000654	291350	1
2000658	231959	1
2000661	338618	1
2000662	70907	1
2000669	326761	1
2000673	57044	1
2000674	167492	1
2000675	194437	1
2000676	481987	1
2000678	57781	1
2000682	173997	1
2000685	573220	1
2000686	327358	1
2000689	346035	1
2000694	14145	1
2000697	49948	1
2000700	396308	1
2000701	140484	1
2000702	125472	1
2000708	45695	1
2000712	189811	1
2000714	430522	1
2000718	333119	1
2000719	361971	1
2000721	370922	1
2000723	543348	1
2000728	294123	1
2000730	294628	1
2000731	365159	1
2000733	298059	1
2000734	579875	1
2000735	282958	1
2000736	189819	1
2000738	278122	1
2000739	413067	1
2000740	87884	1
2000741	39847	1
2000742	431984	1
2000744	569034	1
2000746	426539	1
2000748	443062	1
2000750	597992	1
2000754	24702	1
2000755	377546	1
2000757	156462	1
2000759	566076	1
2000761	435248	1
2000762	108842	1
2000764	175264	1
2000770	575061	1
2000771	281268	1
2000775	423070	1
2000777	163299	1
2000784	169296	1
2000788	258243	1
2000791	540968	1
2000793	207449	1
2000794	546646	1
2000796	38651	1
2000797	397646	1
2000798	261158	1
2000800	162405	1
2000802	204572	1
2000803	565727	1
2000808	393206	1
2000809	50562	1
2000811	506740	1
2000812	88443	1
2000813	33907	1
2000814	227264	1
2000815	508558	1
2000816	265757	1
2000818	466592	1
2000822	110198	1
2000824	14805	1
2000825	72237	1
2000826	219945	1
2000827	443662	1
2000828	59571	1
2000829	176896	1
2000833	381268	1
2000834	282239	1
2000835	19556	1
2000837	232985	1
2000842	111099	1
2000843	525567	1
2000844	347932	1
2000845	251671	1
2000847	395335	1
2000849	40240	1
2000851	366694	1
2000854	598547	1
2000855	373199	1
2000857	392723	1
2000859	158410	1
2000861	432095	1
2000864	538511	1
2000868	416680	1
2000873	118027	1
2000875	477185	1
2000879	103817	1
2000880	212475	1
2000881	169659	1
2000882	393130	1
2000883	197601	1
2000884	511362	1
2000885	214195	1
2000886	91323	1
2000887	412036	1
2000889	394266	1
2000890	137262	1
2000893	116005	1
2000897	472834	1
2000905	316465	1
2000906	426026	1
2000908	134371	1
2000910	194379	1
2000913	443866	1
2000915	591303	1
2000917	345540	1
2000920	133415	1
2000925	234260	1
2000926	534828	1
2000933	430356	1
2000936	452337	1
2000939	129428	1
2000941	254458	1
2000943	279241	1
2000945	215645	1
2000947	42475	1
2000948	97850	1
2000950	534963	1
2000951	250563	1
2000952	599128	1
2000955	109690	1
2000956	232436	1
2000960	22545	1
2000962	292348	1
2000964	340768	1
2000969	391593	1
2000972	274927	1
2000974	523140	1
2000975	170494	1
2000976	139397	1
2000977	353293	1
2000979	597383	1
2000981	286881	1
2000983	131451	1
2000984	166669	1
2000985	588316	1
2000989	440857	1
2000991	293446	1
2000993	268914	1
2000994	37861	1
2000995	341258	1
2001000	70796	1
2001002	161714	1
2001003	208051	1
2001004	187090	1
2001008	344544	1
2001009	37917	1
2001010	369351	1
2001013	113607	1
2001016	456823	1
2001017	212866	1
2001018	435671	1
2001019	510263	1
2001020	320816	1
2001027	20027	1
2001028	524968	1
2001030	8762	1
2001031	449646	1
2001033	567810	1
2001034	486967	1
2001036	12268	1
2001039	157364	1
2001040	149922	1
2001042	562510	1
2001047	235416	1
2001049	214665	1
2001050	282227	1
2001051	144405	1
2001054	471687	1
2001056	7560	1
2001059	283196	1
2001061	578745	1
2001062	139059	1
2001063	551976	1
2001066	526056	1
2001069	221854	1
2001071	276162	1
2001072	388757	1
2001074	475370	1
2001077	535479	1
2001078	548388	1
2001079	209965	1
2001080	392030	1
2001082	502780	1
2001083	472882	1
2001084	65169	1
2001086	219444	1
2001089	274450	1
2001090	518875	1
2001095	87021	1
2001096	89595	1
2001098	66941	1
2001099	400295	1
2001101	499161	1
2001104	15272	1
2001105	143247	1
2001106	229282	1
2001108	361965	1
2001109	535408	1
2001112	455508	1
2001115	266836	1
2001116	233741	1
2001117	238747	1
2001120	179923	1
2001122	455984	1
2001123	18317	1
2001124	78644	1
2001126	498970	1
2001127	330212	1
2001129	141221	1
2001134	546589	1
2001136	349554	1
2001137	460296	1
2001138	223919	1
2001139	70886	1
2001141	122675	1
2001142	328517	1
2001143	270006	1
2001146	572859	1
2001148	385013	1
2001149	461186	1
2001153	32983	1
2001159	426559	1
2001163	40941	1
2001168	211545	1
2001170	164	1
2001171	568784	1
2001172	390237	1
2001173	576082	1
2001178	25172	1
2001181	441069	1
2001184	224869	1
2001185	114681	1
2001186	445591	1
2001187	186355	1
2001188	399607	1
2001190	505587	1
2001192	551727	1
2001195	220885	1
2001197	495282	1
2001201	516576	1
2001202	557698	1
2001203	385246	1
2001204	51947	1
2001205	375089	1
2001206	574846	1
2001208	447417	1
2001209	248768	1
2001210	393211	1
2001213	16531	1
2001216	27797	1
2001220	234932	1
2001221	359518	1
2001224	411470	1
2001228	398279	1
2001229	53496	1
2001230	449624	1
2001232	573097	1
2001234	449007	1
2001235	301447	1
2001239	20310	1
2001242	535928	1
2001243	598051	1
2001244	288004	1
2001245	1158	1
2001246	528105	1
2001247	324817	1
2001249	209859	1
2001252	183349	1
2001253	478240	1
2001254	99263	1
2001256	443747	1
2001257	345604	1
2001258	333711	1
2001260	301880	1
2001262	571382	1
2001263	128188	1
2001265	236968	1
2001268	110412	1
2001272	532498	1
2001274	172241	1
2001275	509077	1
2001276	286423	1
2001277	428619	1
2001278	463271	1
2001279	333113	1
2001280	10572	1
2001281	497383	1
2001283	264249	1
2001284	243232	1
2001285	462413	1
2001286	283478	1
2001291	359463	1
2001293	133273	1
2001294	286866	1
2001295	494236	1
2001296	269912	1
2001298	231097	1
2001300	196325	1
2001302	30093	1
2001303	326560	1
2001304	506733	1
2001305	310263	1
2001306	23488	1
2001308	439577	1
2001309	542314	1
2001311	234731	1
2001314	296902	1
2001316	544758	1
2001320	151742	1
2001321	506070	1
2001322	406542	1
2001323	502427	1
2001325	12032	1
2001327	315723	1
2001328	559523	1
2001329	372308	1
2001331	360003	1
2001332	126419	1
2001333	173328	1
2001335	253392	1
2001336	427536	1
2001337	11045	1
2001338	203825	1
2001339	505540	1
2001340	354565	1
2001342	286142	1
2001344	123632	1
2001345	217324	1
2001346	243304	1
2001349	5017	1
2001350	216694	1
2001351	386011	1
2001355	92204	1
2001356	557789	1
2001357	555963	1
2001359	89940	1
2001360	210998	1
2001361	322878	1
2001362	560301	1
2001366	38144	1
2001367	412251	1
2001369	499476	1
2001372	440706	1
2001374	538178	1
2001376	586326	1
2001380	95321	1
2001381	129074	1
2001382	230718	1
2001385	167053	1
2001386	343009	1
2001387	105790	1
2001388	43726	1
2001390	258353	1
2001395	203105	1
2001398	322013	1
2001399	176844	1
2001400	414697	1
2001402	412395	1
2001404	403930	1
2001406	353641	1
2001407	36917	1
2001408	479522	1
2001411	534051	1
2001415	325037	1
2001419	224939	1
2001420	343823	1
2001422	511480	1
2001426	309650	1
2001428	339074	1
2001429	120649	1
2001431	100280	1
2001434	15650	1
2001435	349692	1
2001436	284181	1
2001438	65660	1
2001440	60900	1
2001449	269575	1
2001450	125953	1
2001452	564759	1
2001453	340413	1
2001454	433221	1
2001455	405896	1
2001457	166487	1
2001461	422553	1
2001462	313509	1
2001463	320790	1
2001465	173438	1
2001468	116625	1
2001469	198442	1
2001470	141043	1
2001472	384991	1
2001475	87642	1
2001479	448411	1
2001482	399692	1
2001483	485891	1
2001485	571288	1
2001486	99978	1
2001488	458739	1
2001492	54941	1
2001493	454805	1
2001494	203881	1
2001495	233015	1
2001496	375228	1
2001497	430672	1
2001499	564616	1
2001500	359459	1
2001501	236380	1
2001504	580441	1
2001507	312968	1
2001508	468154	1
2001509	71036	1
2001514	594425	1
2001515	290113	1
2001517	385195	1
2001518	98033	1
2001521	553318	1
2001523	19165	1
2001524	214874	1
2001525	381692	1
2001526	575097	1
2001527	254384	1
2001529	560876	1
2001530	120283	1
2001532	96234	1
2001533	368047	1
2001534	142645	1
2001535	182298	1
2001536	237318	1
2001537	402537	1
2001541	479141	1
2001542	333876	1
2001544	240374	1
2001546	440395	1
2001550	133560	1
2001551	459648	1
2001552	67503	1
2001553	129745	1
2001554	347115	1
2001555	464650	1
2001557	200446	1
2001558	192884	1
2001559	288907	1
2001560	90555	1
2001562	212544	1
2001567	291424	1
2001568	67696	1
2001571	235135	1
2001574	518554	1
2001577	100474	1
2001580	361864	1
2001586	517022	1
2001587	131853	1
2001589	571599	1
2001590	262405	1
2001593	452496	1
2001595	239379	1
2001596	15530	1
2001599	35364	1
2001600	22436	1
2001601	488226	1
2001602	524755	1
2001605	435583	1
2001606	80827	1
2001607	388693	1
2001609	255869	1
2001610	228210	1
2001611	406378	1
2001614	201675	1
2001615	33587	1
2001618	259437	1
2001620	90700	1
2001621	155847	1
2001622	512803	1
2001623	530081	1
2001624	303615	1
2001627	517987	1
2001629	12081	1
2001630	40552	1
2001631	40760	1
2001632	254840	1
2001633	1926	1
2001634	507420	1
2001635	371759	1
2001637	310800	1
2001641	585972	1
2001643	384343	1
2001644	230459	1
2001645	597154	1
2001646	526555	1
2001648	328695	1
2001649	229044	1
2001651	399348	1
2001662	342050	1
2001665	457394	1
2001669	540304	1
2001670	569523	1
2001671	384693	1
2001674	374510	1
2001677	315741	1
2001678	31801	1
2001682	338113	1
2001684	548299	1
2001685	274500	1
2001689	335537	1
2001693	352027	1
2001695	551329	1
2001698	98946	1
2001703	25896	1
2001705	313392	1
2001709	405071	1
2001710	315158	1
2001711	482972	1
2001712	252458	1
2001715	368743	1
2001716	403643	1
2001717	422922	1
2001718	402	1
2001724	245727	1
2001728	412492	1
2001730	509237	1
2001733	93314	1
2001736	117700	1
2001737	537577	1
2001739	505405	1
2001742	329786	1
2001744	46543	1
2001747	345568	1
2001748	275670	1
2001750	261818	1
2001752	161746	1
2001755	29984	1
2001756	199706	1
2001757	174460	1
2001761	221426	1
2001765	230770	1
2001769	444461	1
2001776	401960	1
2001777	52531	1
2001779	53801	1
2001783	576362	1
2001784	259801	1
2001785	227141	1
2001786	347881	1
2001789	450939	1
2001792	429011	1
2001793	427109	1
2001795	122450	1
2001797	413415	1
2001798	301100	1
2001800	395587	1
2001801	383274	1
2001804	475688	1
2001807	295878	1
2001811	447178	1
2001812	210029	1
2001813	535085	1
2001814	502721	1
2001817	408078	1
2001818	147177	1
2001822	514276	1
2001824	301396	1
2001828	515427	1
2001833	1532	1
2001834	365979	1
2001835	530522	1
2001836	515643	1
2001837	364355	1
2001839	398415	1
2001840	434289	1
2001843	581585	1
2001844	353780	1
2001845	5658	1
2001847	151798	1
2001849	246963	1
2001852	77128	1
2001855	521061	1
2001856	49203	1
2001857	372039	1
2001858	192098	1
2001859	318005	1
2001861	566698	1
2001862	93168	1
2001863	366583	1
2001864	554937	1
2001865	445179	1
2001866	43579	1
2001867	35674	1
2001868	241783	1
2001869	517064	1
2001870	489622	1
2001872	36291	1
2001873	81299	1
2001875	340299	1
2001877	582230	1
2001878	87535	1
2001879	383568	1
2001880	589161	1
2001881	71953	1
2001882	460592	1
2001883	231999	1
2001886	192913	1
2001891	598894	1
2001892	169007	1
2001894	5667	1
2001895	295121	1
2001901	412623	1
2001904	270223	1
2001906	417866	1
2001907	39528	1
2001908	459819	1
2001909	166087	1
2001910	478115	1
2001912	133602	1
2001913	164263	1
2001916	106327	1
2001917	235364	1
2001919	97534	1
2001920	432023	1
2001921	463941	1
2001930	374334	1
2001931	402783	1
2001933	232421	1
2001934	103439	1
2001936	484340	1
2001938	72160	1
2001939	575976	1
2001940	560913	1
2001942	69641	1
2001947	300808	1
2001948	473877	1
2001952	352046	1
2001953	483330	1
2001957	504975	1
2001961	151423	1
2001964	227990	1
2001968	322253	1
2001969	552577	1
2001970	394420	1
2001972	162973	1
2001974	13834	1
2001975	293857	1
2001976	216590	1
2001977	54497	1
2001978	229985	1
2001982	12027	1
2001983	486460	1
2001985	550471	1
2001987	252475	1
2001990	380992	1
2001991	214082	1
2001992	3080	1
2001993	575576	1
2001994	447482	1
2001997	470471	1
2001998	348824	1
2002000	275960	1
2002001	487638	1
2002005	535547	1
2002007	577141	1
2002008	148627	1
2002010	488354	1
2002011	482768	1
2002014	454289	1
2002015	78686	1
2002017	200323	1
2002020	458071	1
2002021	465373	1
2002022	563344	1
2002024	80086	1
2002025	281969	1
2002027	551336	1
2002029	191104	1
2002035	594248	1
2002038	176350	1
2002039	537375	1
2002043	144211	1
2002044	349468	1
2002045	94789	1
2002046	13357	1
2002048	231789	1
2002049	193202	1
2002051	288136	1
2002055	524608	1
2002056	15313	1
2002058	426618	1
2002060	89092	1
2002061	190665	1
2002062	123449	1
2002065	397558	1
2002067	195674	1
2002068	197184	1
2002069	294291	1
2002074	226590	1
2002076	583139	1
2002077	26315	1
2002080	555659	1
2002081	210051	1
2002083	180920	1
2002086	399672	1
2002087	107883	1
2002089	34812	1
2002090	147465	1
2002091	336550	1
2002092	549926	1
2002094	38147	1
2002095	441523	1
2002097	202799	1
2002102	276884	1
2002104	229743	1
2002105	162247	1
2002107	289826	1
2002114	490255	1
2002115	315702	1
2002117	266457	1
2002119	235529	1
2002122	273485	1
2002124	390556	1
2002125	506818	1
2002126	460671	1
2002127	337236	1
2002128	259858	1
2002130	24798	1
2002131	345346	1
2002132	235195	1
2002134	406875	1
2002135	328072	1
2002136	464337	1
2002141	588987	1
2002143	385343	1
2002150	54780	1
2002151	88864	1
2002155	504246	1
2002157	271415	1
2002162	163536	1
2002163	582301	1
2002164	541512	1
2002165	196587	1
2002169	195431	1
2002170	191003	1
2002177	228703	1
2002179	185268	1
2002180	500408	1
2002183	74801	1
2002186	5181	1
2002187	125506	1
2002188	32382	1
2002189	480192	1
2002190	103423	1
2002191	91265	1
2002194	507122	1
2002197	205773	1
2002199	476128	1
2002200	387479	1
2002202	544313	1
2002205	446741	1
2002206	583289	1
2002208	43140	1
2002210	58864	1
2002214	237826	1
2002217	218229	1
2002218	109777	1
2002219	439210	1
2002222	366739	1
2002223	483315	1
2002224	304046	1
2002225	160367	1
2002226	224102	1
2002227	475289	1
2002228	104291	1
2002230	119456	1
2002231	433677	1
2002235	342110	1
2002236	429251	1
2002237	440297	1
2002240	164427	1
2002242	571715	1
2002244	256026	1
2002247	543776	1
2002249	500145	1
2002250	443015	1
2002251	536136	1
2002253	433371	1
2002254	97329	1
2002255	8276	1
2002256	362677	1
2002257	88993	1
2002259	453141	1
2002264	185678	1
2002270	271596	1
2002271	381595	1
2002272	22533	1
2002273	296340	1
2002275	483261	1
2002278	180073	1
2002282	499279	1
2002285	550332	1
2002286	413861	1
2002288	49849	1
2002292	252039	1
2002296	387780	1
2002297	66191	1
2002298	229893	1
2002299	481579	1
2002301	158558	1
2002304	475141	1
2002305	339614	1
2002309	260880	1
2002310	498047	1
2002311	374036	1
2002312	345698	1
2002313	30730	1
2002317	35295	1
2002319	225086	1
2002321	258425	1
2002325	129362	1
2002328	532152	1
2002331	799	1
2002334	176053	1
2002335	125	1
2002336	91595	1
2002338	52360	1
2002339	131421	1
2002342	214173	1
2002343	190613	1
2002345	21605	1
2002346	367142	1
2002348	2083	1
2002349	111502	1
2002351	362147	1
2002353	336771	1
2002354	209151	1
2002355	482185	1
2002357	283296	1
2002359	56932	1
2002361	404278	1
2002363	27888	1
2002364	574855	1
2002369	214942	1
2002371	210252	1
2002374	154761	1
2002378	289175	1
2002379	496588	1
2002383	150165	1
2002384	157990	1
2002385	511704	1
2002387	96962	1
2002390	141296	1
2002392	380863	1
2002394	444776	1
2002395	209728	1
2002399	550925	1
2002403	137060	1
2002404	463874	1
2002407	407253	1
2002408	52080	1
2002410	15378	1
2002416	497359	1
2002420	295153	1
2002421	437365	1
2002422	199572	1
2002423	395189	1
2002425	63747	1
2002428	143823	1
2002429	572371	1
2002431	336693	1
2002435	155964	1
2002436	182294	1
2002438	557093	1
2002441	20407	1
2002442	445901	1
2002443	71622	1
2002445	444707	1
2002447	361933	1
2002449	101614	1
2002453	320364	1
2002454	520952	1
2002456	531497	1
2002457	77371	1
2002459	596528	1
2002460	538723	1
2002461	292622	1
2002462	394708	1
2002466	325934	1
2002473	161100	1
2002474	593173	1
2002479	176626	1
2002481	460128	1
2002482	444352	1
2002483	190487	1
2002484	106538	1
2002487	176627	1
2002491	387209	1
2002497	393671	1
2002502	598360	1
2002509	12146	1
2002510	523903	1
2002511	185651	1
2002512	520758	1
2002513	451129	1
2002515	426884	1
2002518	160563	1
2002519	197423	1
2002520	166921	1
2002521	427762	1
2002523	440256	1
2002525	503979	1
2002527	343485	1
2002528	105290	1
2002535	571001	1
2002538	22193	1
2002539	550888	1
2002540	496509	1
2002541	11659	1
2002543	214431	1
2002544	457702	1
2002545	441990	1
2002546	59600	1
2002547	233916	1
2002551	44006	1
2002553	571970	1
2002554	311807	1
2002557	357980	1
2002558	587670	1
2002559	425713	1
2002563	309904	1
2002564	44529	1
2002568	450578	1
2002569	301410	1
2002571	271637	1
2002572	317722	1
2002573	127454	1
2002575	432987	1
2002579	295630	1
2002581	596046	1
2002583	385892	1
2002584	246335	1
2002585	141960	1
2002587	238677	1
2002591	519367	1
2002596	436880	1
2002597	55108	1
2002598	440533	1
2002600	306493	1
2002601	64246	1
2002608	269521	1
2002613	82025	1
2002614	485231	1
2002615	182866	1
2002616	156381	1
2002619	68550	1
2002620	26400	1
2002624	270577	1
2002625	72334	1
2002626	160234	1
2002629	157765	1
2002630	21490	1
2002634	37244	1
2002635	82562	1
2002636	66640	1
2002637	226106	1
2002638	550939	1
2002641	543630	1
2002643	556770	1
2002646	401848	1
2002652	412417	1
2002660	50635	1
2002666	473688	1
2002667	518008	1
2002668	82284	1
2002669	119018	1
2002670	199789	1
2002671	94429	1
2002673	154178	1
2002676	503684	1
2002681	321680	1
2002683	19481	1
2002685	565007	1
2002686	552220	1
2002687	28074	1
2002688	180166	1
2002690	150837	1
2002693	263867	1
2002695	526384	1
2002697	117778	1
2002698	333928	1
2002699	101599	1
2002700	140290	1
2002701	103331	1
2002702	474402	1
2002704	169398	1
2002705	66925	1
2002706	417170	1
2002709	470562	1
2002710	256601	1
2002711	539465	1
2002714	383604	1
2002716	13680	1
2002719	353486	1
2002720	360412	1
2002721	543945	1
2002722	526062	1
2002724	478559	1
2002734	55053	1
2002736	371838	1
2002738	295750	1
2002740	474851	1
2002744	281747	1
2002748	126633	1
2002750	34846	1
2002752	76377	1
2002753	261633	1
2002754	591964	1
2002759	393285	1
2002760	59853	1
2002761	99420	1
2002770	395936	1
2002771	283187	1
2002774	206806	1
2002777	407524	1
2002778	232873	1
2002779	498011	1
2002782	53419	1
2002784	439504	1
2002785	38628	1
2002786	40681	1
2002787	202871	1
2002790	442544	1
2002791	510219	1
2002792	145485	1
2002796	76845	1
2002798	335770	1
2002799	443079	1
2002804	373139	1
2002805	183880	1
2002808	210097	1
2002812	26369	1
2002813	475230	1
2002816	352649	1
2002817	476678	1
2002820	93300	1
2002821	156055	1
2002822	460328	1
2002823	488141	1
2002828	338712	1
2002832	69604	1
2002833	75130	1
2002834	315712	1
2002835	293134	1
2002836	328215	1
2002838	254093	1
2002839	378295	1
2002840	273675	1
2002843	21190	1
2002845	171236	1
2002847	598111	1
2002848	296781	1
2002849	558988	1
2002850	16752	1
2002851	544654	1
2002854	118191	1
2002856	245339	1
2002858	46894	1
2002860	246193	1
2002862	518122	1
2002865	518408	1
2002867	428152	1
2002869	517101	1
2002870	132904	1
2002871	543856	1
2002873	319220	1
2002874	537227	1
2002877	396780	1
2002878	200084	1
2002879	532243	1
2002880	566460	1
2002881	409850	1
2002882	55276	1
2002886	552235	1
2002887	333414	1
2002888	41447	1
2002889	580537	1
2002890	217557	1
2002891	232563	1
2002895	370476	1
2002897	469735	1
2002901	370309	1
2002903	192133	1
2002905	125508	1
2002907	24905	1
2002908	12008	1
2002911	427410	1
2002914	370014	1
2002917	114477	1
2002920	484313	1
2002921	534032	1
2002924	436494	1
2002925	299621	1
2002926	461538	1
2002927	571732	1
2002928	364837	1
2002929	415683	1
2002930	124320	1
2002931	525082	1
2002935	302310	1
2002939	389343	1
2002941	139914	1
2002950	192270	1
2002952	66767	1
2002953	264983	1
2002954	225292	1
2002955	50260	1
2002956	276699	1
2002957	262524	1
2002959	112167	1
2002961	217687	1
2002963	287781	1
2002964	343337	1
2002967	591325	1
2002968	159284	1
2002970	598706	1
2002973	173335	1
2002975	4799	1
2002976	84863	1
2002977	536505	1
2002978	367747	1
2002979	27341	1
2002980	149580	1
2002982	295336	1
2002984	586754	1
2002986	157231	1
2002987	457466	1
2002989	158614	1
2002990	457429	1
2002991	495742	1
2002992	111088	1
2002993	556993	1
2002994	23408	1
2002995	485383	1
2002996	69970	1
2003002	176783	1
2003005	533449	1
2003006	294614	1
2003008	476210	1
2003010	108132	1
2003016	265822	1
2003018	497458	1
2003021	296057	1
2003022	333446	1
2003023	559342	1
2003026	539089	1
2003027	182253	1
2003029	262539	1
2003032	205575	1
2003034	556610	1
2003036	480472	1
2003039	503221	1
2003042	268747	1
2003043	392671	1
2003045	147643	1
2003051	21843	1
2003052	192883	1
2003053	59456	1
2003054	192015	1
2003055	266138	1
2003061	4414	1
2003062	204142	1
2003066	297119	1
2003069	307845	1
2003071	225677	1
2003072	570122	1
2003075	253030	1
2003077	543184	1
2003080	558131	1
2003082	491049	1
2003083	220559	1
2003086	494167	1
2003088	312147	1
2003092	150847	1
2003093	27493	1
2003095	245640	1
2003098	488954	1
2003099	25509	1
2003100	196920	1
2003102	133072	1
2003103	216789	1
2003108	571362	1
2003109	483588	1
2003110	417558	1
2003111	207437	1
2003112	270645	1
2003115	200611	1
2003119	123037	1
2003121	468424	1
2003122	367880	1
2003128	411000	1
2003129	34358	1
2003131	91774	1
2003132	461943	1
2003134	125160	1
2003135	42870	1
2003139	225235	1
2003141	360773	1
2003142	376439	1
2003143	664	1
2003144	548537	1
2003149	492659	1
2003151	284578	1
2003156	500715	1
2003157	288001	1
2003158	177363	1
2003159	158886	1
2003161	395470	1
2003162	279765	1
2003163	11192	1
2003164	158197	1
2003168	282855	1
2003169	575199	1
2003173	58291	1
2003174	457296	1
2003175	588134	1
2003176	563861	1
2003178	229152	1
2003179	250040	1
2003181	190708	1
2003186	172216	1
2003189	586476	1
2003192	41178	1
2003194	170660	1
2003196	65671	1
2003197	575177	1
2003201	508565	1
2003203	440684	1
2003205	304955	1
2003206	28878	1
2003210	12265	1
2003212	535984	1
2003213	68717	1
2003215	266163	1
2003217	180429	1
2003219	165234	1
2003220	314556	1
2003230	42942	1
2003232	466773	1
2003240	289066	1
2003241	237404	1
2003242	65944	1
2003244	125162	1
2003245	426607	1
2003252	329941	1
2003255	132526	1
2003259	94933	1
2003261	95863	1
2003263	433824	1
2003265	322259	1
2003266	28505	1
2003267	220187	1
2003269	481183	1
2003275	470290	1
2003278	122222	1
2003280	559915	1
2003281	556327	1
2003283	260781	1
2003286	238421	1
2003287	424275	1
2003288	548604	1
2003291	191688	1
2003294	128307	1
2003295	474731	1
2003296	593126	1
2003297	170402	1
2003301	449189	1
2003302	314492	1
2003304	454298	1
2003307	192464	1
2003309	266834	1
2003311	305342	1
2003312	541136	1
2003313	481874	1
2003314	419371	1
2003317	81414	1
2003318	58500	1
2003319	379413	1
2003323	254713	1
2003325	436725	1
2003327	354351	1
2003328	89838	1
2003329	591244	1
2003330	435840	1
2003331	587672	1
2003332	121527	1
2003334	130141	1
2003335	404418	1
2003337	304594	1
2003338	516709	1
2003339	84725	1
2003340	566075	1
2003341	507903	1
2003342	181213	1
2003343	226303	1
2003344	690	1
2003346	417642	1
2003348	48599	1
2003355	443407	1
2003356	25733	1
2003359	128614	1
2003360	311578	1
2003361	563283	1
2003364	431637	1
2003366	198895	1
2003368	488850	1
2003369	104879	1
2003374	179726	1
2003375	85463	1
2003378	453956	1
2003380	483644	1
2003381	587729	1
2003382	38882	1
2003384	431365	1
2003385	162767	1
2003387	348442	1
2003388	511097	1
2003390	233795	1
2003391	72744	1
2003392	143499	1
2003394	13220	1
2003398	542305	1
2003401	446803	1
2003403	511971	1
2003405	377774	1
2003406	70931	1
2003407	66380	1
2003408	113134	1
2003409	96183	1
2003414	288575	1
2003415	562333	1
2003417	284538	1
2003419	172954	1
2003420	251825	1
2003422	127215	1
2003423	506401	1
2003424	303718	1
2003427	395111	1
2003430	535167	1
2003433	30590	1
2003438	61575	1
2003440	492428	1
2003443	211398	1
2003444	68047	1
2003445	253767	1
2003446	163543	1
2003447	495465	1
2003451	97734	1
2003452	395128	1
2003453	104834	1
2003455	595500	1
2003456	81668	1
2003458	544869	1
2003462	72132	1
2003465	256556	1
2003466	62669	1
2003467	338124	1
2003468	365364	1
2003470	154610	1
2003473	463892	1
2003475	388076	1
2003478	301323	1
2003480	509261	1
2003481	292061	1
2003484	384642	1
2003486	413286	1
2003487	451721	1
2003488	528455	1
2003489	491844	1
2003492	21136	1
2003493	453319	1
2003496	223840	1
2003498	287339	1
2003501	242563	1
2003502	143770	1
2003504	555364	1
2003505	481226	1
2003506	251140	1
2003507	367924	1
2003512	46469	1
2003513	31550	1
2003514	303613	1
2003515	214910	1
2003516	462237	1
2003517	149170	1
2003520	257080	1
2003521	565972	1
2003522	82157	1
2003523	562231	1
2003525	131569	1
2003528	20875	1
2003530	184380	1
2003531	558960	1
2003532	27201	1
2003533	380548	1
2003534	331176	1
2003538	269069	1
2003540	233352	1
2003542	505630	1
2003547	432680	1
2003549	457135	1
2003553	391737	1
2003555	128451	1
2003558	216307	1
2003559	10882	1
2003561	206954	1
2003564	119223	1
2003567	212142	1
2003568	406579	1
2003571	119428	1
2003572	493195	1
2003578	531263	1
2003579	578954	1
2003580	214908	1
2003581	493652	1
2003583	260956	1
2003585	103526	1
2003587	513260	1
2003591	372296	1
2003592	344184	1
2003593	524651	1
2003595	363378	1
2003597	153688	1
2003600	18519	1
2003602	249788	1
2003604	291507	1
2003605	360193	1
2003607	201125	1
2003611	148674	1
2003612	245650	1
2003613	514231	1
2003614	433741	1
2003615	522089	1
2003616	150252	1
2003617	172590	1
2003619	91460	1
2003622	531647	1
2003625	10948	1
2003626	195267	1
2003630	264258	1
2003632	269425	1
2003633	86895	1
2003635	384421	1
2003636	144748	1
2003638	143088	1
2003639	413256	1
2003641	569485	1
2003644	471204	1
2003648	587787	1
2003651	284021	1
2003652	417868	1
2003654	305520	1
2003657	358581	1
2003659	363158	1
2003660	168908	1
2003664	116716	1
2003666	297059	1
2003668	81622	1
2003670	543584	1
2003671	226263	1
2003672	225894	1
2003674	290368	1
2003678	258736	1
2003679	369209	1
2003680	545153	1
2003686	413358	1
2003689	457352	1
2003690	30240	1
2003691	437820	1
2003692	538603	1
2003693	198937	1
2003694	56206	1
2003696	547126	1
2003697	453181	1
2003699	170904	1
2003700	37961	1
2003701	210273	1
2003705	205671	1
2003706	155281	1
2003709	406215	1
2003710	393011	1
2003717	79684	1
2003718	291445	1
2003722	572269	1
2003723	160071	1
2003729	486354	1
2003731	505020	1
2003732	259656	1
2003733	547114	1
2003737	27273	1
2003739	539226	1
2003740	597333	1
2003742	257443	1
2003743	219910	1
2003747	108359	1
2003748	55962	1
2003749	303720	1
2003750	28674	1
2003751	257374	1
2003752	202527	1
2003755	501891	1
2003757	246550	1
2003758	285998	1
2003759	120119	1
2003765	105383	1
2003766	354255	1
2003768	448453	1
2003771	80900	1
2003773	577616	1
2003776	271154	1
2003782	96211	1
2003787	250354	1
2003789	488288	1
2003790	443426	1
2003793	68552	1
2003794	64984	1
2003795	251263	1
2003798	122455	1
2003799	220137	1
2003802	588639	1
2003805	54120	1
2003807	397763	1
2003809	414087	1
2003810	587227	1
2003815	332858	1
2003816	315260	1
2003817	230564	1
2003818	66943	1
2003819	241730	1
2003820	571744	1
2003823	175819	1
2003824	436408	1
2003825	482125	1
2003826	72159	1
2003828	317342	1
2003831	99449	1
2003832	23885	1
2003834	352332	1
2003835	549338	1
2003836	62149	1
2003837	540912	1
2003843	138124	1
2003844	478890	1
2003845	586448	1
2003846	229068	1
2003848	399323	1
2003849	417586	1
2003850	585466	1
2003852	10093	1
2003853	418516	1
2003857	160887	1
2003858	1562	1
2003859	592191	1
2003860	537611	1
2003864	504452	1
2003867	202314	1
2003868	475263	1
2003870	191070	1
2003875	399826	1
2003876	137021	1
2003878	505287	1
2003880	107504	1
2003882	52593	1
2003883	138300	1
2003885	211386	1
2003886	161160	1
2003887	427270	1
2003888	150206	1
2003889	490326	1
2003890	500655	1
2003891	26207	1
2003892	548870	1
2003893	492717	1
2003894	544840	1
2003895	347448	1
2003897	372691	1
2003899	141627	1
2003902	33868	1
2003904	284651	1
2003905	362806	1
2003907	166844	1
2003908	78312	1
2003909	371116	1
2003910	1167	1
2003911	235855	1
2003912	479718	1
2003913	578565	1
2003914	554465	1
2003916	400568	1
2003919	303041	1
2003923	448846	1
2003925	116446	1
2003928	213646	1
2003929	479050	1
2003931	160752	1
2003932	522435	1
2003936	507473	1
2003941	40729	1
2003943	451993	1
2003947	225948	1
2003949	83112	1
2003954	28155	1
2003958	549767	1
2003959	182884	1
2003960	457529	1
2003961	174596	1
2003962	438440	1
2003963	142827	1
2003968	599108	1
2003970	504028	1
2003971	376399	1
2003975	307605	1
2003977	416356	1
2003978	151308	1
2003979	373067	1
2003985	45462	1
2003986	222771	1
2003987	342073	1
2003990	107771	1
2003991	220264	1
2003997	241930	1
2003998	194654	1
2003999	507713	1
2004002	21907	1
2004003	578955	1
2004007	140746	1
2004008	125862	1
2004011	457118	1
2004013	132089	1
2004017	569633	1
2004018	460591	1
2004019	571767	1
2004027	507871	1
2004028	157167	1
2004029	487525	1
2004031	361180	1
2004032	427579	1
2004033	523416	1
2004034	367170	1
2004037	586795	1
2004040	265453	1
2004043	353917	1
2004044	223042	1
2004047	428851	1
2004055	418181	1
2004056	476699	1
2004057	143351	1
2004065	237416	1
2004067	592661	1
2004068	359165	1
2004069	171615	1
2004070	288851	1
2004072	462333	1
2004074	135197	1
2004077	308916	1
2004082	141213	1
2004083	374935	1
2004085	464625	1
2004086	288126	1
2004087	192698	1
2004089	165606	1
2004092	598448	1
2004094	304593	1
2004098	100579	1
2004099	222061	1
2004101	400624	1
2004102	132894	1
2004103	110159	1
2004104	48949	1
2004105	148576	1
2004108	357659	1
2004111	214588	1
2004114	303259	1
2004115	507867	1
2004118	497643	1
2004119	129195	1
2004120	495574	1
2004121	197863	1
2004122	60037	1
2004123	490505	1
2004124	182111	1
2004126	221499	1
2004127	318479	1
2004129	441616	1
2004130	205992	1
2004133	2241	1
2004135	158216	1
2004136	202749	1
2004137	98743	1
2004138	401004	1
2004139	447068	1
2004140	46511	1
2004141	427589	1
2004142	201903	1
2004145	2723	1
2004146	265832	1
2004147	567820	1
2004148	197049	1
2004158	487253	1
2004160	210011	1
2004163	409960	1
2004169	223579	1
2004171	563842	1
2004182	475663	1
2004183	487079	1
2004184	111071	1
2004185	427311	1
2004187	204686	1
2004188	443092	1
2004192	474815	1
2004193	257646	1
2004194	325956	1
2004196	407908	1
2004197	388074	1
2004198	201863	1
2004203	19295	1
2004207	562399	1
2004208	314540	1
2004209	339520	1
2004212	26652	1
2004216	141894	1
2004217	65308	1
2004220	271450	1
2004227	520114	1
2004229	365053	1
2004233	437733	1
2004234	399394	1
2004236	195203	1
2004239	589932	1
2004240	1982	1
2004241	203973	1
2004242	328015	1
2004243	247002	1
2004244	253450	1
2004245	117548	1
2004249	384168	1
2004252	507428	1
2004253	182327	1
2004254	142866	1
2004255	235010	1
2004256	376823	1
2004257	538816	1
2004258	546985	1
2004264	505608	1
2004267	529413	1
2004270	565165	1
2004277	113033	1
2004282	128983	1
2004290	478987	1
2004291	385757	1
2004292	354188	1
2004293	153720	1
2004294	15663	1
2004298	177748	1
2004301	499289	1
2004304	291732	1
2004306	178752	1
2004307	90781	1
2004308	379111	1
2004310	86337	1
2004311	238540	1
2004312	315684	1
2004313	395858	1
2004314	325342	1
2004316	409625	1
2004317	380254	1
2004319	491670	1
2004320	597661	1
2004324	501979	1
2004325	267121	1
2004331	222260	1
2004332	167778	1
2004334	193652	1
2004335	554516	1
2004336	583638	1
2004337	181007	1
2004338	525132	1
2004339	569164	1
2004341	559150	1
2004343	361028	1
2004345	75666	1
2004346	502353	1
2004351	16392	1
2004354	296817	1
2004356	29397	1
2004357	593153	1
2004359	89564	1
2004363	415419	1
2004365	278624	1
2004368	125669	1
2004371	158364	1
2004373	464242	1
2004374	122098	1
2004375	295988	1
2004377	304504	1
2004381	546841	1
2004382	556022	1
2004383	501865	1
2004385	260264	1
2004388	387175	1
2004390	385879	1
2004394	502832	1
2004395	379840	1
2004396	363097	1
2004397	379530	1
2004398	140958	1
2004402	266176	1
2004403	568042	1
2004404	112342	1
2004406	259730	1
2004408	357520	1
2004410	529835	1
2004411	518500	1
2004412	316873	1
2004417	481091	1
2004418	370657	1
2004422	588571	1
2004425	422091	1
2004426	546198	1
2004427	56751	1
2004428	128900	1
2004429	419945	1
2004430	377166	1
2004438	47859	1
2004442	114450	1
2004444	376198	1
2004445	406846	1
2004446	156021	1
2004447	539536	1
2004448	467773	1
2004450	133805	1
2004452	275785	1
2004454	160568	1
2004455	87231	1
2004456	345758	1
2004457	478015	1
2004463	240323	1
2004465	482857	1
2004467	219550	1
2004469	348532	1
2004470	589389	1
2004474	84740	1
2004478	137228	1
2004479	433169	1
2004482	402051	1
2004483	592094	1
2004484	12212	1
2004486	566634	1
2004487	71186	1
2004491	247975	1
2004493	246621	1
2004495	419281	1
2004497	572214	1
2004499	266111	1
2004500	302386	1
2004501	482174	1
2004503	153945	1
2004505	394429	1
2004506	169581	1
2004507	468981	1
2004510	180115	1
2004512	367267	1
2004513	173160	1
2004515	367863	1
2004516	10174	1
2004517	24640	1
2004518	400133	1
2004519	24912	1
2004520	16096	1
2004522	36135	1
2004523	365091	1
2004527	48834	1
2004528	594940	1
2004529	273753	1
2004530	64578	1
2004531	552089	1
2004532	487473	1
2004534	175868	1
2004535	283629	1
2004537	133525	1
2004539	477860	1
2004540	164877	1
2004544	553643	1
2004547	192675	1
2004549	582443	1
2004550	276617	1
2004551	234114	1
2004552	244303	1
2004555	458406	1
2004556	334275	1
2004562	190780	1
2004563	122050	1
2004564	192721	1
2004565	130126	1
2004566	66566	1
2004567	517121	1
2004570	388145	1
2004571	141253	1
2004572	318055	1
2004575	289895	1
2004577	354857	1
2004584	170942	1
2004585	434799	1
2004586	566720	1
2004592	17467	1
2004593	223029	1
2004594	298810	1
2004595	352646	1
2004598	353018	1
2004600	39376	1
2004602	23609	1
2004603	474842	1
2004605	391277	1
2004607	128546	1
2004610	458361	1
2004613	390368	1
2004614	506146	1
2004615	88652	1
2004616	475580	1
2004618	53102	1
2004619	278365	1
2004620	364700	1
2004623	141857	1
2004627	93889	1
2004628	589131	1
2004629	185732	1
2004636	344799	1
2004638	397369	1
2004639	272914	1
2004640	46795	1
2004645	130046	1
2004647	162440	1
2004648	4845	1
2004649	366307	1
2004651	564830	1
2004652	164982	1
2004653	326440	1
2004657	102953	1
2004660	122341	1
2004661	310639	1
2004664	206375	1
2004666	172667	1
2004668	592578	1
2004672	66198	1
2004673	538527	1
2004674	53945	1
2004675	397186	1
2004676	37561	1
2004678	37911	1
2004682	133742	1
2004688	138151	1
2004693	547897	1
2004694	374237	1
2004695	588484	1
2004696	23115	1
2004697	285888	1
2004704	572681	1
2004708	574206	1
2004709	291036	1
2004710	261668	1
2004711	371105	1
2004713	542502	1
2004715	116170	1
2004717	38066	1
2004719	211869	1
2004723	577285	1
2004724	18702	1
2004725	403158	1
2004726	194181	1
2004728	325682	1
2004729	592535	1
2004730	399274	1
2004731	224628	1
2004732	194093	1
2004733	484979	1
2004736	128081	1
2004737	216678	1
2004741	501820	1
2004743	55695	1
2004744	31185	1
2004745	305963	1
2004746	274031	1
2004747	10374	1
2004748	252182	1
2004749	276313	1
2004753	368150	1
2004755	5239	1
2004757	156894	1
2004762	455190	1
2004764	221125	1
2004765	67813	1
2004767	426866	1
2004768	217890	1
2004769	468058	1
2004770	169399	1
2004771	488337	1
2004772	59979	1
2004776	229221	1
2004777	126079	1
2004779	434574	1
2004781	309866	1
2004782	200448	1
2004784	356816	1
2004786	466678	1
2004789	295093	1
2004792	413438	1
2004795	111718	1
2004796	524267	1
2004797	146222	1
2004800	98108	1
2004802	324320	1
2004804	389772	1
2004805	17380	1
2004811	546864	1
2004812	429346	1
2004813	14851	1
2004816	237819	1
2004817	184022	1
2004820	279519	1
2004821	100599	1
2004822	55625	1
2004828	132120	1
2004830	271646	1
2004831	178023	1
2004835	282895	1
2004836	50126	1
2004837	512381	1
2004839	319737	1
2004842	127890	1
2004843	538199	1
2004846	166064	1
2004851	104269	1
2004853	116044	1
2004854	107849	1
2004855	475603	1
2004857	289876	1
2004859	361010	1
2004860	439513	1
2004861	60954	1
2004862	295495	1
2004863	134978	1
2004866	337186	1
2004870	475724	1
2004871	518181	1
2004874	439593	1
2004880	397190	1
2004888	435160	1
2004889	531069	1
2004890	3628	1
2004892	49059	1
2004893	496060	1
2004894	272308	1
2004895	584115	1
2004898	8163	1
2004899	461377	1
2004902	366327	1
2004904	470126	1
2004906	182057	1
2004908	540685	1
2004909	510441	1
2004910	404217	1
2004915	70697	1
2004916	144521	1
2004917	474560	1
2004918	334213	1
2004919	380635	1
2004920	104389	1
2004923	357488	1
2004927	202074	1
2004931	203919	1
2004933	261931	1
2004935	286825	1
2004936	401272	1
2004939	350692	1
2004940	251628	1
2004943	145630	1
2004945	116599	1
2004947	96409	1
2004950	576951	1
2004952	276871	1
2004958	595092	1
2004959	106374	1
2004960	433175	1
2004961	122768	1
2004963	595098	1
2004965	589487	1
2004967	572951	1
2004969	462020	1
2004970	28254	1
2004971	356480	1
2004972	102388	1
2004974	229498	1
2004977	132075	1
2004978	463182	1
2004979	92838	1
2004981	522411	1
2004983	439064	1
2004986	104485	1
2004988	252693	1
2004990	314088	1
2004996	175981	1
2004998	60293	1
2004999	274846	1
2005002	368789	1
2005003	493469	1
2005006	148948	1
2005010	6047	1
2005012	75097	1
2005013	331953	1
2005017	50346	1
2005019	137154	1
2005021	89934	1
2005024	510617	1
2005027	397527	1
2005032	456799	1
2005033	92795	1
2005037	397832	1
2005041	391657	1
2005044	482992	1
2005046	477165	1
2005048	532998	1
2005056	487435	1
2005059	528186	1
2005061	307593	1
2005062	208596	1
2005065	241469	1
2005067	47289	1
2005069	364800	1
2005071	120785	1
2005072	408906	1
2005074	237955	1
2005075	84036	1
2005076	577298	1
2005077	443397	1
2005078	436488	1
2005079	523622	1
2005080	235823	1
2005083	354718	1
2005088	83193	1
2005090	428980	1
2005091	409434	1
2005093	289177	1
2005096	246991	1
2005098	550890	1
2005100	113387	1
2005102	38720	1
2005104	295786	1
2005106	162159	1
2005109	537005	1
2005110	373043	1
2005111	301332	1
2005115	25425	1
2005118	205171	1
2005119	314289	1
2005121	556698	1
2005122	217581	1
2005124	150222	1
2005126	539805	1
2005128	490869	1
2005132	117232	1
2005133	136131	1
2005134	590578	1
2005135	5948	1
2005136	103316	1
2005138	202660	1
2005144	217068	1
2005146	586853	1
2005149	468743	1
2005151	570115	1
2005153	373180	1
2005156	96423	1
2005158	362109	1
2005159	286041	1
2005166	217785	1
2005167	51533	1
2005169	203683	1
2005170	493252	1
2005171	371012	1
2005173	19845	1
2005174	89318	1
2005177	112153	1
2005180	440527	1
2005181	23480	1
2005184	515808	1
2005185	115843	1
2005187	349733	1
2005188	422879	1
2005189	580555	1
2005192	406204	1
2005193	16067	1
2005195	277105	1
2005196	551908	1
2005198	563238	1
2005200	254405	1
2005201	51191	1
2005203	331474	1
2005204	101867	1
2005205	199633	1
2005206	3022	1
2005207	420077	1
2005208	315620	1
2005214	94497	1
2005215	359304	1
2005217	457168	1
2005218	535918	1
2005222	467251	1
2005223	121253	1
2005226	438585	1
2005228	216296	1
2005229	64459	1
2005231	522579	1
2005240	332837	1
2005242	451912	1
2005245	156050	1
2005250	463042	1
2005253	496934	1
2005255	97805	1
2005259	47276	1
2005260	451432	1
2005261	169397	1
2005262	163480	1
2005269	567849	1
2005270	235082	1
2005272	400412	1
2005273	19501	1
2005275	337260	1
2005276	403103	1
2005278	352869	1
2005282	194634	1
2005284	299703	1
2005290	342144	1
2005291	422579	1
2005293	29295	1
2005296	293945	1
2005301	276397	1
2005302	571172	1
2005304	82664	1
2005305	134055	1
2005306	32070	1
2005307	487333	1
2005308	556061	1
2005310	245614	1
2005311	241781	1
2005315	424828	1
2005317	287641	1
2005319	38438	1
2005320	53065	1
2005321	74992	1
2005322	461700	1
2005324	513276	1
2005326	494935	1
2005327	428941	1
2005328	248474	1
2005333	443879	1
2005334	322986	1
2005338	149954	1
2005339	276484	1
2005340	271459	1
2005341	151506	1
2005342	577379	1
2005344	592663	1
2005345	525334	1
2005349	358200	1
2005350	407815	1
2005351	451734	1
2005353	49565	1
2005355	189889	1
2005356	52837	1
2005357	306671	1
2005358	311688	1
2005360	228396	1
2005361	525085	1
2005366	285577	1
2005369	256846	1
2005370	466712	1
2005372	150638	1
2005375	98094	1
2005377	182192	1
2005378	386686	1
2005381	164223	1
2005382	216243	1
2005383	199012	1
2005384	150439	1
2005386	346334	1
2005387	252922	1
2005390	329004	1
2005393	389419	1
2005394	85639	1
2005395	324250	1
2005398	223300	1
2005400	446167	1
2005402	156867	1
2005405	250512	1
2005408	594253	1
2005409	474433	1
2005412	422027	1
2005415	472405	1
2005416	588168	1
2005417	1134	1
2005422	507846	1
2005424	597243	1
2005426	551451	1
2005427	150998	1
2005429	377202	1
2005431	567095	1
2005434	57917	1
2005435	252716	1
2005438	392234	1
2005450	332490	1
2005451	583995	1
2005453	193225	1
2005455	521813	1
2005457	179666	1
2005459	427283	1
2005461	109837	1
2005465	256275	1
2005466	416466	1
2005467	455532	1
2005468	583577	1
2005471	284060	1
2005475	424215	1
2005476	18093	1
2005477	1452	1
2005479	118366	1
2005482	250245	1
2005483	141372	1
2005486	588274	1
2005489	236746	1
2005490	499782	1
2005494	491829	1
2005496	560291	1
2005498	224251	1
2005499	462050	1
2005501	362447	1
2005502	305837	1
2005503	586478	1
2005504	355143	1
2005506	198591	1
2005508	479010	1
2005512	443881	1
2005513	575026	1
2005514	418038	1
2005515	538084	1
2005518	15553	1
2005520	408112	1
2005521	87520	1
2005523	219229	1
2005524	331295	1
2005525	31161	1
2005526	73106	1
2005527	223041	1
2005531	169980	1
2005533	456115	1
2005534	462861	1
2005536	132130	1
2005537	277425	1
2005541	27386	1
2005544	480717	1
2005545	290857	1
2005547	320405	1
2005549	218274	1
2005551	466654	1
2005552	491707	1
2005555	291716	1
2005557	100045	1
2005560	455524	1
2005562	182442	1
2005565	327806	1
2005566	154931	1
2005567	343040	1
2005568	570285	1
2005569	485086	1
2005570	112182	1
2005573	272650	1
2005578	434184	1
2005581	394119	1
2005584	397449	1
2005585	469233	1
2005587	422442	1
2005588	339767	1
2005589	100533	1
2005590	147597	1
2005592	598610	1
2005602	430694	1
2005611	453765	1
2005615	117728	1
2005616	3181	1
2005617	159721	1
2005618	96228	1
2005620	240021	1
2005621	497172	1
2005622	240848	1
2005624	114266	1
2005625	78409	1
2005628	314161	1
2005630	470024	1
2005635	101344	1
2005636	518387	1
2005637	221791	1
2005640	361442	1
2005642	502016	1
2005643	406286	1
2005645	408800	1
2005646	186705	1
2005647	127664	1
2005648	139546	1
2005650	568814	1
2005651	257416	1
2005653	244707	1
2005655	62450	1
2005657	141290	1
2005658	324391	1
2005659	293933	1
2005661	363444	1
2005662	499008	1
2005663	400442	1
2005664	320060	1
2005665	229668	1
2005668	494778	1
2005669	1900	1
2005670	253743	1
2005671	515146	1
2005672	118340	1
2005673	284305	1
2005675	283526	1
2005676	457611	1
2005678	465292	1
2005682	564648	1
2005683	44152	1
2005685	521197	1
2005687	376433	1
2005688	588086	1
2005689	421114	1
2005690	50812	1
2005692	197921	1
2005693	247885	1
2005699	249025	1
2005700	310136	1
2005702	586035	1
2005703	33446	1
2005707	194984	1
2005710	128990	1
2005712	527305	1
2005713	456390	1
2005715	127964	1
2005717	65095	1
2005718	564649	1
2005720	57402	1
2005722	373281	1
2005723	55325	1
2005725	506277	1
2005727	401539	1
2005728	56598	1
2005732	461297	1
2005734	461382	1
2005735	566153	1
2005744	291090	1
2005745	594674	1
2005751	445139	1
2005754	242134	1
2005755	291583	1
2005759	506792	1
2005762	231736	1
2005763	307113	1
2005764	169587	1
2005765	471647	1
2005766	22784	1
2005768	194644	1
2005769	226466	1
2005770	416216	1
2005772	273204	1
2005780	65916	1
2005781	593	1
2005784	169142	1
2005786	421301	1
2005787	362972	1
2005788	47685	1
2005789	109915	1
2005791	123114	1
2005793	379201	1
2005796	409718	1
2005797	251146	1
2005798	444716	1
2005799	343477	1
2005801	31104	1
2005804	331700	1
2005805	394912	1
2005807	23340	1
2005809	213418	1
2005810	517669	1
2005811	485233	1
2005813	166431	1
2005816	286023	1
2005817	306558	1
2005818	243317	1
2005820	64904	1
2005827	173076	1
2005834	115423	1
2005836	338273	1
2005838	230670	1
2005843	158083	1
2005844	63853	1
2005847	572490	1
2005849	233545	1
2005850	458229	1
2005851	83655	1
2005853	543942	1
2005855	529731	1
2005857	568834	1
2005858	438032	1
2005859	246844	1
2005860	226071	1
2005861	450659	1
2005865	519644	1
2005866	141170	1
2005867	361742	1
2005869	495165	1
2005871	566459	1
2005872	417607	1
2005873	394210	1
2005876	482407	1
2005877	467642	1
2005878	133017	1
2005879	67320	1
2005882	33429	1
2005888	23741	1
2005890	519450	1
2005891	177458	1
2005892	495832	1
2005893	234542	1
2005894	444910	1
2005904	509346	1
2005905	104002	1
2005909	584582	1
2005910	75628	1
2005911	560292	1
2005913	128258	1
2005915	206881	1
2005916	11479	1
2005917	176924	1
2005921	390693	1
2005923	454160	1
2005925	74629	1
2005926	106721	1
2005927	207884	1
2005928	37134	1
2005929	75358	1
2005931	84117	1
2005935	505611	1
2005936	383331	1
2005939	555851	1
2005941	289762	1
2005943	553450	1
2005944	163817	1
2005945	494791	1
2005946	382098	1
2005947	341493	1
2005948	549703	1
2005949	251376	1
2005951	112821	1
2005952	299266	1
2005954	435033	1
2005956	172035	1
2005963	350961	1
2005966	209188	1
2005969	313172	1
2005971	499257	1
2005972	518539	1
2005974	24113	1
2005976	317252	1
2005977	534261	1
2005978	57338	1
2005979	130631	1
2005981	348189	1
2005983	179223	1
2005986	449143	1
2005994	229727	1
2005995	546364	1
2005999	459298	1
2006000	338987	1
2006001	115020	1
2006003	168715	1
2006004	531357	1
2006005	274863	1
2006007	550588	1
2006009	367562	1
2006012	293843	1
2006016	237582	1
2006019	23431	1
2006023	381322	1
2006024	519830	1
2006026	534550	1
2006028	204965	1
2006029	251914	1
2006033	25325	1
2006034	166563	1
2006035	483334	1
2006036	2456	1
2006037	159901	1
2006038	140610	1
2006041	550835	1
2006042	376613	1
2006043	275677	1
2006045	79364	1
2006046	245972	1
2006047	483342	1
2006048	578241	1
2006049	445554	1
2006053	498454	1
2006055	39194	1
2006056	219526	1
2006058	265486	1
2006060	186623	1
2006063	308178	1
2006064	199517	1
2006065	493519	1
2006067	378834	1
2006068	98656	1
2006069	261407	1
2006070	386025	1
2006072	53131	1
2006073	153786	1
2006077	577505	1
2006079	537323	1
2006084	29276	1
2006086	22605	1
2006089	281675	1
2006090	92014	1
2006093	460932	1
2006095	109684	1
2006098	479911	1
2006099	69965	1
2006101	17186	1
2006103	329099	1
2006104	102260	1
2006106	66653	1
2006107	269655	1
2006108	83556	1
2006110	475700	1
2006123	145789	1
2006125	408045	1
2006126	479387	1
2006134	477613	1
2006136	433500	1
2006139	381370	1
2006140	52028	1
2006143	496935	1
2006144	230003	1
2006145	558457	1
2006146	453087	1
2006148	31098	1
2006150	169503	1
2006156	183934	1
2006157	485807	1
2006158	509498	1
2006159	505854	1
2006163	368663	1
2006165	587398	1
2006176	580261	1
2006179	154924	1
2006183	310489	1
2006184	579604	1
2006192	196080	1
2006193	267776	1
2006194	117519	1
2006198	160623	1
2006203	70560	1
2006204	196365	1
2006206	110761	1
2006209	195228	1
2006210	137317	1
2006211	9416	1
2006215	199868	1
2006216	555595	1
2006217	302564	1
2006219	489790	1
2006221	329637	1
2006222	301586	1
2006224	173688	1
2006225	70078	1
2006226	515225	1
2006227	319403	1
2006228	379736	1
2006229	241371	1
2006232	177046	1
2006237	502249	1
2006238	149348	1
2006240	301171	1
2006241	133013	1
2006245	21903	1
2006249	118007	1
2006251	42221	1
2006252	143972	1
2006253	579655	1
2006254	73374	1
2006259	388823	1
2006260	368368	1
2006261	511498	1
2006262	540701	1
2006268	337075	1
2006269	236441	1
2006275	10831	1
2006278	328248	1
2006279	57954	1
2006282	558370	1
2006288	268330	1
2006289	548414	1
2006292	158744	1
2006293	547198	1
2006294	290508	1
2006295	382754	1
2006296	182055	1
2006297	511570	1
2006300	598378	1
2006301	594585	1
2006303	509136	1
2006304	510565	1
2006306	365220	1
2006307	154266	1
2006308	382991	1
2006309	562194	1
2006317	95775	1
2006319	284920	1
2006320	19364	1
2006321	501038	1
2006322	225230	1
2006323	81394	1
2006327	326290	1
2006328	201261	1
2006331	464677	1
2006336	132167	1
2006339	9554	1
2006342	50054	1
2006344	160875	1
2006348	489179	1
2006352	94154	1
2006354	211012	1
2006355	553380	1
2006356	33608	1
2006361	129550	1
2006365	562378	1
2006368	291079	1
2006372	24277	1
2006373	66117	1
2006376	322752	1
2006380	443336	1
2006381	472533	1
2006382	136453	1
2006384	156874	1
2006391	560184	1
2006392	437194	1
2006395	350972	1
2006398	430333	1
2006399	166630	1
2006400	556116	1
2006402	441847	1
2006404	339119	1
2006406	236299	1
2006407	275852	1
2006408	301062	1
2006410	37422	1
2006416	311600	1
2006417	80520	1
2006418	544451	1
2006419	436360	1
2006422	360628	1
2006423	317028	1
2006425	582429	1
2006427	188988	1
2006428	527894	1
2006430	66644	1
2006433	549364	1
2006435	399804	1
2006438	30563	1
2006439	215776	1
2006440	476659	1
2006442	143329	1
2006443	578880	1
2006444	144991	1
2006445	5861	1
2006446	306589	1
2006448	564983	1
2006449	226691	1
2006457	565296	1
2006459	519231	1
2006460	487576	1
2006462	579546	1
2006463	351180	1
2006464	49671	1
2006466	226287	1
2006467	255283	1
2006468	122265	1
2006471	545844	1
2006475	504089	1
2006476	173082	1
2006477	320729	1
2006484	228089	1
2006485	414325	1
2006486	133986	1
2006487	53868	1
2006488	333855	1
2006490	410325	1
2006491	377753	1
2006492	534654	1
2006494	479649	1
2006498	11927	1
2006502	302782	1
2006503	286387	1
2006504	566956	1
2006506	121797	1
2006507	82760	1
2006512	245005	1
2006517	35379	1
2006518	32097	1
2006519	273169	1
2006524	550525	1
2006525	590833	1
2006527	283294	1
2006529	387854	1
2006530	540800	1
2006534	17998	1
2006536	590728	1
2006537	3789	1
2006539	556174	1
2006541	77550	1
2006544	178081	1
2006546	412071	1
2006551	483648	1
2006552	374809	1
2006553	41938	1
2006554	212426	1
2006555	448443	1
2006556	169517	1
2006558	79513	1
2006562	560713	1
2006566	582881	1
2006567	41944	1
2006568	412065	1
2006569	212091	1
2006570	75893	1
2006571	11965	1
2006572	379408	1
2006573	273447	1
2006575	373389	1
2006579	127955	1
2006585	243249	1
2006591	213712	1
2006592	180722	1
2006594	142592	1
2006597	243207	1
2006600	147121	1
2006601	556005	1
2006605	101129	1
2006606	247334	1
2006609	310151	1
2006610	207140	1
2006611	503456	1
2006616	142599	1
2006617	377402	1
2006618	519878	1
2006621	532087	1
2006622	471889	1
2006624	49624	1
2006625	453955	1
2006627	375019	1
2006629	499604	1
2006631	288960	1
2006633	485801	1
2006635	572393	1
2006636	378154	1
2006638	113961	1
2006639	323064	1
2006640	108875	1
2006641	41403	1
2006645	68406	1
2006648	463954	1
2006649	339918	1
2006650	397689	1
2006659	206597	1
2006660	311136	1
2006662	25081	1
2006665	536063	1
2006666	145434	1
2006667	454734	1
2006668	184506	1
2006669	513981	1
2006674	218257	1
2006678	449029	1
2006679	139673	1
2006681	229242	1
2006682	266074	1
2006684	331036	1
2006686	272622	1
2006687	106281	1
2006692	578184	1
2006698	121293	1
2006699	500581	1
2006700	521418	1
2006701	166556	1
2006704	6569	1
2006705	492286	1
2006706	587800	1
2006709	209778	1
2006710	40400	1
2006712	168890	1
2006713	503846	1
2006716	66452	1
2006717	90189	1
2006718	291717	1
2006719	480213	1
2006720	198560	1
2006722	523094	1
2006724	412242	1
2006725	460286	1
2006726	311318	1
2006729	384371	1
2006730	435358	1
2006731	174251	1
2006732	368044	1
2006733	439295	1
2006735	487255	1
2006737	436924	1
2006738	174424	1
2006740	104160	1
2006743	283713	1
2006748	589935	1
2006749	554422	1
2006752	310548	1
2006753	29386	1
2006754	493158	1
2006759	341256	1
2006760	103618	1
2006762	575276	1
2006763	296840	1
2006766	145999	1
2006768	243633	1
2006769	524271	1
2006771	572626	1
2006772	494272	1
2006774	413240	1
2006775	431629	1
2006776	41112	1
2006778	174818	1
2006779	555124	1
2006780	123659	1
2006781	285176	1
2006783	406477	1
2006784	442853	1
2006785	196156	1
2006791	162956	1
2006792	71329	1
2006793	139381	1
2006794	515190	1
2006800	564005	1
2006803	394120	1
2006806	307755	1
2006808	326143	1
2006809	473404	1
2006810	527287	1
2006811	262300	1
2006812	304020	1
2006817	580056	1
2006818	305305	1
2006819	440477	1
2006820	238136	1
2006823	132953	1
2006825	288937	1
2006828	476355	1
2006829	482884	1
2006831	43359	1
2006832	418886	1
2006835	510760	1
2006837	115405	1
2006839	502048	1
2006840	40380	1
2006841	48267	1
2006842	101636	1
2006843	489267	1
2006849	289151	1
2006851	281291	1
2006852	438913	1
2006855	327582	1
2006857	289700	1
2006858	290646	1
2006859	116958	1
2006860	34818	1
2006861	121169	1
2006863	536394	1
2006865	328375	1
2006866	433900	1
2006868	78520	1
2006870	195817	1
2006873	428179	1
2006875	303931	1
2006876	110297	1
2006880	575287	1
2006882	156063	1
2006883	53820	1
2006884	534712	1
2006885	545035	1
2006886	27227	1
2006887	403948	1
2006888	284746	1
2006889	345389	1
2006891	156023	1
2006893	394093	1
2006897	16348	1
2006900	451622	1
2006901	324665	1
2006902	456387	1
2006909	154650	1
2006910	522481	1
2006911	278008	1
2006913	394928	1
2006916	299013	1
2006921	865	1
2006923	299868	1
2006924	235525	1
2006925	256227	1
2006927	579260	1
2006929	74731	1
2006930	589718	1
2006931	434326	1
2006933	8060	1
2006934	120544	1
2006935	147663	1
2006938	154768	1
2006941	437142	1
2006942	75725	1
2006943	466661	1
2006944	318756	1
2006946	233546	1
2006947	110429	1
2006948	161727	1
2006949	456669	1
2006957	342972	1
2006959	2929	1
2006960	53568	1
2006962	397652	1
2006963	559260	1
2006964	285789	1
2006965	21132	1
2006967	442053	1
2006971	67761	1
2006973	485776	1
2006975	351954	1
2006977	349403	1
2006978	184977	1
2006979	220778	1
2006985	459932	1
2006986	435715	1
2006988	288568	1
2006992	286267	1
2006994	427672	1
2006995	311349	1
2006997	155876	1
2006999	368026	1
2007001	296572	1
2007003	137573	1
2007005	462075	1
2007006	211655	1
2007010	341085	1
2007013	417297	1
2007014	502898	1
2007018	361783	1
2007022	149742	1
2007023	544357	1
2007025	518675	1
2007026	376221	1
2007027	595293	1
2007029	391428	1
2007032	315244	1
2007035	88495	1
2007041	466303	1
2007042	472243	1
2007043	431583	1
2007044	238160	1
2007045	180315	1
2007048	165981	1
2007049	461853	1
2007054	308917	1
2007056	184513	1
2007061	363707	1
2007062	545462	1
2007064	143060	1
2007068	229625	1
2007070	455880	1
2007074	367745	1
2007077	366209	1
2007078	96329	1
2007080	65736	1
2007081	457583	1
2007084	80640	1
2007085	46062	1
2007087	105038	1
2007091	133286	1
2007096	89561	1
2007101	405382	1
2007105	536094	1
2007107	351251	1
2007108	137185	1
2007109	215871	1
2007110	75293	1
2007115	138033	1
2007117	424766	1
2007118	354896	1
2007119	329938	1
2007121	76559	1
2007122	450885	1
2007123	459275	1
2007124	411851	1
2007126	217205	1
2007127	102727	1
2007131	43050	1
2007132	137406	1
2007135	415811	1
2007136	300331	1
2007137	139802	1
2007138	505187	1
2007141	50444	1
2007143	108331	1
2007144	527592	1
2007145	9143	1
2007147	285913	1
2007149	163198	1
2007150	541189	1
2007151	218141	1
2007158	416027	1
2007159	188145	1
2007160	563729	1
2007161	487864	1
2007163	383686	1
2007169	2903	1
2007170	406958	1
2007171	543563	1
2007175	238587	1
2007176	306306	1
2007177	498092	1
2007178	385529	1
2007186	81363	1
2007187	141668	1
2007188	13582	1
2007189	383198	1
2007192	327345	1
2007193	428107	1
2007194	383954	1
2007198	384696	1
2007199	316742	1
2007200	412921	1
2007202	207339	1
2007203	503818	1
2007207	403314	1
2007209	94528	1
2007210	8959	1
2007213	425512	1
2007215	312104	1
2007216	566607	1
2007218	207928	1
2007219	185739	1
2007221	25933	1
2007223	104512	1
2007230	57373	1
2007232	498728	1
2007236	332316	1
2007240	403271	1
2007242	166900	1
2007243	586010	1
2007244	414684	1
2007245	224314	1
2007246	57508	1
2007247	568301	1
2007251	40858	1
2007253	183237	1
2007254	229911	1
2007257	188446	1
2007261	3644	1
2007263	160430	1
2007265	596600	1
2007266	121822	1
2007267	64518	1
2007269	57377	1
2007270	590973	1
2007275	142242	1
2007276	469423	1
2007279	199701	1
2007284	215633	1
2007286	134441	1
2007287	92157	1
2007288	302560	1
2007290	125387	1
2007291	262594	1
2007297	402730	1
2007298	352673	1
2007299	144158	1
2007300	255924	1
2007301	571294	1
2007302	409540	1
2007309	327001	1
2007310	575469	1
2007311	554262	1
2007312	257262	1
2007313	463428	1
2007314	112442	1
2007316	500914	1
2007317	494570	1
2007318	113664	1
2007319	397324	1
2007321	373982	1
2007322	346404	1
2007324	75642	1
2007325	230825	1
2007326	127216	1
2007329	534603	1
2007330	84848	1
2007331	349824	1
2007333	532483	1
2007336	458903	1
2007337	579097	1
2007340	456807	1
2007352	96440	1
2007353	290270	1
2007354	242195	1
2007355	494439	1
2007356	489554	1
2007358	208209	1
2007360	180821	1
2007363	414868	1
2007365	112669	1
2007366	491183	1
2007367	388031	1
2007368	337099	1
2007370	358609	1
2007372	22793	1
2007373	94957	1
2007380	269620	1
2007381	579798	1
2007383	126700	1
2007384	128093	1
2007386	460725	1
2007390	67919	1
2007391	400845	1
2007395	321666	1
2007397	449428	1
2007399	365438	1
2007401	58120	1
2007402	55960	1
2007403	426766	1
2007405	480051	1
2007407	102593	1
2007412	246738	1
2007414	66237	1
2007415	16576	1
2007416	586984	1
2007417	346695	1
2007419	111330	1
2007422	22834	1
2007423	246896	1
2007426	420058	1
2007427	40888	1
2007431	173517	1
2007434	436102	1
2007437	295223	1
2007439	51385	1
2007444	447571	1
2007446	279044	1
2007452	498151	1
2007460	376781	1
2007461	525778	1
2007464	106960	1
2007466	314591	1
2007468	537057	1
2007469	64204	1
2007470	329899	1
2007474	400665	1
2007477	568868	1
2007478	547757	1
2007481	433450	1
2007482	219949	1
2007484	476829	1
2007486	149188	1
2007487	229838	1
2007490	146023	1
2007493	293851	1
2007494	511535	1
2007495	183814	1
2007501	217258	1
2007507	527320	1
2007508	369005	1
2007509	499715	1
2007511	395693	1
2007513	69407	1
2007515	572242	1
2007516	598428	1
2007518	297285	1
2007520	526743	1
2007521	480187	1
2007522	136879	1
2007525	573158	1
2007533	497469	1
2007534	493838	1
2007535	368183	1
2007536	256889	1
2007537	4541	1
2007539	130641	1
2007540	135940	1
2007542	110076	1
2007546	483617	1
2007548	365056	1
2007550	521424	1
2007551	123911	1
2007552	97796	1
2007553	501139	1
2007557	538928	1
2007558	239612	1
2007559	513916	1
2007561	81284	1
2007563	257116	1
2007565	230044	1
2007566	284007	1
2007572	456033	1
2007573	222391	1
2007574	549014	1
2007577	116181	1
2007580	289010	1
2007581	551848	1
2007582	316250	1
2007588	168137	1
2007589	23236	1
2007593	414870	1
2007596	518794	1
2007598	15994	1
2007599	382631	1
2007600	314607	1
2007607	518562	1
2007611	154008	1
2007612	225829	1
2007613	233687	1
2007616	406472	1
2007620	523925	1
2007624	282934	1
2007628	186389	1
2007633	539887	1
2007636	375752	1
2007639	507672	1
2007641	267206	1
2007644	356743	1
2007645	562671	1
2007649	237037	1
2007650	514743	1
2007651	547297	1
2007654	335889	1
2007656	533745	1
2007658	474804	1
2007659	19862	1
2007660	381937	1
2007661	339028	1
2007662	13672	1
2007664	114549	1
2007665	37964	1
2007669	324338	1
2007672	136239	1
2007674	87202	1
2007681	107342	1
2007684	52341	1
2007685	426472	1
2007689	348781	1
2007691	505953	1
2007692	82360	1
2007693	394195	1
2007698	93323	1
2007699	486178	1
2007701	537711	1
2007702	166818	1
2007704	371181	1
2007706	411551	1
2007707	76022	1
2007708	275532	1
2007711	487452	1
2007715	182358	1
2007716	25835	1
2007717	167088	1
2007719	279718	1
2007721	242843	1
2007724	389094	1
2007725	519088	1
2007726	379303	1
2007730	584140	1
2007732	385236	1
2007733	11330	1
2007735	229582	1
2007736	160625	1
2007737	111439	1
2007739	67511	1
2007740	519227	1
2007743	562927	1
2007744	467878	1
2007746	75735	1
2007747	35011	1
2007748	475577	1
2007751	18362	1
2007753	11237	1
2007755	429568	1
2007759	229640	1
2007761	232075	1
2007762	579427	1
2007765	41807	1
2007766	536844	1
2007767	535257	1
2007769	401074	1
2007770	325332	1
2007771	412183	1
2007780	567380	1
2007781	155727	1
2007783	241866	1
2007784	359955	1
2007789	250318	1
2007790	260889	1
2007791	332039	1
2007792	383252	1
2007794	271127	1
2007796	174674	1
2007797	445339	1
2007799	407042	1
2007800	153752	1
2007801	230626	1
2007802	223172	1
2007804	444543	1
2007806	366074	1
2007808	91039	1
2007811	107496	1
2007814	333034	1
2007815	386691	1
2007816	441408	1
2007817	426215	1
2007819	472020	1
2007820	497651	1
2007826	549232	1
2007828	314219	1
2007830	588990	1
2007833	71143	1
2007835	463429	1
2007836	15330	1
2007837	574366	1
2007838	219478	1
2007839	277933	1
2007840	571232	1
2007842	488081	1
2007843	321969	1
2007846	421017	1
2007852	239514	1
2007853	499470	1
2007855	109468	1
2007859	520670	1
2007861	109754	1
2007862	4416	1
2007863	265142	1
2007867	495662	1
2007869	165692	1
2007872	374789	1
2007873	322514	1
2007874	202485	1
2007875	398792	1
2007876	150741	1
2007881	290525	1
2007883	260198	1
2007884	307524	1
2007886	169370	1
2007888	422468	1
2007889	82457	1
2007892	438797	1
2007895	519961	1
2007896	208015	1
2007897	20880	1
2007898	399760	1
2007899	587434	1
2007900	376209	1
2007903	185146	1
2007904	587619	1
2007906	365568	1
2007908	111727	1
2007909	524480	1
2007911	192576	1
2007912	464633	1
2007915	393510	1
2007919	349776	1
2007920	317073	1
2007924	377575	1
2007926	319785	1
2007928	377831	1
2007930	550664	1
2007933	66901	1
2007934	431300	1
2007935	394715	1
2007936	42097	1
2007937	575627	1
2007940	421068	1
2007941	314430	1
2007945	99793	1
2007946	133923	1
2007947	60540	1
2007952	33576	1
2007953	335686	1
2007957	488004	1
2007958	382386	1
2007960	304941	1
2007963	591772	1
2007964	11096	1
2007966	369863	1
2007968	139689	1
2007969	92245	1
2007971	210983	1
2007972	526268	1
2007973	189439	1
2007975	556248	1
2007976	166826	1
2007978	493746	1
2007979	73100	1
2007980	41176	1
2007981	74636	1
2007985	433659	1
2007987	402982	1
2007988	128165	1
2007989	3939	1
2007991	207657	1
2007995	258613	1
2007996	369365	1
2007998	586633	1
2007999	592071	1
2008001	516957	1
2008006	477849	1
2008013	222383	1
2008014	330	1
2008016	502781	1
2008021	4180	1
2008022	85003	1
2008024	2818	1
2008027	406963	1
2008029	597503	1
2008032	594478	1
2008035	402770	1
2008036	178306	1
2008037	242707	1
2008038	215823	1
2008039	412446	1
2008040	516076	1
2008046	36074	1
2008047	578382	1
2008049	241992	1
2008052	316567	1
2008053	501690	1
2008055	67393	1
2008058	500568	1
2008061	575210	1
2008063	527407	1
2008065	15239	1
2008066	281732	1
2008067	141785	1
2008068	115947	1
2008069	378337	1
2008074	255947	1
2008075	47414	1
2008076	4790	1
2008079	353520	1
2008080	171983	1
2008082	191375	1
2008084	139654	1
2008090	569958	1
2008092	309561	1
2008096	410259	1
2008097	49273	1
2008103	557237	1
2008104	101813	1
2008105	516678	1
2008106	60090	1
2008107	482824	1
2008110	518266	1
2008111	295309	1
2008112	13832	1
2008113	576865	1
2008116	435919	1
2008117	152216	1
2008121	475916	1
2008125	317392	1
2008127	231578	1
2008130	59075	1
2008131	470872	1
2008132	453035	1
2008133	161332	1
2008135	593238	1
2008140	109073	1
2008141	6882	1
2008142	145901	1
2008143	576983	1
2008146	179346	1
2008148	363736	1
2008150	481064	1
2008151	427856	1
2008153	178453	1
2008154	519860	1
2008155	462216	1
2008156	529879	1
2008157	458317	1
2008159	492913	1
2008160	293411	1
2008161	126241	1
2008163	485460	1
2008166	317725	1
2008169	22742	1
2008170	98693	1
2008171	132005	1
2008172	403018	1
2008174	492613	1
2008179	47161	1
2008182	329544	1
2008183	469036	1
2008185	252825	1
2008188	375340	1
2008189	28088	1
2008191	136018	1
2008195	47569	1
2008200	102742	1
2008201	59758	1
2008203	212235	1
2008206	446147	1
2008207	304679	1
2008209	274883	1
2008212	444661	1
2008215	460951	1
2008220	194782	1
2008221	408226	1
2008225	264959	1
2008226	296095	1
2008227	462061	1
2008230	409403	1
2008231	213111	1
2008235	566347	1
2008237	311474	1
2008238	408892	1
2008241	479801	1
2008242	459597	1
2008243	439463	1
2008244	98072	1
2008245	266600	1
2008248	142470	1
2008251	9632	1
2008252	405841	1
2008253	313892	1
2008257	417450	1
2008261	536018	1
2008262	195726	1
2008263	530642	1
2008265	185561	1
2008266	443586	1
2008267	470369	1
2008268	325647	1
2008273	2565	1
2008274	323595	1
2008275	284004	1
2008276	181098	1
2008278	405369	1
2008280	417917	1
2008282	515413	1
2008284	52555	1
2008288	195583	1
2008289	546454	1
2008293	32393	1
2008294	59388	1
2008296	359753	1
2008299	368903	1
2008301	599288	1
2008304	311905	1
2008308	383932	1
2008309	124782	1
2008311	477267	1
2008314	382286	1
2008315	516563	1
2008317	591843	1
2008318	418699	1
2008320	342307	1
2008321	274576	1
2008323	116003	1
2008324	541534	1
2008327	122018	1
2008330	224972	1
2008331	391454	1
2008333	130776	1
2008334	328063	1
2008335	515570	1
2008336	290842	1
2008338	290499	1
2008340	118758	1
2008342	26091	1
2008344	376291	1
2008345	72391	1
2008348	89520	1
2008351	218637	1
2008354	579777	1
2008359	556679	1
2008362	518700	1
2008368	31376	1
2008369	482183	1
2008375	8126	1
2008376	149535	1
2008378	648	1
2008380	105251	1
2008384	517726	1
2008385	328436	1
2008387	180306	1
2008388	171067	1
2008389	286906	1
2008393	304938	1
2008397	6978	1
2008398	6036	1
2008399	275206	1
2008400	264121	1
2008406	62061	1
2008407	400927	1
2008412	488439	1
2008413	50969	1
2008414	581500	1
2008416	378258	1
2008417	62533	1
2008421	304210	1
2008422	394951	1
2008424	124971	1
2008425	25871	1
2008427	112957	1
2008441	373543	1
2008443	69434	1
2008445	53596	1
2008448	577370	1
2008449	108148	1
2008450	519663	1
2008451	77088	1
2008453	509552	1
2008455	146101	1
2008456	371991	1
2008457	334642	1
2008461	107067	1
2008462	22637	1
2008468	572711	1
2008469	547219	1
2008471	93101	1
2008477	573235	1
2008479	183890	1
2008482	223024	1
2008483	482152	1
2008486	327445	1
2008487	268067	1
2008488	550849	1
2008489	166183	1
2008492	436899	1
2008493	252656	1
2008494	397835	1
2008497	389264	1
2008499	222276	1
2008503	260411	1
2008504	230441	1
2008509	181346	1
2008511	356544	1
2008516	250381	1
2008517	488117	1
2008518	125854	1
2008519	190853	1
2008520	278801	1
2008522	551242	1
2008523	262528	1
2008524	401678	1
2008525	93675	1
2008526	23554	1
2008527	251672	1
2008529	481102	1
2008531	183176	1
2008532	179788	1
2008533	201302	1
2008543	120598	1
2008545	511950	1
2008547	325118	1
2008548	142659	1
2008549	504056	1
2008550	262485	1
2008554	517828	1
2008556	237193	1
2008560	145925	1
2008561	424381	1
2008569	328017	1
2008571	504152	1
2008573	69353	1
2008574	36700	1
2008577	239019	1
2008578	36846	1
2008580	10717	1
2008581	460654	1
2008582	70854	1
2008583	390550	1
2008584	458892	1
2008588	153779	1
2008590	242049	1
2008595	153194	1
2008600	78791	1
2008603	514001	1
2008604	46935	1
2008606	413078	1
2008607	348839	1
2008608	73556	1
2008609	30326	1
2008614	108591	1
2008616	107065	1
2008617	179822	1
2008618	511241	1
2008619	522698	1
2008620	513185	1
2008622	1681	1
2008623	172168	1
2008626	318650	1
2008629	251379	1
2008631	335361	1
2008632	458514	1
2008634	446556	1
2008636	439017	1
2008637	547704	1
2008639	355212	1
2008640	596406	1
2008642	481686	1
2008643	104693	1
2008645	276750	1
2008646	591369	1
2008647	85028	1
2008650	271017	1
2008651	488350	1
2008652	467021	1
2008653	9425	1
2008655	558065	1
2008658	12451	1
2008659	480676	1
2008662	75619	1
2008663	517209	1
2008665	532462	1
2008666	130044	1
2008669	491838	1
2008674	524207	1
2008675	154326	1
2008677	526989	1
2008680	541126	1
2008681	570639	1
2008682	80145	1
2008684	396819	1
2008685	239520	1
2008687	596661	1
2008688	86334	1
2008690	307186	1
2008692	258704	1
2008695	24567	1
2008697	157789	1
2008699	61247	1
2008700	422218	1
2008701	337346	1
2008704	104838	1
2008708	554765	1
2008709	196712	1
2008712	56065	1
2008713	262011	1
2008714	507895	1
2008715	27444	1
2008717	235796	1
2008718	349932	1
2008720	49696	1
2008721	313837	1
2008722	456616	1
2008724	464595	1
2008726	50381	1
2008729	451145	1
2008731	478223	1
2008736	16733	1
2008737	146606	1
2008738	81136	1
2008739	80477	1
2008744	449101	1
2008745	26581	1
2008746	81767	1
2008747	158446	1
2008748	511643	1
2008749	598225	1
2008755	506435	1
2008756	257910	1
2008758	564344	1
2008759	299516	1
2008760	216611	1
2008763	205406	1
2008764	97490	1
2008765	152794	1
2008768	507431	1
2008775	328055	1
2008777	493939	1
2008780	85932	1
2008781	544132	1
2008782	87720	1
2008784	457202	1
2008785	84309	1
2008787	96062	1
2008788	386668	1
2008789	546965	1
2008790	527669	1
2008795	438038	1
2008797	229533	1
2008798	475484	1
2008800	574187	1
2008803	365317	1
2008804	318567	1
2008806	205483	1
2008807	445350	1
2008811	440417	1
2008812	57795	1
2008813	88158	1
2008815	72240	1
2008818	176828	1
2008819	590063	1
2008823	300770	1
2008825	367277	1
2008826	510087	1
2008827	591512	1
2008831	475227	1
2008832	245665	1
2008833	9963	1
2008834	487606	1
2008839	562473	1
2008841	288062	1
2008842	579340	1
2008846	438351	1
2008850	154163	1
2008851	224800	1
2008852	123644	1
2008853	570189	1
2008854	432828	1
2008855	252226	1
2008856	498422	1
2008857	59580	1
2008859	415655	1
2008862	349530	1
2008863	401169	1
2008864	150015	1
2008865	5409	1
2008866	587288	1
2008867	301849	1
2008870	158975	1
2008871	66251	1
2008872	13037	1
2008874	10436	1
2008877	458912	1
2008879	247021	1
2008882	106836	1
2008884	444365	1
2008886	319840	1
2008887	422313	1
2008890	432866	1
2008892	124149	1
2008894	570012	1
2008895	444300	1
2008896	117422	1
2008898	407672	1
2008899	556182	1
2008900	428522	1
2008901	227358	1
2008903	441787	1
2008909	215224	1
2008910	62439	1
2008913	322077	1
2008915	54329	1
2008917	370225	1
2008921	99047	1
2008922	563848	1
2008924	259375	1
2008925	448594	1
2008927	80871	1
2008928	184383	1
2008934	461688	1
2008935	97548	1
2008936	12141	1
2008937	143733	1
2008938	163995	1
2008940	180159	1
2008943	228544	1
2008947	197326	1
2008948	122638	1
2008951	372666	1
2008953	419795	1
2008956	278727	1
2008957	80481	1
2008959	103053	1
2008960	167941	1
2008961	310715	1
2008962	519608	1
2008964	131441	1
2008965	300798	1
2008968	87866	1
2008969	207671	1
2008972	401059	1
2008975	143705	1
2008976	504808	1
2008977	140028	1
2008980	562080	1
2008981	358018	1
2008983	258799	1
2008984	420319	1
2008985	71308	1
2008987	365907	1
2008988	216745	1
2008991	37632	1
2008994	392649	1
2008998	272488	1
2009000	73844	1
2009003	51803	1
2009004	555808	1
2009005	230855	1
2009010	551187	1
2009013	147099	1
2009015	583966	1
2009016	342356	1
2009017	149004	1
2009025	192963	1
2009027	2889	1
2009031	23755	1
2009033	270426	1
2009034	432850	1
2009036	153265	1
2009037	315933	1
2009038	483389	1
2009042	89264	1
2009043	505954	1
2009048	50908	1
2009049	346535	1
2009051	545735	1
2009056	579380	1
2009057	281242	1
2009064	92419	1
2009065	218307	1
2009067	196642	1
2009069	33574	1
2009074	507789	1
2009079	446397	1
2009080	82039	1
2009081	106239	1
2009085	536600	1
2009086	1699	1
2009087	89563	1
2009088	240836	1
2009089	400078	1
2009091	460453	1
2009092	279121	1
2009094	458387	1
2009097	122488	1
2009098	515657	1
2009099	106320	1
2009101	486617	1
2009102	436086	1
2009103	599025	1
2009106	396771	1
2009108	247390	1
2009110	370185	1
2009111	385145	1
2009114	239428	1
2009115	35329	1
2009117	393959	1
2009119	466375	1
2009124	375469	1
2009128	584808	1
2009130	259829	1
2009131	271812	1
2009132	259245	1
2009134	267724	1
2009135	123322	1
2009136	309143	1
2009137	203012	1
2009138	438851	1
2009139	400291	1
2009142	353523	1
2009143	44115	1
2009144	397058	1
2009145	366346	1
2009146	496557	1
2009149	48355	1
2009150	40721	1
2009152	170200	1
2009153	80852	1
2009155	72510	1
2009156	132193	1
2009161	247738	1
2009164	449039	1
2009166	491771	1
2009167	336282	1
2009168	472139	1
2009169	437383	1
2009170	118368	1
2009171	340911	1
2009173	195584	1
2009174	75613	1
2009175	146506	1
2009177	55359	1
2009179	563277	1
2009180	251214	1
2009184	453466	1
2009188	359926	1
2009193	43625	1
2009194	228234	1
2009195	274722	1
2009199	309909	1
2009201	529124	1
2009203	217767	1
2009204	399370	1
2009208	12990	1
2009209	299591	1
2009210	16078	1
2009211	83664	1
2009212	105535	1
2009214	519288	1
2009215	352757	1
2009216	355008	1
2009218	51073	1
2009220	415718	1
2009222	134107	1
2009223	115467	1
2009224	555869	1
2009225	589582	1
2009227	282703	1
2009229	414429	1
2009230	517784	1
2009231	249960	1
2009232	496980	1
2009234	378218	1
2009236	310988	1
2009237	208431	1
2009239	577150	1
2009242	254759	1
2009243	185829	1
2009244	477744	1
2009250	304857	1
2009251	310875	1
2009252	200164	1
2009255	398132	1
2009256	129196	1
2009257	373812	1
2009258	308613	1
2009259	247680	1
2009260	252015	1
2009265	518712	1
2009266	352530	1
2009268	234816	1
2009270	589561	1
2009273	63144	1
2009274	474832	1
2009276	561343	1
2009277	3583	1
2009278	419180	1
2009280	227432	1
2009282	429973	1
2009283	439674	1
2009284	413755	1
2009285	539767	1
2009288	488364	1
2009289	179133	1
2009291	185054	1
2009292	94682	1
2009293	30865	1
2009298	85613	1
2009299	234139	1
2009300	368080	1
2009302	234697	1
2009307	375830	1
2009312	585257	1
2009313	60507	1
2009314	337916	1
2009315	278423	1
2009318	49655	1
2009319	386372	1
2009321	372470	1
2009322	46452	1
2009323	525793	1
2009325	473698	1
2009327	135823	1
2009329	543262	1
2009330	154884	1
2009334	514989	1
2009336	252517	1
2009338	494353	1
2009339	429930	1
2009340	18551	1
2009341	394061	1
2009342	30945	1
2009348	88193	1
2009349	317462	1
2009351	518869	1
2009352	584702	1
2009353	304298	1
2009357	89167	1
2009360	173858	1
2009362	130877	1
2009363	595866	1
2009366	220138	1
2009367	555352	1
2009369	267589	1
2009370	366141	1
2009371	89502	1
2009375	581085	1
2009381	549512	1
2009383	373410	1
2009385	253878	1
2009386	571685	1
2009387	433239	1
2009388	234975	1
2009392	563124	1
2009393	325529	1
2009396	79496	1
2009398	69774	1
2009399	157496	1
2009401	212817	1
2009403	212016	1
2009418	445300	1
2009425	165211	1
2009426	280523	1
2009430	142822	1
2009431	282168	1
2009436	472411	1
2009438	111730	1
2009440	183141	1
2009442	564376	1
2009450	506602	1
2009452	549377	1
2009453	158136	1
2009454	239949	1
2009456	547303	1
2009458	496059	1
2009461	76100	1
2009462	283511	1
2009464	318584	1
2009466	13129	1
2009467	538974	1
2009470	272738	1
2009473	320672	1
2009478	269934	1
2009479	4296	1
2009480	119616	1
2009481	535670	1
2009482	207772	1
2009484	246989	1
2009485	408184	1
2009486	18509	1
2009487	473805	1
2009488	333537	1
2009496	556373	1
2009498	416912	1
2009501	362374	1
2009503	66772	1
2009506	341776	1
2009510	383780	1
2009511	547119	1
2009512	274298	1
2009514	87320	1
2009516	314872	1
2009519	547651	1
2009520	257905	1
2009529	30631	1
2009533	428471	1
2009536	438753	1
2009540	373876	1
2009542	174831	1
2009544	318899	1
2009545	241569	1
2009546	78867	1
2009547	125621	1
2009552	104043	1
2009554	382583	1
2009559	210590	1
2009560	563557	1
2009562	182195	1
2009563	430064	1
2009569	13153	1
2009570	184549	1
2009571	478914	1
2009572	334495	1
2009573	54619	1
2009575	276078	1
2009576	72960	1
2009577	461511	1
2009579	403257	1
2009581	410119	1
2009586	329742	1
2009587	91854	1
2009588	493644	1
2009590	390289	1
2009592	10967	1
2009595	358242	1
2009596	342866	1
2009597	40241	1
2009599	105949	1
2009600	300962	1
2009603	405253	1
2009604	168226	1
2009605	222094	1
2009607	545143	1
2009611	241253	1
2009612	189741	1
2009615	421963	1
2009618	508124	1
2009620	449218	1
2009622	210015	1
2009623	317386	1
2009624	65344	1
2009629	483159	1
2009632	365873	1
2009636	437450	1
2009637	523927	1
2009638	432333	1
2009641	378339	1
2009642	470332	1
2009644	279577	1
2009646	262832	1
2009650	224242	1
2009651	67856	1
2009653	486378	1
2009654	381938	1
2009655	42944	1
2009656	489383	1
2009657	502477	1
2009660	182998	1
2009661	221968	1
2009662	575484	1
2009663	190601	1
2009665	499839	1
2009666	230517	1
2009667	72293	1
2009669	35534	1
2009670	250762	1
2009672	535936	1
2009674	353016	1
2009675	21827	1
2009676	22456	1
2009677	305111	1
2009679	437441	1
2009680	220641	1
2009683	280685	1
2009685	145276	1
2009688	39303	1
2009689	484868	1
2009690	436346	1
2009691	478181	1
2009693	301702	1
2009695	107699	1
2009697	281051	1
2009698	30296	1
2009700	528052	1
2009702	326099	1
2009703	37954	1
2009705	48530	1
2009708	227778	1
2009709	226858	1
2009712	380689	1
2009713	77122	1
2009714	157257	1
2009715	425968	1
2009717	523474	1
2009720	557929	1
2009723	483223	1
2009728	193869	1
2009729	188682	1
2009730	425748	1
2009731	468543	1
2009732	128408	1
2009733	519433	1
2009737	112535	1
2009738	297971	1
2009741	448070	1
2009744	578585	1
2009745	92794	1
2009748	199736	1
2009755	414686	1
2009757	138698	1
2009760	403679	1
2009761	331141	1
2009766	265993	1
2009768	61983	1
2009770	450418	1
2009772	90290	1
2009773	387419	1
2009775	341149	1
2009776	456772	1
2009783	382793	1
2009788	86493	1
2009790	446838	1
2009791	126895	1
2009792	266508	1
2009793	202405	1
2009794	466465	1
2009795	583405	1
2009798	76149	1
2009799	1953	1
2009800	436460	1
2009801	174295	1
2009802	3519	1
2009804	81157	1
2009805	419607	1
2009807	81904	1
2009811	576148	1
2009814	237974	1
2009817	207330	1
2009818	266740	1
2009819	187002	1
2009822	10837	1
2009825	478962	1
2009826	494553	1
2009828	406146	1
2009832	15921	1
2009833	374511	1
2009834	211456	1
2009835	509387	1
2009837	444377	1
2009839	162587	1
2009841	215722	1
2009843	455425	1
2009844	336925	1
2009845	207622	1
2009847	337074	1
2009849	217310	1
2009852	551542	1
2009855	335890	1
2009856	599700	1
2009858	3929	1
2009860	297950	1
2009866	484473	1
2009869	40628	1
2009871	420360	1
2009873	243277	1
2009876	94686	1
2009877	299777	1
2009878	33389	1
2009879	282663	1
2009880	530806	1
2009882	424001	1
2009887	136512	1
2009890	551000	1
2009891	212956	1
2009892	48240	1
2009893	16661	1
2009897	588454	1
2009898	498754	1
2009899	153316	1
2009900	285938	1
2009901	197175	1
2009904	72251	1
2009906	302106	1
2009907	199047	1
2009908	257603	1
2009909	419629	1
2009911	263032	1
2009913	193695	1
2009914	309577	1
2009916	359316	1
2009917	72114	1
2009918	571614	1
2009919	279935	1
2009920	299419	1
2009923	390922	1
2009926	321909	1
2009927	343131	1
2009928	363250	1
2009930	191622	1
2009934	308652	1
2009937	101715	1
2009938	80141	1
2009939	228737	1
2009940	36453	1
2009942	336812	1
2009944	120998	1
2009945	404817	1
2009947	260410	1
2009948	97918	1
2009949	76045	1
2009950	156014	1
2009951	254796	1
2009952	64727	1
2009955	424826	1
2009956	148788	1
2009957	416622	1
2009959	284843	1
2009961	352446	1
2009966	439469	1
2009968	266481	1
2009969	748	1
2009971	146581	1
2009974	426944	1
2009977	574088	1
2009979	270734	1
2009980	351925	1
2009981	552691	1
2009982	596916	1
2009983	159371	1
2009986	470973	1
2009987	273925	1
2009988	233414	1
2009989	305671	1
2009994	155640	1
2009995	341284	1
2009997	428240	1
2009998	531863	1
2009999	248378	1
2010002	99434	1
2010003	181757	1
2010004	578369	1
2010006	194102	1
2010007	241425	1
2010010	295828	1
2010012	514084	1
2010016	393721	1
2010017	319709	1
2010019	213809	1
2010021	317667	1
2010022	323372	1
2010023	549281	1
2010024	309011	1
2010025	392681	1
2010026	244484	1
2010030	552371	1
2010032	540959	1
2010033	162467	1
2010035	284086	1
2010036	277603	1
2010037	127461	1
2010038	480555	1
2010042	362313	1
2010043	543220	1
2010044	259939	1
2010047	246920	1
2010051	161962	1
2010054	453917	1
2010056	118092	1
2010057	562380	1
2010058	126007	1
2010059	315660	1
2010061	543287	1
2010066	564795	1
2010068	184583	1
2010070	484560	1
2010073	492867	1
2010074	44207	1
2010078	513502	1
2010081	205553	1
2010082	509772	1
2010084	293986	1
2010087	267293	1
2010089	40257	1
2010090	24514	1
2010091	150496	1
2010094	431644	1
2010098	278622	1
2010099	466460	1
2010103	224794	1
2010108	186616	1
2010109	452830	1
2010110	58103	1
2010111	537603	1
2010112	373645	1
2010115	592067	1
2010119	512686	1
2010123	224725	1
2010124	457545	1
2010125	245161	1
2010126	359444	1
2010127	32867	1
2010129	466591	1
2010131	559886	1
2010132	322935	1
2010133	258801	1
2010139	16870	1
2010140	591416	1
2010141	420239	1
2010145	493339	1
2010148	250702	1
2010149	170583	1
2010150	104448	1
2010151	380815	1
2010163	403854	1
2010164	301954	1
2010168	110227	1
2010171	572178	1
2010174	572848	1
2010176	485140	1
2010182	408474	1
2010186	585873	1
2010187	169858	1
2010188	594305	1
2010189	176137	1
2010190	584478	1
2010191	260676	1
2010193	520516	1
2010194	432308	1
2010196	153848	1
2010197	40869	1
2010201	374008	1
2010204	289313	1
2010205	201892	1
2010207	276189	1
2010208	111603	1
2010209	265090	1
2010213	429785	1
2010214	56235	1
2010225	155960	1
2010227	262542	1
2010228	26431	1
2010232	324210	1
2010234	544527	1
2010236	515450	1
2010237	118122	1
2010239	566448	1
2010240	575160	1
2010245	446763	1
2010246	153863	1
2010249	264087	1
2010250	213103	1
2010251	89533	1
2010254	72864	1
2010257	87937	1
2010258	201627	1
2010259	120035	1
2010261	318658	1
2010262	430365	1
2010265	495785	1
2010266	111147	1
2010268	191899	1
2010269	425963	1
2010270	257737	1
2010273	47670	1
2010274	70860	1
2010275	577082	1
2010276	554717	1
2010278	83349	1
2010279	532505	1
2010280	269689	1
2010281	329378	1
2010282	168906	1
2010285	197273	1
2010287	419204	1
2010288	116914	1
2010291	599103	1
2010293	544165	1
2010295	512399	1
2010297	216200	1
2010299	137077	1
2010302	544545	1
2010303	335176	1
2010304	162770	1
2010305	170729	1
2010309	497266	1
2010313	23806	1
2010318	226646	1
2010320	74509	1
2010322	124480	1
2010327	341699	1
2010328	305053	1
2010330	526582	1
2010331	580090	1
2010332	599765	1
2010333	355597	1
2010335	217824	1
2010337	40747	1
2010338	395135	1
2010345	249791	1
2010346	133520	1
2010349	417027	1
2010351	308628	1
2010354	149466	1
2010357	187466	1
2010359	376750	1
2010360	321508	1
2010362	326751	1
2010364	326667	1
2010365	595919	1
2010367	474895	1
2010369	573290	1
2010372	153729	1
2010375	160551	1
2010376	495191	1
2010378	475736	1
2010381	87931	1
2010386	50957	1
2010387	520355	1
2010388	270463	1
2010389	432132	1
2010390	53840	1
2010391	507892	1
2010392	253789	1
2010394	517699	1
2010395	26392	1
2010399	350958	1
2010404	455072	1
2010406	63908	1
2010409	555051	1
2010410	200863	1
2010412	176265	1
2010413	484201	1
2010416	50438	1
2010420	340586	1
2010422	253267	1
2010424	388028	1
2010426	176003	1
2010427	171106	1
2010428	413024	1
2010431	74874	1
2010432	440175	1
2010433	532496	1
2010435	112728	1
2010436	114273	1
2010440	472973	1
2010442	111274	1
2010443	343170	1
2010445	163854	1
2010448	525418	1
2010449	41377	1
2010452	476358	1
2010453	120991	1
2010455	540575	1
2010458	126915	1
2010459	185077	1
2010461	271587	1
2010462	84895	1
2010470	376027	1
2010474	472681	1
2010476	131674	1
2010478	424841	1
2010480	34522	1
2010481	18075	1
2010482	345624	1
2010483	30688	1
2010484	268966	1
2010486	589613	1
2010490	404013	1
2010492	24188	1
2010493	387248	1
2010494	465610	1
2010495	123621	1
2010496	87626	1
2010497	278226	1
2010502	561939	1
2010503	143264	1
2010505	592686	1
2010510	442962	1
2010512	289187	1
2010513	554300	1
2010516	206930	1
2010517	127860	1
2010519	41383	1
2010520	250101	1
2010521	427967	1
2010522	533028	1
2010523	505341	1
2010524	216912	1
2010525	581173	1
2010527	134659	1
2010529	511127	1
2010531	473446	1
2010534	75849	1
2010535	91145	1
2010538	139635	1
2010541	495185	1
2010543	487023	1
2010545	269613	1
2010546	403800	1
2010548	516565	1
2010550	541083	1
2010551	355188	1
2010552	222576	1
2010553	397847	1
2010557	223765	1
2010558	494023	1
2010561	565707	1
2010563	582690	1
2010565	359741	1
2010568	290019	1
2010569	256687	1
2010570	318108	1
2010571	354953	1
2010572	499090	1
2010575	539483	1
2010576	70488	1
2010578	447828	1
2010581	36058	1
2010583	558216	1
2010584	85462	1
2010585	365980	1
2010586	463183	1
2010587	94793	1
2010589	267284	1
2010590	205603	1
2010591	456466	1
2010592	21530	1
2010593	95438	1
2010594	9084	1
2010595	327536	1
2010597	499254	1
2010598	225785	1
2010600	114165	1
2010601	146583	1
2010604	22205	1
2010608	254514	1
2010609	286980	1
2010613	136086	1
2010615	568453	1
2010617	4863	1
2010618	583589	1
2010620	528856	1
2010626	157110	1
2010627	18726	1
2010628	440213	1
2010632	128338	1
2010638	193499	1
2010640	41631	1
2010641	562849	1
2010643	450168	1
2010645	515714	1
2010646	354117	1
2010647	258112	1
2010648	462755	1
2010654	260846	1
2010655	523341	1
2010656	269184	1
2010660	433257	1
2010661	326107	1
2010662	319814	1
2010664	313285	1
2010666	382710	1
2010667	262496	1
2010669	441198	1
2010670	423251	1
2010671	534095	1
2010674	151923	1
2010679	594932	1
2010681	544986	1
2010682	14862	1
2010683	186079	1
2010684	32573	1
2010686	210614	1
2010687	44241	1
2010689	545303	1
2010690	410721	1
2010691	528034	1
2010692	243373	1
2010693	267158	1
2010696	383925	1
2010697	103742	1
2010698	540141	1
2010700	119457	1
2010701	237271	1
2010702	523866	1
2010705	99313	1
2010706	569076	1
2010707	505410	1
2010710	89239	1
2010713	485530	1
2010714	18733	1
2010717	212786	1
2010718	292044	1
2010719	122946	1
2010721	88746	1
2010723	259052	1
2010724	579851	1
2010727	143578	1
2010731	459572	1
2010732	114543	1
2010734	574386	1
2010736	26345	1
2010737	136550	1
2010740	591174	1
2010743	211614	1
2010744	475631	1
2010745	501330	1
2010746	140809	1
2010748	597364	1
2010752	44267	1
2010753	20144	1
2010757	253448	1
2010763	464153	1
2010764	452447	1
2010766	502169	1
2010767	410477	1
2010768	17651	1
2010769	236389	1
2010770	150839	1
2010771	10479	1
2010772	293173	1
2010773	130533	1
2010774	299775	1
2010775	368178	1
2010777	60528	1
2010780	285434	1
2010782	115797	1
2010783	292879	1
2010787	360967	1
2010790	309099	1
2010796	161323	1
2010797	589714	1
2010798	442934	1
2010799	391876	1
2010804	559852	1
2010807	5882	1
2010809	33320	1
2010810	210314	1
2010812	594716	1
2010814	364159	1
2010816	76965	1
2010821	335798	1
2010822	445573	1
2010826	235958	1
2010827	400862	1
2010830	105864	1
2010834	342178	1
2010836	315078	1
2010838	406629	1
2010842	255620	1
2010843	250951	1
2010845	88165	1
2010848	391583	1
2010850	276474	1
2010852	496645	1
2010853	341262	1
2010855	404621	1
2010861	542864	1
2010862	588719	1
2010863	198312	1
2010868	550085	1
2010869	425239	1
2010870	356637	1
2010876	198359	1
2010879	233633	1
2010881	131164	1
2010882	266236	1
2010883	158636	1
2010885	425846	1
2010886	258569	1
2010891	357375	1
2010895	83876	1
2010898	206505	1
2010900	18403	1
2010906	439116	1
2010907	309273	1
2010909	57837	1
2010910	116607	1
2010915	574158	1
2010916	109628	1
2010918	169793	1
2010922	56747	1
2010923	535207	1
2010926	185163	1
2010927	444392	1
2010928	260998	1
2010932	288358	1
2010934	254091	1
2010935	563350	1
2010936	141464	1
2010939	320401	1
2010940	102291	1
2010943	381471	1
2010945	140132	1
2010946	441419	1
2010948	8764	1
2010949	25644	1
2010950	90868	1
2010952	30597	1
2010957	10872	1
2010960	517903	1
2010961	329425	1
2010967	60591	1
2010969	121820	1
2010970	449421	1
2010971	236224	1
2010973	418888	1
2010974	234045	1
2010977	384280	1
2010978	393729	1
2010979	427114	1
2010980	90352	1
2010986	498607	1
2010988	76889	1
2010989	327911	1
2010990	434211	1
2010994	227163	1
2010997	232560	1
2010999	363528	1
2011001	196945	1
2011002	380810	1
2011003	453025	1
2011004	61439	1
2011005	179459	1
2011010	137887	1
2011012	267043	1
2011014	182915	1
2011016	71614	1
2011017	463335	1
2011018	473428	1
2011019	480646	1
2011021	518132	1
2011023	423625	1
2011024	188072	1
2011025	567592	1
2011027	126352	1
2011030	422621	1
2011033	322228	1
2011035	196596	1
2011038	220468	1
2011040	429885	1
2011042	286466	1
2011043	121598	1
2011044	140018	1
2011045	270317	1
2011049	185864	1
2011050	451436	1
2011053	319817	1
2011055	91228	1
2011056	44575	1
2011057	337972	1
2011059	468898	1
2011060	13141	1
2011061	509263	1
2011062	316228	1
2011064	424998	1
2011067	427868	1
2011068	196540	1
2011072	386804	1
2011075	162477	1
2011076	190859	1
2011077	347113	1
2011078	323128	1
2011079	107673	1
2011082	473534	1
2011084	297174	1
2011087	341976	1
2011088	159194	1
2011089	370701	1
2011093	115963	1
2011096	88550	1
2011099	387583	1
2011100	175265	1
2011101	195715	1
2011102	512030	1
2011103	364255	1
2011104	23407	1
2011105	320265	1
2011108	292871	1
2011111	36343	1
2011112	112374	1
2011114	44015	1
2011115	478366	1
2011116	560393	1
2011117	147581	1
2011119	444310	1
2011122	443605	1
2011123	261391	1
2011125	447499	1
2011126	545187	1
2011129	99020	1
2011130	509818	1
2011134	31575	1
2011135	219477	1
2011136	526900	1
2011137	28411	1
2011140	241140	1
2011145	108823	1
2011148	275263	1
2011152	72397	1
2011153	281228	1
2011154	222341	1
2011155	177826	1
2011156	283243	1
2011158	566938	1
2011162	394600	1
2011167	142457	1
2011168	391101	1
2011169	319329	1
2011170	70315	1
2011172	352320	1
2011173	548848	1
2011177	559111	1
2011178	62500	1
2011180	169405	1
2011181	226463	1
2011182	426811	1
2011183	364567	1
2011185	571677	1
2011189	37194	1
2011190	499569	1
2011191	5837	1
2011192	545991	1
2011193	557472	1
2011195	409383	1
2011197	187454	1
2011198	500059	1
2011200	511714	1
2011201	171631	1
2011202	254962	1
2011206	373064	1
2011211	210694	1
2011212	357928	1
2011214	379962	1
2011217	145299	1
2011219	148159	1
2011222	332757	1
2011224	205248	1
2011227	244233	1
2011228	517836	1
2011231	300707	1
2011232	369974	1
2011234	249089	1
2011235	184907	1
2011238	412351	1
2011242	366243	1
2011243	327184	1
2011246	162588	1
2011249	346450	1
2011251	106762	1
2011252	510244	1
2011253	61774	1
2011254	156499	1
2011255	428617	1
2011263	531550	1
2011267	478500	1
2011270	464818	1
2011275	185742	1
2011276	48976	1
2011278	528190	1
2011281	298547	1
2011282	585100	1
2011283	247587	1
2011284	253711	1
2011285	562784	1
2011288	222	1
2011289	56396	1
2011291	215421	1
2011292	533647	1
2011293	34325	1
2011294	483829	1
2011295	246880	1
2011296	234452	1
2011298	11665	1
2011299	141375	1
2011300	543927	1
2011301	44613	1
2011303	258383	1
2011306	60652	1
2011309	138855	1
2011311	130882	1
2011312	548669	1
2011313	378755	1
2011314	427926	1
2011316	103795	1
2011319	201355	1
2011320	522384	1
2011323	365192	1
2011328	175951	1
2011330	482974	1
2011332	545959	1
2011333	179248	1
2011334	322947	1
2011335	17501	1
2011337	26169	1
2011338	579251	1
2011339	334171	1
2011341	31110	1
2011343	483437	1
2011344	227714	1
2011345	551310	1
2011346	451250	1
2011348	163862	1
2011349	558214	1
2011350	266711	1
2011352	563843	1
2011355	258912	1
2011358	3763	1
2011359	382827	1
2011365	151121	1
2011367	35678	1
2011368	576876	1
2011369	180958	1
2011373	69766	1
2011374	598618	1
2011375	456821	1
2011386	460192	1
2011388	145232	1
2011390	451926	1
2011392	550872	1
2011393	458952	1
2011397	306511	1
2011399	351403	1
2011400	59969	1
2011401	443795	1
2011405	358469	1
2011412	187362	1
2011416	513627	1
2011418	640	1
2011420	325815	1
2011424	447286	1
2011426	211115	1
2011427	202358	1
2011430	215180	1
2011432	479294	1
2011433	309915	1
2011434	67200	1
2011435	438883	1
2011436	272166	1
2011437	301980	1
2011438	41578	1
2011439	333097	1
2011444	437286	1
2011446	57715	1
2011447	345952	1
2011448	595633	1
2011449	1083	1
2011453	482965	1
2011454	197918	1
2011456	223700	1
2011458	251746	1
2011460	373952	1
2011464	440779	1
2011465	234345	1
2011466	58672	1
2011471	62625	1
2011472	398653	1
2011479	67301	1
2011480	523989	1
2011482	190190	1
2011485	180922	1
2011488	549525	1
2011489	4947	1
2011496	302427	1
2011498	219173	1
2011499	313565	1
2011500	51488	1
2011502	102549	1
2011505	320355	1
2011506	137474	1
2011511	416197	1
2011512	6166	1
2011517	513052	1
2011519	88444	1
2011520	126062	1
2011522	52320	1
2011523	89713	1
2011524	490377	1
2011529	399335	1
2011531	132417	1
2011532	169598	1
2011535	238580	1
2011536	269653	1
2011537	301557	1
2011539	396586	1
2011540	59367	1
2011541	382185	1
2011545	395800	1
2011546	211026	1
2011550	378193	1
2011551	308150	1
2011553	444279	1
2011554	441	1
2011556	457424	1
2011557	205479	1
2011562	160152	1
2011563	216051	1
2011564	473017	1
2011567	375197	1
2011568	25946	1
2011569	585546	1
2011573	361630	1
2011574	475798	1
2011575	398141	1
2011576	595332	1
2011577	140055	1
2011578	413741	1
2011580	462000	1
2011581	165932	1
2011585	318260	1
2011586	526155	1
2011587	568007	1
2011588	85576	1
2011589	504996	1
2011592	408589	1
2011593	423568	1
2011596	256709	1
2011598	203142	1
2011599	590058	1
2011600	227144	1
2011601	575441	1
2011602	575131	1
2011605	140830	1
2011611	196507	1
2011613	152917	1
2011616	38489	1
2011620	435075	1
2011623	409523	1
2011626	287600	1
2011627	213042	1
2011629	273882	1
2011632	476670	1
2011633	13161	1
2011634	426852	1
2011635	77439	1
2011637	239669	1
2011638	463938	1
2011642	491127	1
2011647	100279	1
2011649	545860	1
2011652	119492	1
2011653	357955	1
2011654	316131	1
2011657	503895	1
2011658	308604	1
2011660	480428	1
2011661	481997	1
2011665	497900	1
2011666	584782	1
2011667	326692	1
2011670	330048	1
2011671	462125	1
2011675	339597	1
2011677	428782	1
2011678	231243	1
2011679	337305	1
2011681	307203	1
2011682	738	1
2011687	98532	1
2011689	311680	1
2011693	315622	1
2011695	362098	1
2011698	540322	1
2011700	44407	1
2011701	174291	1
2011702	557897	1
2011705	384084	1
2011708	210716	1
2011709	120669	1
2011710	315792	1
2011711	547267	1
2011712	591523	1
2011714	546857	1
2011717	89607	1
2011719	505557	1
2011720	190011	1
2011722	544377	1
2011723	498552	1
2011725	71491	1
2011729	434769	1
2011731	210981	1
2011733	408049	1
2011735	23475	1
2011736	133028	1
2011737	504705	1
2011741	244079	1
2011742	505991	1
2011744	452743	1
2011745	454737	1
2011750	497457	1
2011752	48664	1
2011753	227504	1
2011755	269108	1
2011756	217965	1
2011758	34784	1
2011760	347242	1
2011762	193568	1
2011763	80223	1
2011764	501484	1
2011765	544426	1
2011766	135790	1
2011769	522554	1
2011770	355636	1
2011772	322443	1
2011773	289280	1
2011775	583901	1
2011776	571662	1
2011777	542915	1
2011778	211480	1
2011780	265330	1
2011781	30445	1
2011782	281004	1
2011783	154107	1
2011784	129573	1
2011785	432669	1
2011787	60443	1
2011788	342211	1
2011789	380800	1
2011790	211649	1
2011791	118997	1
2011792	436489	1
2011796	71559	1
2011798	434147	1
2011801	530060	1
2011803	34036	1
2011804	319911	1
2011806	103536	1
2011808	85580	1
2011810	538239	1
2011811	558069	1
2011815	245331	1
2011817	180119	1
2011818	142077	1
2011823	510591	1
2011824	79507	1
2011825	261989	1
2011829	172919	1
2011830	300784	1
2011833	526224	1
2011835	316599	1
2011837	560438	1
2011838	59541	1
2011841	240781	1
2011842	520286	1
2011847	351240	1
2011848	197056	1
2011854	551879	1
2011855	18296	1
2011856	64636	1
2011857	91825	1
2011858	61694	1
2011861	155605	1
2011862	266194	1
2011863	150870	1
2011864	479491	1
2011867	583635	1
2011869	397736	1
2011872	424585	1
2011873	152827	1
2011878	417107	1
2011885	139864	1
2011887	276375	1
2011888	235400	1
2011889	208887	1
2011890	90549	1
2011893	139790	1
2011894	461933	1
2011895	136406	1
2011899	391258	1
2011900	63366	1
2011901	23041	1
2011903	247278	1
2011904	255041	1
2011906	92704	1
2011908	151238	1
2011911	6039	1
2011913	351143	1
2011914	308307	1
2011916	316535	1
2011918	58697	1
2011920	531605	1
2011921	428327	1
2011922	298779	1
2011926	207109	1
2011928	86440	1
2011929	497374	1
2011931	432562	1
2011932	289682	1
2011934	240645	1
2011937	60278	1
2011939	336485	1
2011943	228137	1
2011946	497750	1
2011947	417669	1
2011950	411377	1
2011952	96011	1
2011954	36946	1
2011955	482159	1
2011956	140213	1
2011958	176663	1
2011959	5535	1
2011960	298379	1
2011963	243157	1
2011968	377490	1
2011969	287146	1
2011972	479663	1
2011977	550345	1
2011978	114359	1
2011979	21055	1
2011983	170979	1
2011984	106331	1
2011985	151853	1
2011988	409274	1
2011989	352894	1
2011991	373223	1
2011993	290788	1
2011996	467636	1
2011997	316165	1
2011998	522816	1
2012001	368727	1
2012002	154846	1
2012003	549362	1
2012004	431850	1
2012005	137393	1
2012006	125367	1
2012009	152833	1
2012010	409854	1
2012014	373509	1
2012015	58286	1
2012016	553363	1
2012018	102390	1
2012019	321436	1
2012028	199966	1
2012031	350564	1
2012032	598122	1
2012033	349765	1
2012038	112025	1
2012039	279585	1
2012040	373407	1
2012042	361511	1
2012045	182640	1
2012050	93426	1
2012051	328082	1
2012054	83248	1
2012055	479193	1
2012056	216887	1
2012058	56555	1
2012059	50644	1
2012061	596511	1
2012066	577495	1
2012067	396658	1
2012072	330379	1
2012076	368533	1
2012077	299220	1
2012078	551840	1
2012080	337302	1
2012082	77373	1
2012083	405878	1
2012085	188064	1
2012086	383546	1
2012088	393676	1
2012089	41585	1
2012094	444480	1
2012096	310192	1
2012099	28612	1
2012101	545999	1
2012103	480590	1
2012106	36870	1
2012107	577318	1
2012110	19458	1
2012111	252408	1
2012112	357321	1
2012113	565205	1
2012114	141579	1
2012119	204740	1
2012122	530943	1
2012127	15570	1
2012132	50302	1
2012133	466232	1
2012135	203514	1
2012137	421746	1
2012138	210764	1
2012139	19140	1
2012140	93872	1
2012141	463871	1
2012143	438515	1
2012146	157626	1
2012148	130619	1
2012149	259051	1
2012154	440620	1
2012155	59764	1
2012157	593250	1
2012158	635	1
2012160	591893	1
2012161	270639	1
2012166	268257	1
2012168	15040	1
2012169	234103	1
2012170	405875	1
2012174	185683	1
2012175	553310	1
2012176	355642	1
2012180	18727	1
2012184	385162	1
2012185	573376	1
2012188	2987	1
2012190	266443	1
2012191	481213	1
2012196	574831	1
2012198	162428	1
2012200	19973	1
2012204	234577	1
2012205	91297	1
2012206	279532	1
2012214	110701	1
2012217	111159	1
2012218	17680	1
2012219	129566	1
2012220	439934	1
2012221	290456	1
2012224	69949	1
2012227	281129	1
2012229	69960	1
2012230	158100	1
2012232	441540	1
2012233	398041	1
2012234	82460	1
2012235	567099	1
2012237	9786	1
2012238	539378	1
2012241	589950	1
2012244	427175	1
2012250	371049	1
2012259	132846	1
2012260	266299	1
2012261	115562	1
2012262	299578	1
2012267	457865	1
2012269	399888	1
2012270	13396	1
2012271	471316	1
2012276	509714	1
2012278	222076	1
2012280	291985	1
2012281	427212	1
2012282	91463	1
2012285	157378	1
2012291	304999	1
2012293	391576	1
2012294	490731	1
2012295	421389	1
2012298	560783	1
2012299	347908	1
2012300	378974	1
2012302	553583	1
2012304	194155	1
2012307	218710	1
2012308	326233	1
2012310	167481	1
2012312	45827	1
2012313	84028	1
2012315	157644	1
2012317	221642	1
2012319	170789	1
2012320	151977	1
2012323	472598	1
2012324	445680	1
2012326	560234	1
2012327	84508	1
2012328	97358	1
2012329	208575	1
2012332	254768	1
2012335	477405	1
2012337	354475	1
2012338	567572	1
2012339	242464	1
2012340	265228	1
2012342	457433	1
2012343	77271	1
2012344	277827	1
2012345	171968	1
2012346	62456	1
2012349	576976	1
2012352	585422	1
2012353	312813	1
2012365	167828	1
2012366	192591	1
2012368	549665	1
2012369	295987	1
2012370	599358	1
2012372	294270	1
2012373	118738	1
2012374	192517	1
2012375	420538	1
2012380	224326	1
2012385	514568	1
2012386	264631	1
2012387	193434	1
2012388	407805	1
2012389	61054	1
2012392	263619	1
2012393	412693	1
2012394	26762	1
2012395	254314	1
2012396	187449	1
2012397	520248	1
2012400	10155	1
2012403	93706	1
2012408	350708	1
2012409	498772	1
2012411	462793	1
2012419	482649	1
2012421	382858	1
2012423	315313	1
2012426	352423	1
2012427	487713	1
2012428	370883	1
2012429	10351	1
2012431	402881	1
2012436	335317	1
2012437	235347	1
2012438	248761	1
2012439	595697	1
2012444	446099	1
2012445	378163	1
2012453	296146	1
2012454	370538	1
2012456	42353	1
2012459	311791	1
2012461	461051	1
2012463	314284	1
2012468	264132	1
2012472	292047	1
2012474	400713	1
2012476	576520	1
2012478	131380	1
2012479	416995	1
2012481	44635	1
2012482	341172	1
2012483	422735	1
2012484	98386	1
2012486	306390	1
2012487	68424	1
2012488	23569	1
2012490	476564	1
2012496	226500	1
2012499	512680	1
2012501	164458	1
2012502	19457	1
2012504	55422	1
2012505	349234	1
2012506	593621	1
2012507	32973	1
2012512	252690	1
2012520	578078	1
2012521	93806	1
2012525	261231	1
2012526	426844	1
2012527	560078	1
2012528	351509	1
2012529	572515	1
2012531	266173	1
2012532	315678	1
2012534	23489	1
2012535	552912	1
2012536	228191	1
2012538	103706	1
2012539	208900	1
2012540	76871	1
2012542	8790	1
2012543	405996	1
2012545	515254	1
2012547	416117	1
2012548	475330	1
2012550	71330	1
2012551	221919	1
2012552	542969	1
2012553	148757	1
2012555	216215	1
2012558	220077	1
2012559	544486	1
2012560	259909	1
2012561	37635	1
2012563	199525	1
2012566	283539	1
2012568	190721	1
2012570	443601	1
2012572	405374	1
2012574	516187	1
2012575	261590	1
2012577	405825	1
2012579	575172	1
2012584	185753	1
2012587	492377	1
2012589	302765	1
2012593	440628	1
2012594	585940	1
2012596	6765	1
2012598	389238	1
2012600	407832	1
2012606	247182	1
2012609	13388	1
2012610	45309	1
2012611	339136	1
2012612	595200	1
2012613	201981	1
2012617	305658	1
2012618	560477	1
2012620	362974	1
2012621	295142	1
2012622	394373	1
2012623	162579	1
2012624	218304	1
2012625	146327	1
2012628	337240	1
2012635	264823	1
2012639	494193	1
2012642	355333	1
2012643	254501	1
2012645	431311	1
2012648	518303	1
2012649	498284	1
2012651	316784	1
2012652	256395	1
2012654	257231	1
2012656	430301	1
2012658	108974	1
2012663	254421	1
2012667	104036	1
2012668	181949	1
2012673	336772	1
2012674	222641	1
2012675	325577	1
2012678	268802	1
2012681	113905	1
2012682	494872	1
2012684	51585	1
2012685	109419	1
2012686	502333	1
2012688	272199	1
2012690	595506	1
2012691	80180	1
2012692	105264	1
2012693	496253	1
2012695	26836	1
2012696	182637	1
2012697	13246	1
2012700	173213	1
2012701	458535	1
2012703	91806	1
2012704	374468	1
2012707	53639	1
2012709	534909	1
2012710	168561	1
2012712	243413	1
2012714	566701	1
2012716	583486	1
2012718	386254	1
2012722	94237	1
2012723	350715	1
2012725	502455	1
2012726	569490	1
2012728	580370	1
2012731	101382	1
2012732	59074	1
2012733	92474	1
2012740	144071	1
2012741	169289	1
2012743	555085	1
2012745	286064	1
2012749	45984	1
2012751	11954	1
2012754	163711	1
2012757	208402	1
2012761	91842	1
2012762	326006	1
2012764	510816	1
2012765	283162	1
2012766	140309	1
2012767	104882	1
2012768	390052	1
2012772	282013	1
2012773	255044	1
2012775	127978	1
2012778	143712	1
2012779	131365	1
2012781	510618	1
2012782	419368	1
2012783	125209	1
2012784	520788	1
2012786	350656	1
2012787	407612	1
2012789	188956	1
2012790	456927	1
2012792	441591	1
2012793	376145	1
2012797	592151	1
2012798	216902	1
2012800	97928	1
2012801	593325	1
2012802	559427	1
2012808	564117	1
2012809	130865	1
2012810	448140	1
2012813	102236	1
2012815	257819	1
2012816	354283	1
2012821	325386	1
2012824	154678	1
2012825	337159	1
2012828	211077	1
2012830	245975	1
2012831	65058	1
2012832	300054	1
2012836	83059	1
2012838	13034	1
2012840	553590	1
2012841	38536	1
2012844	4783	1
2012845	238130	1
2012846	267981	1
2012851	475363	1
2012853	538437	1
2012858	89024	1
2012859	464445	1
2012860	189764	1
2012861	594833	1
2012863	108191	1
2012865	120060	1
2012866	569976	1
2012874	302521	1
2012876	117975	1
2012879	572977	1
2012880	181257	1
2012881	510675	1
2012884	300303	1
2012887	179491	1
2012888	301550	1
2012889	398597	1
2012890	350493	1
2012891	277179	1
2012892	435645	1
2012893	268359	1
2012895	498908	1
2012898	276936	1
2012899	526156	1
2012900	521066	1
2012901	416317	1
2012902	512633	1
2012903	594993	1
2012904	5665	1
2012906	13573	1
2012907	181032	1
2012914	237756	1
2012915	323755	1
2012916	327868	1
2012917	434906	1
2012921	418580	1
2012922	542319	1
2012923	425077	1
2012924	222073	1
2012925	585212	1
2012928	217966	1
2012930	579116	1
2012932	252279	1
2012934	466627	1
2012935	253926	1
2012937	251003	1
2012939	554388	1
2012940	515882	1
2012943	12417	1
2012944	77586	1
2012947	317173	1
2012948	107569	1
2012949	173794	1
2012950	489418	1
2012957	306429	1
2012958	342462	1
2012961	103176	1
2012963	369175	1
2012965	27700	1
2012969	138289	1
2012971	360354	1
2012973	598050	1
2012974	372910	1
2012975	168484	1
2012978	288284	1
2012980	182389	1
2012981	46819	1
2012982	146643	1
2012984	175117	1
2012985	15319	1
2012986	106200	1
2012989	282816	1
2012993	393740	1
2013001	347515	1
2013002	38357	1
2013005	174784	1
2013008	439587	1
2013009	189445	1
2013010	249439	1
2013011	574220	1
2013014	57584	1
2013015	340537	1
2013017	392724	1
2013018	399529	1
2013019	153886	1
2013021	233544	1
2013022	118707	1
2013023	316673	1
2013026	277156	1
2013029	21194	1
2013030	226428	1
2013033	320628	1
2013034	433662	1
2013036	569719	1
2013037	185111	1
2013038	412159	1
2013039	492379	1
2013040	581131	1
2013042	564019	1
2013046	547653	1
2013047	507298	1
2013049	217593	1
2013051	595023	1
2013052	85622	1
2013054	497703	1
2013055	244448	1
2013058	245166	1
2013059	220334	1
2013063	130242	1
2013065	61914	1
2013066	413313	1
2013070	512742	1
2013075	401775	1
2013076	401264	1
2013080	19698	1
2013082	292982	1
2013087	271633	1
2013093	119251	1
2013095	32455	1
2013101	456887	1
2013103	174733	1
2013104	156259	1
2013105	22992	1
2013108	279027	1
2013110	472390	1
2013112	501911	1
2013113	88346	1
2013114	552927	1
2013117	499341	1
2013118	411258	1
2013120	279657	1
2013122	18173	1
2013123	234565	1
2013125	296442	1
2013126	595696	1
2013128	241631	1
2013131	294175	1
2013132	217779	1
2013133	314056	1
2013135	83333	1
2013137	84096	1
2013139	461264	1
2013140	96580	1
2013143	143596	1
2013144	296355	1
2013145	426699	1
2013146	144698	1
2013147	264688	1
2013152	251621	1
2013155	385182	1
2013156	575834	1
2013159	286852	1
2013160	289721	1
2013161	350743	1
2013169	586704	1
2013171	9807	1
2013172	582411	1
2013178	196404	1
2013180	83610	1
2013181	287881	1
2013182	304766	1
2013185	409103	1
2013186	6936	1
2013188	545172	1
2013189	597556	1
2013191	17443	1
2013193	209682	1
2013198	66717	1
2013200	348073	1
2013201	42170	1
2013202	81880	1
2013203	268974	1
2013204	464715	1
2013206	232314	1
2013207	166998	1
2013210	425947	1
2013211	223125	1
2013212	21404	1
2013213	328386	1
2013216	107311	1
2013217	280845	1
2013218	298087	1
2013222	5607	1
2013224	293785	1
2013225	424717	1
2013229	128536	1
2013232	422886	1
2013234	131517	1
2013235	232090	1
2013236	460675	1
2013238	180368	1
2013241	361989	1
2013243	523434	1
2013244	428253	1
2013245	173620	1
2013246	255086	1
2013248	311630	1
2013249	480308	1
2013251	418546	1
2013253	508667	1
2013255	179291	1
2013256	428612	1
2013259	436578	1
2013260	479130	1
2013261	331101	1
2013262	419915	1
2013264	438360	1
2013266	262005	1
2013268	442441	1
2013270	277245	1
2013271	430704	1
2013272	430183	1
2013274	56965	1
2013279	286107	1
2013282	559142	1
2013283	60291	1
2013286	48104	1
2013287	229875	1
2013288	253898	1
2013292	104522	1
2013293	360269	1
2013295	567910	1
2013297	476319	1
2013298	399118	1
2013299	511616	1
2013302	275824	1
2013305	524899	1
2013307	587445	1
2013311	25194	1
2013312	280718	1
2013313	431673	1
2013314	441893	1
2013318	294714	1
2013320	402269	1
2013321	31040	1
2013322	85120	1
2013324	459820	1
2013325	544107	1
2013326	396662	1
2013332	19880	1
2013337	195482	1
2013338	168729	1
2013339	373772	1
2013340	575381	1
2013341	34458	1
2013342	427088	1
2013343	84159	1
2013345	362860	1
2013346	65771	1
2013347	2992	1
2013349	9849	1
2013350	476911	1
2013352	585962	1
2013353	386532	1
2013356	327796	1
2013357	555641	1
2013359	2393	1
2013360	214669	1
2013361	99873	1
2013363	590559	1
2013367	134949	1
2013368	355614	1
2013371	320398	1
2013373	578981	1
2013374	573819	1
2013375	449658	1
2013378	275262	1
2013379	479972	1
2013380	547771	1
2013381	382120	1
2013382	417800	1
2013383	235930	1
2013384	557799	1
2013385	383399	1
2013386	558293	1
2013388	344295	1
2013390	483354	1
2013392	528568	1
2013394	323449	1
2013395	200268	1
2013398	481796	1
2013401	574142	1
2013404	197495	1
2013405	555650	1
2013406	545497	1
2013407	171780	1
2013409	404275	1
2013420	545847	1
2013424	226917	1
2013430	481612	1
2013432	318398	1
2013433	73761	1
2013434	246840	1
2013442	98716	1
2013444	488776	1
2013447	536220	1
2013448	240567	1
2013449	235919	1
2013450	210292	1
2013455	427387	1
2013458	547603	1
2013467	27675	1
2013469	400950	1
2013470	321579	1
2013472	456960	1
2013473	179878	1
2013474	538635	1
2013477	25090	1
2013478	131728	1
2013479	44850	1
2013481	447928	1
2013487	516557	1
2013490	18275	1
2013492	481211	1
2013493	53152	1
2013496	585661	1
2013502	258565	1
2013503	17138	1
2013506	362878	1
2013508	163469	1
2013509	587792	1
2013510	204609	1
2013512	99476	1
2013513	356346	1
2013514	478222	1
2013515	463198	1
2013521	245008	1
2013522	70152	1
2013524	464002	1
2013525	117926	1
2013526	38012	1
2013527	437014	1
2013529	584242	1
2013530	167591	1
2013533	102941	1
2013536	271428	1
2013538	350502	1
2013540	428664	1
2013544	40761	1
2013545	80763	1
2013546	206147	1
2013550	270660	1
2013552	543522	1
2013553	217172	1
2013554	220703	1
2013555	410132	1
2013557	239688	1
2013558	183029	1
2013560	393865	1
2013562	160901	1
2013565	54768	1
2013569	444008	1
2013570	281791	1
2013572	14605	1
2013575	40770	1
2013576	488519	1
2013579	72724	1
2013580	140804	1
2013581	481018	1
2013582	25190	1
2013587	495226	1
2013597	232374	1
2013598	233253	1
2013599	224438	1
2013600	470826	1
2013601	251093	1
2013603	392818	1
2013605	291578	1
2013606	445048	1
2013608	443950	1
2013609	569574	1
2013612	404953	1
2013613	510626	1
2013614	416096	1
2013616	152589	1
2013619	237738	1
2013622	176900	1
2013623	241048	1
2013625	577935	1
2013626	411395	1
2013628	483081	1
2013635	484141	1
2013639	194540	1
2013640	30720	1
2013645	384347	1
2013646	556595	1
2013647	441191	1
2013650	499963	1
2013652	230608	1
2013654	550909	1
2013657	240074	1
2013658	300675	1
2013660	8973	1
2013661	365816	1
2013662	8674	1
2013663	314791	1
2013664	330794	1
2013665	231422	1
2013668	220165	1
2013672	44639	1
2013673	528854	1
2013675	235048	1
2013676	266268	1
2013678	36438	1
2013679	132085	1
2013681	95441	1
2013682	549480	1
2013684	280275	1
2013687	470750	1
2013689	34791	1
2013696	213755	1
2013701	234680	1
2013702	26994	1
2013703	280377	1
2013704	108187	1
2013706	538582	1
2013709	489420	1
2013711	119952	1
2013712	168066	1
2013713	525034	1
2013714	305072	1
2013715	169723	1
2013718	258715	1
2013720	246022	1
2013722	459850	1
2013725	565481	1
2013726	441392	1
2013727	428429	1
2013728	238989	1
2013731	277513	1
2013734	543544	1
2013735	254947	1
2013738	433083	1
2013739	427177	1
2013740	551991	1
2013745	299774	1
2013746	443756	1
2013747	64309	1
2013748	430087	1
2013750	545587	1
2013752	367809	1
2013753	444604	1
2013755	452736	1
2013758	538567	1
2013759	221760	1
2013763	454525	1
2013765	595167	1
2013767	296844	1
2013769	515292	1
2013771	278864	1
2013774	336574	1
2013775	457563	1
2013777	595462	1
2013778	38259	1
2013779	151475	1
2013782	499060	1
2013783	94571	1
2013785	286525	1
2013786	303619	1
2013787	588575	1
2013788	40782	1
2013792	582899	1
2013794	112127	1
2013795	348742	1
2013798	3579	1
2013799	401315	1
2013800	98120	1
2013801	360491	1
2013802	105305	1
2013806	158076	1
2013808	554836	1
2013809	94332	1
2013811	527230	1
2013812	233648	1
2013813	409571	1
2013814	261196	1
2013819	518451	1
2013822	57292	1
2013824	393394	1
2013825	68985	1
2013826	402006	1
2013832	121233	1
2013833	360867	1
2013835	33883	1
2013836	357555	1
2013838	80224	1
2013841	94059	1
2013842	135247	1
2013843	85778	1
2013845	588371	1
2013849	346662	1
2013850	540422	1
2013854	481209	1
2013855	23456	1
2013856	414760	1
2013858	179093	1
2013859	597717	1
2013861	421965	1
2013862	18631	1
2013865	507012	1
2013866	108276	1
2013869	394515	1
2013871	555151	1
2013873	8727	1
2013874	287391	1
2013876	17348	1
2013877	67851	1
2013878	326142	1
2013888	558501	1
2013889	309771	1
2013891	347919	1
2013892	361974	1
2013893	318619	1
2013895	258897	1
2013897	430086	1
2013898	599382	1
2013900	408582	1
2013902	305222	1
2013903	33391	1
2013904	355870	1
2013906	253045	1
2013907	230802	1
2013909	98502	1
2013910	293152	1
2013911	85597	1
2013912	439125	1
2013920	129204	1
2013921	230210	1
2013923	107519	1
2013924	54083	1
2013928	494417	1
2013930	11809	1
2013931	274228	1
2013933	399763	1
2013935	2547	1
2013936	304851	1
2013943	61588	1
2013946	280988	1
2013947	584735	1
2013948	272358	1
2013951	159776	1
2013955	21223	1
2013956	525465	1
2013960	557685	1
2013961	316363	1
2013963	421268	1
2013965	475804	1
2013968	101604	1
2013971	93748	1
2013973	550581	1
2013974	411734	1
2013975	463518	1
2013976	330783	1
2013980	302684	1
2013981	341999	1
2013982	303265	1
2013983	493917	1
2013984	216904	1
2013985	474155	1
2013986	224434	1
2013988	453548	1
2013991	344143	1
2013992	352566	1
2013993	126002	1
2013997	273421	1
2013999	36030	1
2014001	177430	1
2014004	428284	1
2014005	273512	1
2014006	410609	1
2014007	307101	1
2014008	374054	1
2014009	46818	1
2014010	583646	1
2014012	76074	1
2014013	263837	1
2014015	329496	1
2014017	570635	1
2014019	11198	1
2014020	375769	1
2014024	532259	1
2014025	122794	1
2014026	53140	1
2014027	30241	1
2014028	75386	1
2014029	249259	1
2014031	60148	1
2014038	493548	1
2014041	201828	1
2014044	23013	1
2014045	398896	1
2014049	382771	1
2014050	396184	1
2014052	410293	1
2014053	237188	1
2014055	317668	1
2014056	559791	1
2014057	239368	1
2014058	229177	1
2014061	338615	1
2014064	33154	1
2014065	520590	1
2014067	598159	1
2014069	362928	1
2014071	471545	1
2014073	459039	1
2014074	308952	1
2014081	528526	1
2014083	249854	1
2014086	429414	1
2014087	200183	1
2014089	569659	1
2014090	117819	1
2014092	385208	1
2014094	285296	1
2014095	392212	1
2014096	475149	1
2014099	524077	1
2014102	454399	1
2014104	30196	1
2014105	522645	1
2014106	167214	1
2014107	13071	1
2014108	403872	1
2014109	271739	1
2014110	137138	1
2014113	118530	1
2014114	205989	1
2014115	477001	1
2014116	194944	1
2014121	449696	1
2014122	532318	1
2014123	170065	1
2014125	403521	1
2014129	160166	1
2014130	599178	1
2014131	309483	1
2014134	282775	1
2014136	59872	1
2014138	461215	1
2014139	108555	1
2014141	275376	1
2014142	126770	1
2014144	558145	1
2014148	460308	1
2014149	368770	1
2014153	360288	1
2014154	80784	1
2014155	342659	1
2014157	6473	1
2014158	142075	1
2014159	237337	1
2014162	438287	1
2014164	245340	1
2014165	65143	1
2014170	511851	1
2014175	594378	1
2014176	16559	1
2014177	538860	1
2014178	429784	1
2014180	184905	1
2014184	582926	1
2014185	410923	1
2014186	13933	1
2014188	295342	1
2014190	268989	1
2014193	476951	1
2014200	116630	1
2014201	617	1
2014202	339295	1
2014206	584929	1
2014211	382034	1
2014212	210437	1
2014213	96407	1
2014214	390293	1
2014215	207635	1
2014217	62451	1
2014219	423873	1
2014220	343392	1
2014222	324337	1
2014224	73557	1
2014229	81163	1
2014234	221998	1
2014236	219231	1
2014238	430017	1
2014239	565856	1
2014245	469320	1
2014246	592606	1
2014247	134829	1
2014248	278518	1
2014249	452563	1
2014250	289565	1
2014253	333184	1
2014256	256401	1
2014257	322535	1
2014259	38519	1
2014260	386535	1
2014263	374235	1
2014267	569658	1
2014270	540325	1
2014272	521349	1
2014273	588888	1
2014274	538840	1
2014279	110202	1
2014280	387801	1
2014283	240306	1
2014284	459726	1
2014287	552180	1
2014288	127483	1
2014289	526410	1
2014291	176709	1
2014292	17219	1
2014294	530410	1
2014295	183856	1
2014304	265212	1
2014305	486018	1
2014306	594461	1
2014310	248544	1
2014313	93215	1
2014314	455763	1
2014315	7074	1
2014317	578779	1
2014318	29237	1
2014320	196225	1
2014322	146484	1
2014323	82812	1
2014325	113529	1
2014328	352558	1
2014329	506347	1
2014330	231674	1
2014331	39268	1
2014332	515530	1
2014335	233792	1
2014337	117065	1
2014340	103475	1
2014344	95798	1
2014346	304274	1
2014350	477481	1
2014351	122940	1
2014352	418700	1
2014353	284170	1
2014356	478403	1
2014358	11791	1
2014369	266894	1
2014371	93969	1
2014376	347177	1
2014377	88159	1
2014378	40728	1
2014379	336140	1
2014380	531026	1
2014381	130349	1
2014383	549375	1
2014387	4495	1
2014390	470928	1
2014394	11685	1
2014395	525292	1
2014397	182084	1
2014399	366191	1
2014403	227479	1
2014407	363178	1
2014411	363564	1
2014413	237693	1
2014414	286329	1
2014418	276784	1
2014421	36350	1
2014425	438988	1
2014428	418213	1
2014429	5064	1
2014430	587462	1
2014431	298574	1
2014432	476294	1
2014434	63665	1
2014435	595526	1
2014436	98221	1
2014437	284115	1
2014438	242008	1
2014440	298108	1
2014443	193731	1
2014444	447637	1
2014445	294507	1
2014446	543043	1
2014451	553348	1
2014453	348874	1
2014455	487872	1
2014456	534413	1
2014463	265099	1
2014464	201194	1
2014465	166013	1
2014466	472706	1
2014467	546902	1
2014469	363066	1
2014471	343907	1
2014474	98286	1
2014475	470173	1
2014478	331296	1
2014479	535151	1
2014481	194086	1
2014482	116966	1
2014483	346894	1
2014485	374523	1
2014489	401792	1
2014493	19654	1
2014494	380714	1
2014495	126406	1
2014496	133572	1
2014498	59290	1
2014504	155843	1
2014505	336532	1
2014506	326590	1
2014508	170768	1
2014510	526703	1
2014511	423737	1
2014512	359830	1
2014516	485331	1
2014518	501090	1
2014521	421260	1
2014522	484295	1
2014523	471560	1
2014524	393550	1
2014527	344955	1
2014528	293676	1
2014529	16589	1
2014531	372771	1
2014535	461497	1
2014538	202140	1
2014539	326380	1
2014540	382162	1
2014543	392936	1
2014545	435817	1
2014547	189590	1
2014548	351805	1
2014549	445419	1
2014553	594724	1
2014554	291486	1
2014556	131685	1
2014557	131831	1
2014558	260631	1
2014559	238398	1
2014566	437738	1
2014568	270836	1
2014576	140571	1
2014579	506734	1
2014584	457659	1
2014585	173346	1
2014586	404636	1
2014588	235325	1
2014594	466146	1
2014595	364378	1
2014597	179207	1
2014598	545270	1
2014601	144634	1
2014602	373442	1
2014604	205075	1
2014606	28496	1
2014607	328251	1
2014609	117627	1
2014613	61655	1
2014614	66911	1
2014616	563307	1
2014618	563544	1
2014619	58509	1
2014621	189424	1
2014622	494541	1
2014623	135050	1
2014626	386157	1
2014628	361112	1
2014629	341346	1
2014631	549092	1
2014632	560021	1
2014634	53996	1
2014635	264946	1
2014637	242294	1
2014638	542466	1
2014640	401641	1
2014642	141088	1
2014643	32236	1
2014648	71317	1
2014649	159344	1
2014650	277161	1
2014654	172918	1
2014657	441536	1
2014658	321940	1
2014660	552358	1
2014661	192696	1
2014665	542828	1
2014667	33462	1
2014668	170054	1
2014671	175139	1
2014673	151639	1
2014675	448689	1
2014676	205563	1
2014677	176156	1
2014682	189584	1
2014686	521552	1
2014687	530110	1
2014688	125371	1
2014690	468732	1
2014691	421141	1
2014694	446909	1
2014698	383239	1
2014702	334071	1
2014704	280953	1
2014708	185207	1
2014709	142188	1
2014710	572612	1
2014711	543042	1
2014712	487280	1
2014718	13228	1
2014719	192264	1
2014720	408661	1
2014721	545752	1
2014722	327480	1
2014726	453668	1
2014729	411558	1
2014730	391418	1
2014735	289502	1
2014737	83680	1
2014738	92744	1
2014739	182004	1
2014741	347217	1
2014745	282101	1
2014746	368087	1
2014747	448308	1
2014748	292627	1
2014749	497334	1
2014750	195683	1
2014752	424032	1
2014753	356404	1
2014755	427327	1
2014757	416297	1
2014759	333041	1
2014761	220134	1
2014762	475368	1
2014763	439281	1
2014766	523461	1
2014767	356785	1
2014771	358640	1
2014776	215705	1
2014777	413029	1
2014779	285112	1
2014783	204195	1
2014785	188175	1
2014786	259152	1
2014788	475335	1
2014792	125722	1
2014795	288999	1
2014797	113606	1
2014799	347554	1
2014801	559761	1
2014803	436884	1
2014804	482228	1
2014808	111516	1
2014810	399404	1
2014811	212231	1
2014812	255517	1
2014815	157474	1
2014818	295553	1
2014821	143249	1
2014824	87371	1
2014826	425902	1
2014827	188803	1
2014828	48265	1
2014830	403695	1
2014831	83918	1
2014832	149581	1
2014837	139150	1
2014839	572483	1
2014842	583330	1
2014844	574718	1
2014847	569366	1
2014849	158841	1
2014850	93999	1
2014852	115984	1
2014854	114968	1
2014855	185827	1
2014856	593373	1
2014860	39125	1
2014861	563582	1
2014863	293023	1
2014864	333390	1
2014865	177101	1
2014868	46272	1
2014871	411034	1
2014874	96083	1
2014876	196297	1
2014878	302683	1
2014879	3466	1
2014880	84301	1
2014881	578508	1
2014883	578267	1
2014886	267204	1
2014887	261912	1
2014891	255051	1
2014894	20612	1
2014895	236866	1
2014896	512429	1
2014899	489762	1
2014901	250800	1
2014903	292741	1
2014906	225468	1
2014908	392054	1
2014909	165099	1
2014910	92522	1
2014913	272722	1
2014915	134610	1
2014916	155908	1
2014921	211646	1
2014923	354116	1
2014924	175339	1
2014929	252568	1
2014930	39518	1
2014932	192437	1
2014933	403024	1
2014935	115716	1
2014937	457416	1
2014940	386016	1
2014941	343080	1
2014947	534014	1
2014948	494186	1
2014949	480850	1
2014950	179689	1
2014952	123520	1
2014954	425937	1
2014958	482543	1
2014960	250721	1
2014961	249354	1
2014962	571855	1
2014963	287112	1
2014966	159636	1
2014968	490641	1
2014972	390559	1
2014973	448262	1
2014974	102066	1
2014975	259766	1
2014976	469529	1
2014978	4807	1
2014979	135603	1
2014981	517283	1
2014985	389035	1
2014986	97386	1
2014988	503250	1
2014990	519496	1
2014993	30750	1
2014994	82767	1
2014998	411906	1
2014999	436714	1
2015000	483916	1
2015003	218629	1
2015004	386412	1
2015007	597683	1
2015009	291334	1
2015010	231512	1
2015011	345836	1
2015014	100628	1
2015016	93573	1
2015018	285186	1
2015021	94350	1
2015022	253692	1
2015023	497638	1
2015024	244787	1
2015025	92537	1
2015026	27196	1
2015028	568525	1
2015029	145107	1
2015030	406496	1
2015042	555836	1
2015043	174450	1
2015044	62553	1
2015045	105314	1
2015047	52617	1
2015050	66245	1
2015052	483675	1
2015054	73821	1
2015056	50860	1
2015057	309684	1
2015063	535805	1
2015064	572904	1
2015065	529993	1
2015066	177124	1
2015067	18242	1
2015068	509155	1
2015070	483026	1
2015071	314508	1
2015076	199399	1
2015079	414863	1
2015080	565684	1
2015081	214724	1
2015085	28172	1
2015095	245202	1
2015097	54077	1
2015102	284074	1
2015103	580025	1
2015106	118302	1
2015107	44768	1
2015110	233892	1
2015115	150477	1
2015116	547325	1
2015118	140515	1
2015121	270369	1
2015122	240060	1
2015125	72094	1
2015126	422609	1
2015127	144290	1
2015130	576181	1
2015132	229651	1
2015134	141430	1
2015135	149721	1
2015139	569642	1
2015141	551883	1
2015142	160668	1
2015147	595275	1
2015150	41673	1
2015153	155344	1
2015154	414448	1
2015155	116258	1
2015156	156881	1
2015158	449827	1
2015159	156264	1
2015160	437424	1
2015161	119381	1
2015162	441836	1
2015163	320853	1
2015164	533109	1
2015169	425703	1
2015174	505740	1
2015180	99894	1
2015181	243092	1
2015182	264400	1
2015183	108671	1
2015186	569268	1
2015187	137526	1
2015190	516371	1
2015192	115745	1
2015193	533948	1
2015195	131382	1
2015196	361592	1
2015197	480802	1
2015198	557392	1
2015202	5706	1
2015207	539881	1
2015208	47682	1
2015210	304777	1
2015212	274924	1
2015213	462942	1
2015214	353508	1
2015215	574832	1
2015216	478168	1
2015217	258447	1
2015219	466189	1
2015220	543515	1
2015222	431566	1
2015224	129373	1
2015226	323129	1
2015227	380061	1
2015228	395677	1
2015230	387610	1
2015238	121100	1
2015239	83025	1
2015240	475527	1
2015241	562111	1
2015246	382831	1
2015247	361177	1
2015249	252998	1
2015250	13712	1
2015251	49055	1
2015255	377266	1
2015256	145643	1
2015257	262249	1
2015260	238484	1
2015262	566546	1
2015264	568638	1
2015266	4063	1
2015272	221409	1
2015275	536009	1
2015277	227991	1
2015278	538207	1
2015280	338899	1
2015284	238384	1
2015285	558258	1
2015289	32064	1
2015291	554214	1
2015293	499407	1
2015294	309550	1
2015295	207966	1
2015297	139519	1
2015299	338943	1
2015300	41998	1
2015301	195687	1
2015302	551816	1
2015304	482137	1
2015305	303489	1
2015306	342821	1
2015307	53012	1
2015308	447639	1
2015309	280492	1
2015311	472347	1
2015312	332698	1
2015313	178611	1
2015314	5587	1
2015315	62060	1
2015316	171295	1
2015317	588555	1
2015319	212865	1
2015321	193186	1
2015322	416006	1
2015323	511076	1
2015328	62281	1
2015330	264156	1
2015331	133075	1
2015335	137794	1
2015337	151555	1
2015339	101391	1
2015341	171171	1
2015343	500403	1
2015344	232059	1
2015345	108719	1
2015346	162176	1
2015347	409402	1
2015349	493898	1
2015351	240885	1
2015353	168329	1
2015354	27346	1
2015355	145270	1
2015359	277429	1
2015360	229939	1
2015361	38174	1
2015362	300373	1
2015364	267059	1
2015367	12926	1
2015368	244157	1
2015369	124978	1
2015370	103544	1
2015371	490015	1
2015372	262400	1
2015374	367007	1
2015378	239962	1
2015379	557249	1
2015380	131379	1
2015382	573036	1
2015385	32010	1
2015387	12347	1
2015389	117498	1
2015392	226060	1
2015394	572127	1
2015395	217983	1
2015396	259336	1
2015397	140633	1
2015398	554576	1
2015399	197579	1
2015401	372657	1
2015403	326887	1
2015406	513252	1
2015410	366839	1
2015411	374843	1
2015413	462465	1
2015415	329840	1
2015416	162456	1
2015417	3559	1
2015419	34481	1
2015420	82633	1
2015421	440373	1
2015422	250498	1
2015423	471646	1
2015424	493813	1
2015425	95298	1
2015426	101663	1
2015433	240448	1
2015439	344093	1
2015446	462647	1
2015447	385359	1
2015448	249083	1
2015452	388856	1
2015454	199648	1
2015457	94809	1
2015461	21376	1
2015462	559237	1
2015463	149542	1
2015470	598960	1
2015472	245646	1
2015473	529553	1
2015474	439717	1
2015476	296075	1
2015478	4181	1
2015479	573955	1
2015481	210444	1
2015492	565816	1
2015493	162012	1
2015495	296281	1
2015498	358960	1
2015501	413924	1
2015505	583115	1
2015506	121543	1
2015507	315363	1
2015509	469553	1
2015513	471463	1
2015514	36713	1
2015520	9373	1
2015521	143969	1
2015522	434116	1
2015525	22651	1
2015526	36136	1
2015527	548699	1
2015528	285220	1
2015530	15195	1
2015534	119968	1
2015539	2828	1
2015540	394296	1
2015547	50330	1
2015550	378946	1
2015552	374158	1
2015553	415034	1
2015554	107747	1
2015556	382730	1
2015557	128670	1
2015563	523523	1
2015564	155376	1
2015565	404805	1
2015566	517626	1
2015571	407449	1
2015572	226625	1
2015573	480423	1
2015576	212422	1
2015578	249265	1
2015579	574202	1
2015580	293621	1
2015582	273211	1
2015584	254488	1
2015585	449336	1
2015587	5978	1
2015588	74462	1
2015592	358594	1
2015594	296405	1
2015595	27524	1
2015599	13465	1
2015602	92087	1
2015607	309188	1
2015609	45031	1
2015611	280763	1
2015612	385574	1
2015613	455933	1
2015614	283630	1
2015615	527904	1
2015616	192788	1
2015617	170227	1
2015621	234546	1
2015623	264630	1
2015624	316501	1
2015626	302899	1
2015628	430696	1
2015629	578692	1
2015632	303426	1
2015636	527901	1
2015642	288506	1
2015643	29540	1
2015645	63568	1
2015646	254253	1
2015647	441527	1
2015649	277752	1
2015651	444581	1
2015660	271919	1
2015663	104409	1
2015664	54980	1
2015666	280672	1
2015668	142980	1
2015673	220269	1
2015674	562879	1
2015675	431765	1
2015676	599731	1
2015677	545704	1
2015679	582238	1
2015680	236759	1
2015681	579748	1
2015682	358204	1
2015683	129848	1
2015685	220928	1
2015686	246485	1
2015689	176054	1
2015692	486616	1
2015696	525959	1
2015704	96015	1
2015705	208299	1
2015707	296747	1
2015708	441772	1
2015710	331516	1
2015711	151068	1
2015714	187882	1
2015715	514166	1
2015716	200893	1
2015717	412076	1
2015718	463843	1
2015719	273436	1
2015720	38046	1
2015722	446633	1
2015723	255299	1
2015724	180771	1
2015725	400936	1
2015726	520088	1
2015729	419808	1
2015730	50905	1
2015733	241791	1
2015737	252901	1
2015738	199980	1
2015739	81687	1
2015743	166215	1
2015747	350583	1
2015748	447447	1
2015751	775	1
2015755	462322	1
2015757	94726	1
2015759	530349	1
2015760	364619	1
2015761	327623	1
2015763	260274	1
2015764	388455	1
2015766	26711	1
2015767	202369	1
2015769	195519	1
2015770	270549	1
2015771	330865	1
2015772	19356	1
2015773	156751	1
2015774	569291	1
2015775	112480	1
2015778	107753	1
2015779	119518	1
2015781	72058	1
2015782	39393	1
2015783	466867	1
2015784	7513	1
2015792	412056	1
2015794	245483	1
2015795	542845	1
2015796	44451	1
2015799	528908	1
2015800	487040	1
2015802	510465	1
2015805	5337	1
2015806	26011	1
2015810	16866	1
2015811	95805	1
2015812	527416	1
2015813	476972	1
2015821	353004	1
2015822	595759	1
2015824	152104	1
2015826	74282	1
2015827	451276	1
2015829	58614	1
2015833	447336	1
2015834	576510	1
2015835	342522	1
2015836	551860	1
2015838	285141	1
2015841	271974	1
2015844	431359	1
2015845	12940	1
2015846	241819	1
2015847	537875	1
2015848	102391	1
2015849	134279	1
2015851	36783	1
2015852	71606	1
2015853	560747	1
2015854	515402	1
2015857	317454	1
2015859	432555	1
2015862	215952	1
2015863	206265	1
2015867	544603	1
2015868	122012	1
2015869	222110	1
2015871	290143	1
2015874	579012	1
2015875	348169	1
2015876	457941	1
2015877	112204	1
2015878	423187	1
2015881	259657	1
2015883	386265	1
2015885	61418	1
2015887	227926	1
2015888	40300	1
2015889	33912	1
2015891	576069	1
2015893	568052	1
2015895	335352	1
2015902	412078	1
2015906	329161	1
2015910	252783	1
2015912	326665	1
2015913	8811	1
2015914	149415	1
2015915	445076	1
2015916	461898	1
2015917	112519	1
2015918	121469	1
2015922	130651	1
2015924	105170	1
2015927	158258	1
2015928	90369	1
2015930	367216	1
2015931	431499	1
2015932	275192	1
2015933	345849	1
2015942	354102	1
2015943	474596	1
2015945	108207	1
2015947	137415	1
2015951	199328	1
2015955	109973	1
2015956	333653	1
2015957	17307	1
2015959	386568	1
2015960	467909	1
2015965	325978	1
2015966	553062	1
2015971	150890	1
2015973	1802	1
2015974	495351	1
2015976	582922	1
2015977	83434	1
2015978	197849	1
2015979	460717	1
2015980	173869	1
2015984	561433	1
2015987	277448	1
2015988	486095	1
2015991	306703	1
2015992	165108	1
2015995	188903	1
2016002	189457	1
2016006	74143	1
2016012	571470	1
2016019	453147	1
2016021	353070	1
2016023	197506	1
2016025	534649	1
2016027	144301	1
2016028	214944	1
2016029	459111	1
2016032	20797	1
2016040	509594	1
2016041	215458	1
2016042	525445	1
2016045	89242	1
2016047	179737	1
2016049	430373	1
2016052	566225	1
2016053	246731	1
2016055	21356	1
2016058	566072	1
2016060	452384	1
2016062	386778	1
2016063	123702	1
2016066	249972	1
2016067	387435	1
2016070	514383	1
2016071	571553	1
2016075	212270	1
2016076	10703	1
2016078	328521	1
2016079	517762	1
2016080	9674	1
2016081	412487	1
2016085	246106	1
2016088	392609	1
2016090	515513	1
2016091	549227	1
2016093	529853	1
2016094	576047	1
2016097	260328	1
2016099	422989	1
2016100	115390	1
2016101	103842	1
2016102	230340	1
2016104	470879	1
2016105	541608	1
2016110	219623	1
2016111	416855	1
2016113	167024	1
2016114	403615	1
2016115	234846	1
2016117	483322	1
2016123	335731	1
2016124	205772	1
2016126	105733	1
2016128	49345	1
2016129	129790	1
2016130	317569	1
2016131	282375	1
2016134	452166	1
2016137	547866	1
2016138	545261	1
2016139	204348	1
2016141	303964	1
2016144	191303	1
2016146	341348	1
2016148	202638	1
2016151	420486	1
2016152	34531	1
2016155	350354	1
2016156	204151	1
2016159	310871	1
2016160	247472	1
2016161	375930	1
2016162	261690	1
2016163	518045	1
2016164	256983	1
2016167	257782	1
2016169	103234	1
2016173	51914	1
2016176	32131	1
2016177	597191	1
2016179	23443	1
2016180	476413	1
2016182	573298	1
2016184	227182	1
2016188	236472	1
2016193	504010	1
2016204	316103	1
2016205	184297	1
2016206	566171	1
2016207	441669	1
2016208	469035	1
2016211	183098	1
2016213	52256	1
2016215	591652	1
2016217	569470	1
2016218	168902	1
2016219	66183	1
2016220	141069	1
2016222	578208	1
2016223	486947	1
2016227	105983	1
2016228	359602	1
2016233	137307	1
2016235	184908	1
2016237	242992	1
2016241	488228	1
2016243	291698	1
2016245	351504	1
2016246	415708	1
2016247	468858	1
2016248	141241	1
2016249	176326	1
2016250	279870	1
2016251	588540	1
2016252	342143	1
2016257	419756	1
2016258	199017	1
2016261	350926	1
2016268	562780	1
2016269	265098	1
2016270	153353	1
2016271	235369	1
2016273	243416	1
2016277	359890	1
2016278	146595	1
2016281	378222	1
2016282	113148	1
2016284	142832	1
2016288	406867	1
2016290	136436	1
2016291	81934	1
2016293	498140	1
2016295	1173	1
2016296	123146	1
2016297	543567	1
2016298	90985	1
2016301	465802	1
2016303	93646	1
2016306	13496	1
2016307	150902	1
2016308	471700	1
2016312	71768	1
2016314	227347	1
2016315	418415	1
2016318	568382	1
2016320	547374	1
2016328	355717	1
2016331	462653	1
2016332	380778	1
2016333	167880	1
2016335	386115	1
2016336	249587	1
2016337	34035	1
2016347	470648	1
2016350	188280	1
2016352	455576	1
2016354	216849	1
2016356	544470	1
2016362	528337	1
2016364	100233	1
2016365	589044	1
2016368	406501	1
2016369	79084	1
2016376	322479	1
2016377	586237	1
2016380	544730	1
2016381	194014	1
2016384	209846	1
2016385	56564	1
2016390	230906	1
2016395	291863	1
2016399	50571	1
2016401	39793	1
2016402	81548	1
2016404	225561	1
2016405	103461	1
2016406	30261	1
2016407	465041	1
2016409	235670	1
2016411	11998	1
2016412	172912	1
2016413	570064	1
2016414	268383	1
2016415	368119	1
2016416	458828	1
2016418	166497	1
2016422	365740	1
2016426	439642	1
2016428	231425	1
2016429	395161	1
2016431	195943	1
2016433	428652	1
2016434	115053	1
2016437	181802	1
2016439	423576	1
2016441	68472	1
2016444	207677	1
2016445	244642	1
2016447	247124	1
2016448	164209	1
2016449	521835	1
2016450	301236	1
2016451	69856	1
2016453	138120	1
2016455	242263	1
2016457	103528	1
2016458	590999	1
2016460	595791	1
2016461	178664	1
2016463	205428	1
2016465	82005	1
2016466	351840	1
2016468	253202	1
2016470	543267	1
2016473	436147	1
2016475	147573	1
2016476	557169	1
2016481	441105	1
2016482	479351	1
2016483	177585	1
2016484	508438	1
2016485	574037	1
2016490	253359	1
2016491	577593	1
2016495	405997	1
2016497	253778	1
2016499	367409	1
2016500	181588	1
2016503	324656	1
2016504	474787	1
2016506	321137	1
2016507	372777	1
2016508	569242	1
2016509	591616	1
2016512	119502	1
2016514	450018	1
2016517	163049	1
2016518	378024	1
2016520	475632	1
2016523	496686	1
2016525	170627	1
2016526	204437	1
2016528	519754	1
2016529	519500	1
2016530	25625	1
2016531	510610	1
2016533	170190	1
2016534	125296	1
2016535	270678	1
2016537	279909	1
2016539	463579	1
2016540	306398	1
2016543	160859	1
2016544	290240	1
2016545	523359	1
2016546	514608	1
2016547	486713	1
2016550	552061	1
2016554	199470	1
2016559	400395	1
2016562	199107	1
2016563	406259	1
2016567	351551	1
2016568	111511	1
2016569	94839	1
2016570	262039	1
2016571	85504	1
2016572	428737	1
2016573	426189	1
2016574	463118	1
2016575	517552	1
2016579	594990	1
2016580	211708	1
2016581	206829	1
2016584	252806	1
2016585	413368	1
2016587	69017	1
2016588	524254	1
2016591	463955	1
2016593	57907	1
2016596	66676	1
2016600	77194	1
2016601	307092	1
2016607	422571	1
2016609	212983	1
2016610	409124	1
2016611	183959	1
2016612	350592	1
2016614	19711	1
2016616	99430	1
2016617	528403	1
2016618	364043	1
2016620	569188	1
2016621	507664	1
2016625	25600	1
2016628	188023	1
2016631	34959	1
2016634	525391	1
2016636	387722	1
2016637	279291	1
2016638	552486	1
2016639	376268	1
2016641	369147	1
2016643	203058	1
2016646	389654	1
2016648	439548	1
2016649	292935	1
2016652	126081	1
2016653	99019	1
2016654	340402	1
2016656	129135	1
2016657	360007	1
2016662	337772	1
2016663	446402	1
2016664	298638	1
2016667	144208	1
2016670	419260	1
2016671	419188	1
2016674	309538	1
2016676	560468	1
2016678	589139	1
2016681	477118	1
2016682	130318	1
2016683	496997	1
2016686	558251	1
2016688	383188	1
2016690	99546	1
2016692	493512	1
2016693	94088	1
2016694	482433	1
2016697	445722	1
2016698	433863	1
2016699	306255	1
2016701	275929	1
2016702	348995	1
2016705	445789	1
2016707	434754	1
2016710	509189	1
2016711	407230	1
2016714	130499	1
2016717	404708	1
2016719	124194	1
2016720	428133	1
2016721	358363	1
2016723	175928	1
2016725	348029	1
2016726	232538	1
2016727	429901	1
2016728	484054	1
2016729	199644	1
2016730	536616	1
2016731	311951	1
2016736	559691	1
2016738	470596	1
2016739	173195	1
2016744	460839	1
2016745	463740	1
2016749	25516	1
2016750	522867	1
2016751	98283	1
2016755	123199	1
2016756	200457	1
2016758	510839	1
2016760	68975	1
2016763	205121	1
2016766	62308	1
2016767	546281	1
2016768	281045	1
2016770	398090	1
2016771	212558	1
2016772	2960	1
2016777	183200	1
2016778	222614	1
2016779	546693	1
2016783	267818	1
2016784	17798	1
2016785	538958	1
2016786	481235	1
2016788	331023	1
2016789	396006	1
2016791	441183	1
2016796	286606	1
2016797	55924	1
2016799	377007	1
2016800	466648	1
2016802	62834	1
2016803	219421	1
2016806	49634	1
2016810	53497	1
2016814	428123	1
2016816	566838	1
2016818	16714	1
2016821	344096	1
2016822	554242	1
2016828	36754	1
2016829	409500	1
2016830	519221	1
2016831	334653	1
2016832	148346	1
2016835	501956	1
2016838	171576	1
2016840	276671	1
2016842	507000	1
2016844	215267	1
2016845	559968	1
2016848	21948	1
2016849	304933	1
2016853	273101	1
2016857	53434	1
2016861	84761	1
2016864	394231	1
2016865	140819	1
2016868	582626	1
2016870	160839	1
2016872	51461	1
2016873	473099	1
2016874	79453	1
2016875	20814	1
2016876	490098	1
2016880	68833	1
2016881	72209	1
2016884	309065	1
2016887	182042	1
2016888	497629	1
2016889	148736	1
2016891	375244	1
2016892	296718	1
2016896	591168	1
2016902	74251	1
2016903	425696	1
2016905	296959	1
2016907	303621	1
2016915	194011	1
2016917	497680	1
2016919	244832	1
2016921	342350	1
2016924	349384	1
2016925	283982	1
2016927	287837	1
2016928	15074	1
2016929	393468	1
2016930	566894	1
2016931	246286	1
2016932	410245	1
2016933	532293	1
2016934	203909	1
2016937	495418	1
2016940	254375	1
2016946	367086	1
2016947	263809	1
2016954	324360	1
2016956	77036	1
2016960	453714	1
2016961	309155	1
2016962	577147	1
2016964	470177	1
2016965	594911	1
2016967	527001	1
2016968	275555	1
2016970	457684	1
2016972	41191	1
2016975	77636	1
2016977	569938	1
2016978	53903	1
2016979	80158	1
2016980	204473	1
2016982	221746	1
2016985	546091	1
2016989	437178	1
2016990	332324	1
2016992	32864	1
2016993	135849	1
2016994	53067	1
2016996	397823	1
2017002	327516	1
2017008	436638	1
2017009	92901	1
2017011	275512	1
2017013	517532	1
2017015	24431	1
2017017	427727	1
2017018	496876	1
2017021	454169	1
2017022	480475	1
2017023	82874	1
2017025	173587	1
2017031	547860	1
2017032	239244	1
2017033	66692	1
2017039	573380	1
2017042	126947	1
2017043	49690	1
2017048	181458	1
2017051	167554	1
2017053	274415	1
2017054	470251	1
2017056	161034	1
2017058	467969	1
2017059	44702	1
2017061	136540	1
2017062	137732	1
2017063	488884	1
2017064	276733	1
2017065	540595	1
2017067	456066	1
2017068	340517	1
2017070	455891	1
2017071	583991	1
2017072	171082	1
2017073	440458	1
2017074	39993	1
2017075	282196	1
2017078	41033	1
2017079	108059	1
2017080	27565	1
2017082	241643	1
2017083	199252	1
2017084	241704	1
2017085	13755	1
2017087	91656	1
2017088	599715	1
2017090	321058	1
2017094	101112	1
2017095	322053	1
2017096	422926	1
2017098	343361	1
2017099	57344	1
2017100	370443	1
2017101	277942	1
2017102	574617	1
2017105	417541	1
2017106	527912	1
2017108	314794	1
2017109	129355	1
2017110	129203	1
2017113	500877	1
2017115	466069	1
2017119	407959	1
2017124	59345	1
2017126	489352	1
2017128	442757	1
2017130	27625	1
2017131	593055	1
2017139	381559	1
2017142	205141	1
2017144	403109	1
2017146	122081	1
2017153	8595	1
2017154	512734	1
2017156	563092	1
2017160	345039	1
2017161	453450	1
2017162	534955	1
2017164	507524	1
2017165	48866	1
2017166	196543	1
2017168	163448	1
2017170	120742	1
2017171	551610	1
2017172	571136	1
2017174	103153	1
2017176	36129	1
2017177	365191	1
2017182	63909	1
2017185	250018	1
2017189	468603	1
2017191	325592	1
2017192	279403	1
2017198	533717	1
2017200	257691	1
2017202	20481	1
2017203	441874	1
2017204	575110	1
2017205	563732	1
2017206	369346	1
2017211	300705	1
2017215	372073	1
2017216	228602	1
2017217	104600	1
2017218	528707	1
2017219	118171	1
2017220	363740	1
2017221	210688	1
2017222	192587	1
2017225	378711	1
2017227	105142	1
2017231	181187	1
2017233	298563	1
2017234	496062	1
2017235	121835	1
2017237	486875	1
2017241	452486	1
2017242	51155	1
2017245	560090	1
2017251	391765	1
2017252	80978	1
2017254	163389	1
2017257	179653	1
2017259	428464	1
2017262	195216	1
2017263	382502	1
2017265	145878	1
2017266	72141	1
2017269	239977	1
2017270	572670	1
2017271	401226	1
2017274	558403	1
2017279	152818	1
2017281	444911	1
2017282	228116	1
2017286	203175	1
2017287	561313	1
2017289	130727	1
2017290	359435	1
2017292	39099	1
2017295	582044	1
2017296	392894	1
2017297	259300	1
2017298	262070	1
2017299	274536	1
2017303	289982	1
2017304	456590	1
2017305	577200	1
2017306	9299	1
2017307	556029	1
2017311	287493	1
2017312	388042	1
2017318	451180	1
2017320	307477	1
2017321	4312	1
2017326	75616	1
2017327	191644	1
2017328	541770	1
2017331	576834	1
2017334	532154	1
2017342	584858	1
2017344	56320	1
2017345	493335	1
2017347	291922	1
2017349	584099	1
2017350	158147	1
2017351	465876	1
2017352	584577	1
2017353	51645	1
2017356	491207	1
2017357	49741	1
2017360	64077	1
2017362	306559	1
2017363	540859	1
2017364	482160	1
2017365	253402	1
2017376	563584	1
2017377	136140	1
2017378	16426	1
2017379	310974	1
2017381	40093	1
2017384	437041	1
2017385	460808	1
2017386	507096	1
2017387	156703	1
2017389	449367	1
2017390	319783	1
2017392	481896	1
2017393	201055	1
2017394	413745	1
2017395	154920	1
2017397	107199	1
2017399	104552	1
2017400	578836	1
2017401	432799	1
2017406	199196	1
2017408	325019	1
2017409	483043	1
2017410	538690	1
2017411	213445	1
2017412	383012	1
2017413	540516	1
2017417	471111	1
2017421	287227	1
2017426	501548	1
2017428	471714	1
2017432	251049	1
2017433	80122	1
2017435	344165	1
2017436	305376	1
2017437	597732	1
2017441	301097	1
2017443	104135	1
2017444	138	1
2017450	456539	1
2017451	135724	1
2017452	554589	1
2017453	484301	1
2017455	296142	1
2017457	188199	1
2017458	67565	1
2017459	23725	1
2017464	587233	1
2017467	128469	1
2017472	354196	1
2017474	234689	1
2017477	181191	1
2017479	378110	1
2017480	499575	1
2017481	101083	1
2017482	374269	1
2017488	201019	1
2017489	420634	1
2017492	446267	1
2017497	333336	1
2017498	245716	1
2017499	248133	1
2017502	339955	1
2017503	579066	1
2017504	475596	1
2017505	525268	1
2017506	235679	1
2017509	404175	1
2017510	526589	1
2017514	93611	1
2017515	170738	1
2017516	537919	1
2017518	375325	1
2017521	266980	1
2017525	198085	1
2017526	273552	1
2017527	131502	1
2017528	585766	1
2017530	452424	1
2017531	43060	1
2017533	96168	1
2017534	29582	1
2017536	235720	1
2017539	267860	1
2017543	543842	1
2017544	80403	1
2017547	443945	1
2017549	22360	1
2017552	477028	1
2017553	157537	1
2017555	520226	1
2017557	520000	1
2017562	401899	1
2017563	471755	1
2017564	19721	1
2017565	244100	1
2017566	82078	1
2017567	28160	1
2017569	150601	1
2017570	188098	1
2017575	250191	1
2017578	285406	1
2017580	49005	1
2017582	411462	1
2017586	368180	1
2017587	246082	1
2017590	202482	1
2017591	292861	1
2017592	536937	1
2017593	158462	1
2017595	377056	1
2017597	391901	1
2017598	279315	1
2017599	593525	1
2017600	388973	1
2017602	591604	1
2017603	307247	1
2017604	50428	1
2017607	217431	1
2017609	534967	1
2017610	39886	1
2017611	245804	1
2017614	400775	1
2017616	100099	1
2017622	332926	1
2017623	270685	1
2017627	114888	1
2017629	339042	1
2017631	21961	1
2017632	317900	1
2017633	35725	1
2017636	276934	1
2017637	265213	1
2017638	33117	1
2017639	245766	1
2017640	429538	1
2017641	4941	1
2017642	222035	1
2017644	577152	1
2017645	538937	1
2017647	505154	1
2017648	229157	1
2017649	181965	1
2017650	258986	1
2017652	282118	1
2017655	396574	1
2017658	337281	1
2017663	180265	1
2017665	433812	1
2017666	40088	1
2017667	303001	1
2017669	440939	1
2017671	172898	1
2017675	40341	1
2017678	376129	1
2017680	519153	1
2017685	171557	1
2017687	229849	1
2017691	221676	1
2017692	187294	1
2017693	144920	1
2017695	214229	1
2017696	162577	1
2017698	561151	1
2017701	217306	1
2017704	436071	1
2017705	440495	1
2017709	458080	1
2017710	345336	1
2017711	286599	1
2017713	198653	1
2017715	243487	1
2017718	104328	1
2017722	246029	1
2017727	438439	1
2017728	398794	1
2017729	328227	1
2017730	512735	1
2017732	474210	1
2017733	500381	1
2017738	279346	1
2017739	215740	1
2017740	317224	1
2017744	43571	1
2017746	205366	1
2017748	9813	1
2017752	338796	1
2017754	26462	1
2017755	582458	1
2017756	221792	1
2017757	140088	1
2017758	470475	1
2017759	541914	1
2017761	32748	1
2017762	559014	1
2017763	10197	1
2017765	93484	1
2017769	266907	1
2017770	20670	1
2017771	18663	1
2017774	120410	1
2017780	505562	1
2017784	92925	1
2017788	192585	1
2017790	450221	1
2017791	297739	1
2017792	60287	1
2017795	492955	1
2017796	392393	1
2017797	2823	1
2017798	224449	1
2017799	484687	1
2017800	220723	1
2017803	12106	1
2017804	479527	1
2017806	462625	1
2017807	226687	1
2017811	569122	1
2017813	509270	1
2017814	417555	1
2017816	119077	1
2017818	106807	1
2017819	4829	1
2017822	187946	1
2017823	397774	1
2017825	371104	1
2017831	268483	1
2017833	53749	1
2017834	373581	1
2017835	200036	1
2017836	67943	1
2017837	450507	1
2017838	582438	1
2017839	200556	1
2017840	527940	1
2017843	197660	1
2017844	496670	1
2017846	380772	1
2017847	415737	1
2017848	528597	1
2017849	177536	1
2017850	78310	1
2017852	93454	1
2017855	98304	1
2017856	585680	1
2017860	224575	1
2017861	453484	1
2017863	387547	1
2017867	373271	1
2017870	424237	1
2017872	287475	1
2017874	569720	1
2017876	251305	1
2017877	564940	1
2017878	337435	1
2017879	172192	1
2017882	474795	1
2017884	453487	1
2017885	428950	1
2017888	452223	1
2017890	339	1
2017895	417054	1
2017897	546275	1
2017901	387806	1
2017902	498350	1
2017903	179606	1
2017909	245931	1
2017911	366892	1
2017912	431435	1
2017914	351414	1
2017917	485398	1
2017919	13032	1
2017921	377971	1
2017922	594938	1
2017925	582823	1
2017927	586954	1
2017928	249325	1
2017936	411875	1
2017938	533241	1
2017942	73498	1
2017943	484882	1
2017944	161474	1
2017950	585654	1
2017953	153121	1
2017955	249449	1
2017960	467456	1
2017961	366532	1
2017963	323887	1
2017965	525721	1
2017966	558371	1
2017971	319715	1
2017975	180500	1
2017976	28116	1
2017977	19174	1
2017979	438138	1
2017984	113817	1
2017985	365101	1
2017986	61213	1
2017987	305544	1
2017990	71183	1
2017992	17475	1
2017995	192589	1
2017998	70493	1
2017999	390901	1
2018001	258737	1
2018004	18545	1
2018006	235251	1
2018010	422357	1
2018017	315362	1
2018018	373757	1
2018022	37925	1
2018023	1528	1
2018027	63156	1
2018031	499294	1
2018033	31631	1
2018035	138973	1
2018036	576999	1
2018038	85584	1
2018040	36282	1
2018041	78576	1
2018043	61057	1
2018044	397344	1
2018045	581509	1
2018048	550264	1
2018052	502257	1
2018053	514679	1
2018054	138745	1
2018057	593628	1
2018058	399015	1
2018061	559484	1
2018064	381753	1
2018065	313583	1
2018066	78803	1
2018067	12041	1
2018068	137945	1
2018069	6871	1
2018074	235466	1
2018082	162300	1
2018083	537787	1
2018085	464177	1
2018086	201423	1
2018090	498309	1
2018092	28661	1
2018093	264549	1
2018094	106440	1
2018096	479510	1
2018099	258412	1
2018102	214079	1
2018103	389974	1
2018104	208873	1
2018106	43575	1
2018108	81797	1
2018109	257467	1
2018114	204336	1
2018115	495661	1
2018117	531255	1
2018120	497681	1
2018122	298707	1
2018123	247208	1
2018125	380839	1
2018126	142613	1
2018128	334614	1
2018130	571371	1
2018131	462804	1
2018132	264474	1
2018133	415950	1
2018135	485528	1
2018136	176327	1
2018137	543264	1
2018140	470536	1
2018142	336007	1
2018145	231176	1
2018146	374106	1
2018149	494964	1
2018152	233543	1
2018153	72740	1
2018155	384581	1
2018156	224226	1
2018160	392509	1
2018162	421096	1
2018164	26940	1
2018165	179886	1
2018166	190394	1
2018167	118603	1
2018168	200366	1
2018169	456526	1
2018178	119734	1
2018179	441434	1
2018180	123789	1
2018183	312458	1
2018186	87451	1
2018187	297046	1
2018190	256383	1
2018192	55541	1
2018193	224179	1
2018195	8415	1
2018197	453974	1
2018198	70068	1
2018200	452959	1
2018201	431282	1
2018202	36689	1
2018203	281005	1
2018205	518214	1
2018210	546356	1
2018211	529784	1
2018214	595476	1
2018215	282315	1
2018217	381557	1
2018219	158312	1
2018223	210343	1
2018226	431682	1
2018227	122918	1
2018228	396145	1
2018229	193785	1
2018230	56485	1
2018232	277924	1
2018234	175583	1
2018235	174926	1
2018236	334630	1
2018238	574644	1
2018240	70230	1
2018241	311647	1
2018244	213859	1
2018245	4167	1
2018251	553630	1
2018252	37269	1
2018257	475066	1
2018259	100091	1
2018261	591454	1
2018262	48470	1
2018263	136976	1
2018269	320759	1
2018272	519415	1
2018273	363371	1
2018274	431595	1
2018277	100728	1
2018278	546639	1
2018280	361109	1
2018281	86115	1
2018284	5586	1
2018289	381458	1
2018296	209544	1
2018297	407439	1
2018298	564156	1
2018299	172864	1
2018300	174799	1
2018301	561580	1
2018302	280306	1
2018303	543476	1
2018304	489661	1
2018306	413574	1
2018308	266822	1
2018309	500634	1
2018314	475275	1
2018318	487903	1
2018320	483020	1
2018323	489054	1
2018325	440219	1
2018329	549017	1
2018330	298850	1
2018333	93009	1
2018335	183875	1
2018337	549801	1
2018338	125613	1
2018339	144660	1
2018343	438074	1
2018344	82751	1
2018346	482477	1
2018349	575029	1
2018350	313752	1
2018353	216724	1
2018356	389131	1
2018358	305317	1
2018359	148104	1
2018360	444369	1
2018361	339425	1
2018362	358719	1
2018365	550457	1
2018369	448405	1
2018370	500594	1
2018371	351430	1
2018372	415309	1
2018375	463474	1
2018377	422956	1
2018379	86246	1
2018380	108182	1
2018382	412731	1
2018386	507494	1
2018390	67766	1
2018392	51430	1
2018394	552804	1
2018398	562353	1
2018399	165174	1
2018400	14688	1
2018401	593795	1
2018402	92156	1
2018403	308006	1
2018405	384133	1
2018406	198996	1
2018407	470962	1
2018408	229611	1
2018409	169465	1
2018412	486379	1
2018414	102216	1
2018417	213275	1
2018418	305070	1
2018419	569178	1
2018420	264315	1
2018422	120384	1
2018423	8625	1
2018424	213491	1
2018425	374200	1
2018427	242051	1
2018429	49271	1
2018430	595739	1
2018431	183215	1
2018432	566430	1
2018434	528184	1
2018435	68058	1
2018438	597131	1
2018439	218348	1
2018442	425794	1
2018447	162697	1
2018449	407327	1
2018453	268432	1
2018454	63678	1
2018455	546979	1
2018456	400283	1
2018457	332125	1
2018460	462966	1
2018464	185297	1
2018466	354398	1
2018467	497568	1
2018468	83473	1
2018475	461009	1
2018476	28965	1
2018477	587785	1
2018480	506344	1
2018484	252412	1
2018490	182806	1
2018491	247102	1
2018492	248252	1
2018493	390392	1
2018498	496994	1
2018502	395389	1
2018505	144746	1
2018507	403877	1
2018509	382746	1
2018510	27724	1
2018511	397426	1
2018513	338526	1
2018514	187830	1
2018515	518200	1
2018516	97075	1
2018518	506745	1
2018520	192598	1
2018521	136960	1
2018522	334574	1
2018523	396968	1
2018524	452330	1
2018525	539734	1
2018527	518960	1
2018531	309672	1
2018533	539610	1
2018537	131411	1
2018538	219277	1
2018539	386180	1
2018540	425104	1
2018544	83782	1
2018545	94446	1
2018547	368063	1
2018551	334061	1
2018552	427154	1
2018553	536187	1
2018554	451711	1
2018555	394484	1
2018556	527753	1
2018557	92987	1
2018558	272293	1
2018561	71276	1
2018562	304888	1
2018563	259989	1
2018564	506505	1
2018566	377262	1
2018567	37243	1
2018569	207543	1
2018570	126505	1
2018573	581103	1
2018574	409542	1
2018578	68473	1
2018582	576288	1
2018583	507556	1
2018584	563135	1
2018589	235858	1
2018590	460520	1
2018591	95108	1
2018592	265637	1
2018593	366266	1
2018595	156001	1
2018598	567255	1
2018602	591829	1
2018605	52046	1
2018609	364365	1
2018612	461048	1
2018613	133218	1
2018614	421799	1
2018616	297055	1
2018619	496861	1
2018625	323743	1
2018626	379921	1
2018627	80066	1
2018630	478091	1
2018632	393909	1
2018634	161724	1
2018636	216997	1
2018637	89171	1
2018644	301160	1
2018648	68536	1
2018649	46288	1
2018652	246299	1
2018654	489898	1
2018656	43350	1
2018657	115392	1
2018659	28343	1
2018660	586489	1
2018663	78259	1
2018667	273631	1
2018670	137874	1
2018671	190844	1
2018673	243019	1
2018677	325374	1
2018679	396285	1
2018681	522781	1
2018684	338090	1
2018685	432638	1
2018686	29622	1
2018687	213041	1
2018688	300969	1
2018691	195430	1
2018693	138307	1
2018695	421706	1
2018697	175989	1
2018698	590831	1
2018699	559762	1
2018700	532598	1
2018702	322064	1
2018704	336170	1
2018706	253755	1
2018708	403277	1
2018709	298206	1
2018712	187698	1
2018716	580227	1
2018717	189233	1
2018720	353860	1
2018721	201644	1
2018723	597241	1
2018724	503114	1
2018725	383863	1
2018728	28699	1
2018729	103590	1
2018732	310573	1
2018733	586043	1
2018734	57958	1
2018737	441905	1
2018740	505171	1
2018741	73440	1
2018742	583250	1
2018748	412142	1
2018750	306599	1
2018751	163709	1
2018752	247376	1
2018754	370430	1
2018755	414927	1
2018756	581529	1
2018758	221040	1
2018759	588472	1
2018762	354010	1
2018764	255887	1
2018765	209596	1
2018766	54019	1
2018768	524829	1
2018773	452405	1
2018774	284162	1
2018775	176457	1
2018777	399306	1
2018780	494394	1
2018781	173566	1
2018783	84673	1
2018786	360998	1
2018789	133468	1
2018791	529527	1
2018793	569298	1
2018795	477423	1
2018797	175027	1
2018799	508706	1
2018800	187827	1
2018802	192981	1
2018803	541326	1
2018805	5378	1
2018807	478905	1
2018808	465670	1
2018810	348673	1
2018813	348965	1
2018816	581990	1
2018819	99493	1
2018820	578997	1
2018821	123664	1
2018823	498866	1
2018826	525012	1
2018827	193357	1
2018829	574500	1
2018830	454240	1
2018831	326571	1
2018834	235867	1
2018836	466028	1
2018837	506631	1
2018838	285992	1
2018839	416302	1
2018842	342001	1
2018844	424455	1
2018847	349459	1
2018851	449255	1
2018853	193196	1
2018854	544389	1
2018859	40338	1
2018860	228686	1
2018861	343683	1
2018862	514228	1
2018868	338084	1
2018869	210259	1
2018871	337488	1
2018874	422406	1
2018875	161641	1
2018876	330170	1
2018877	207894	1
2018884	173479	1
2018889	53538	1
2018893	554895	1
2018894	342202	1
2018896	412111	1
2018897	475241	1
2018898	368427	1
2018904	451679	1
2018905	411159	1
2018906	483016	1
2018911	139383	1
2018912	464271	1
2018915	221146	1
2018916	449745	1
2018923	313696	1
2018924	95664	1
2018926	229428	1
2018927	351181	1
2018931	476748	1
2018933	131510	1
2018934	130082	1
2018938	110636	1
2018939	100403	1
2018942	142739	1
2018943	222908	1
2018947	586420	1
2018948	103333	1
2018949	211356	1
2018950	95137	1
2018953	214562	1
2018954	513029	1
2018955	590685	1
2018957	522771	1
2018961	178045	1
2018962	326310	1
2018965	586572	1
2018967	291859	1
2018968	8260	1
2018971	519187	1
2018973	480414	1
2018974	342743	1
2018975	205267	1
2018976	157723	1
2018984	320629	1
2018987	498964	1
2018990	292274	1
2018992	12865	1
2018994	346018	1
2018995	36240	1
2018996	552134	1
2018999	126219	1
2019000	261855	1
2019006	452350	1
2019010	139976	1
2019011	219685	1
2019012	461288	1
2019013	461960	1
2019014	553576	1
2019016	561590	1
2019019	191747	1
2019020	301325	1
2019022	228740	1
2019025	66470	1
2019026	210084	1
2019028	84346	1
2019029	378694	1
2019030	384138	1
2019032	558768	1
2019033	143769	1
2019034	392360	1
2019037	316718	1
2019038	549477	1
2019039	162592	1
2019041	446114	1
2019044	537916	1
2019050	334800	1
2019053	446583	1
2019054	106622	1
2019055	182923	1
2019056	308355	1
2019057	595651	1
2019060	573300	1
2019061	80504	1
2019062	550801	1
2019063	282947	1
2019066	560380	1
2019068	500807	1
2019071	537944	1
2019073	122607	1
2019077	438698	1
2019079	394471	1
2019080	336830	1
2019082	527296	1
2019088	206813	1
2019089	523550	1
2019090	444609	1
2019092	201334	1
2019093	311884	1
2019095	237030	1
2019099	159837	1
2019101	432041	1
2019105	297104	1
2019107	251562	1
2019109	384572	1
2019110	346187	1
2019114	262447	1
2019116	348178	1
2019117	67166	1
2019120	497200	1
2019121	594694	1
2019122	480011	1
2019124	366735	1
2019125	567968	1
2019126	577702	1
2019130	319126	1
2019131	446595	1
2019134	324765	1
2019137	391085	1
2019138	526981	1
2019141	369161	1
2019143	575530	1
2019144	404601	1
2019146	166204	1
2019147	469809	1
2019148	337900	1
2019151	431773	1
2019152	190703	1
2019153	333814	1
2019154	101330	1
2019155	215184	1
2019156	457187	1
2019157	167943	1
2019158	130100	1
2019159	564394	1
2019161	525717	1
2019162	453619	1
2019163	166756	1
2019165	289664	1
2019166	31337	1
2019169	467988	1
2019172	472525	1
2019179	135148	1
2019182	6334	1
2019183	115124	1
2019184	123787	1
2019185	249773	1
2019187	573178	1
2019188	171746	1
2019197	452211	1
2019198	481601	1
2019199	479604	1
2019200	490719	1
2019202	540088	1
2019203	304843	1
2019207	416180	1
2019208	487846	1
2019209	300438	1
2019212	374770	1
2019213	425299	1
2019215	297037	1
2019216	167937	1
2019218	251218	1
2019219	465854	1
2019221	554685	1
2019222	360367	1
2019224	450978	1
2019225	335380	1
2019226	77207	1
2019227	416569	1
2019228	450851	1
2019230	521646	1
2019232	512366	1
2019238	387749	1
2019239	238894	1
2019241	433590	1
2019242	406420	1
2019245	311396	1
2019249	595894	1
2019251	331471	1
2019253	478947	1
2019254	326773	1
2019258	576105	1
2019259	541088	1
2019260	253574	1
2019264	401465	1
2019265	109562	1
2019266	251225	1
2019267	310601	1
2019268	133465	1
2019269	211236	1
2019271	157163	1
2019272	324313	1
2019273	208507	1
2019275	3737	1
2019276	195372	1
2019278	113846	1
2019279	492656	1
2019280	575481	1
2019286	20359	1
2019289	364180	1
2019291	557457	1
2019292	95716	1
2019293	76244	1
2019294	516108	1
2019295	127267	1
2019296	431096	1
2019297	85441	1
2019299	24222	1
2019300	562300	1
2019301	189682	1
2019302	219303	1
2019303	344003	1
2019304	256049	1
2019305	151610	1
2019306	25272	1
2019307	421882	1
2019309	339577	1
2019310	219758	1
2019311	548082	1
2019312	565841	1
2019314	143255	1
2019315	149991	1
2019316	225566	1
2019318	539733	1
2019320	85926	1
2019322	592714	1
2019323	597865	1
2019324	409156	1
2019325	209755	1
2019326	354880	1
2019327	547705	1
2019331	372243	1
2019334	233609	1
2019335	319749	1
2019336	71293	1
2019337	165710	1
2019340	365421	1
2019344	371497	1
2019347	347681	1
2019349	76862	1
2019351	194090	1
2019353	530	1
2019355	365605	1
2019356	265861	1
2019358	101632	1
2019359	170481	1
2019361	61623	1
2019362	549620	1
2019364	385658	1
2019366	545915	1
2019368	14216	1
2019372	178147	1
2019373	94661	1
2019374	266553	1
2019375	388215	1
2019377	341771	1
2019383	474708	1
2019385	5351	1
2019387	492981	1
2019390	431055	1
2019391	164092	1
2019393	598559	1
2019399	83316	1
2019400	233145	1
2019403	273291	1
2019404	582607	1
2019405	251735	1
2019406	399915	1
2019409	204275	1
2019410	490871	1
2019411	275164	1
2019413	127818	1
2019415	522615	1
2019418	475591	1
2019419	253817	1
2019420	527939	1
2019421	49766	1
2019428	414836	1
2019430	42862	1
2019433	592781	1
2019434	543033	1
2019436	232441	1
2019442	278616	1
2019444	85377	1
2019445	262649	1
2019447	232223	1
2019448	416452	1
2019449	120452	1
2019456	349941	1
2019458	437439	1
2019460	356165	1
2019461	266985	1
2019462	546810	1
2019468	69211	1
2019470	487847	1
2019471	94158	1
2019472	198226	1
2019474	160421	1
2019476	355796	1
2019480	512514	1
2019482	481537	1
2019489	486702	1
2019490	116684	1
2019493	301653	1
2019494	186555	1
2019495	100010	1
2019498	265671	1
2019501	390637	1
2019504	297051	1
2019505	541709	1
2019509	361514	1
2019516	146576	1
2019517	488556	1
2019518	327671	1
2019521	506627	1
2019522	68361	1
2019523	213998	1
2019525	303982	1
2019528	482905	1
2019532	295696	1
2019536	79143	1
2019537	95495	1
2019538	433926	1
2019541	571265	1
2019543	3143	1
2019545	71796	1
2019552	556209	1
2019554	581249	1
2019559	293005	1
2019563	564752	1
2019567	82033	1
2019570	252217	1
2019571	318941	1
2019572	242237	1
2019575	561967	1
2019579	329497	1
2019580	541898	1
2019581	272174	1
2019582	384067	1
2019584	123999	1
2019588	387939	1
2019592	236031	1
2019593	160366	1
2019595	276741	1
2019596	376430	1
2019600	456768	1
2019601	427997	1
2019603	421696	1
2019604	496433	1
2019606	193437	1
2019607	109027	1
2019608	436004	1
2019611	3426	1
2019613	303659	1
2019614	310505	1
2019617	406303	1
2019619	242072	1
2019620	76292	1
2019623	509266	1
2019626	484386	1
2019630	273563	1
2019632	177662	1
2019633	525050	1
2019636	274800	1
2019639	444074	1
2019642	195081	1
2019647	527951	1
2019653	514055	1
2019654	116936	1
2019657	429460	1
2019658	326858	1
2019660	397135	1
2019661	490338	1
2019666	11413	1
2019667	271786	1
2019669	244650	1
2019670	249472	1
2019672	250693	1
2019676	112921	1
2019679	321989	1
2019687	116466	1
2019690	267128	1
2019691	189304	1
2019692	581844	1
2019693	85265	1
2019694	366349	1
2019697	191064	1
2019698	407144	1
2019701	375658	1
2019707	452372	1
2019709	135362	1
2019710	419052	1
2019711	73172	1
2019714	216533	1
2019716	494611	1
2019718	326256	1
2019719	272054	1
2019720	497753	1
2019724	592971	1
2019731	486994	1
2019732	479969	1
2019734	576154	1
2019735	487688	1
2019736	461201	1
2019738	419379	1
2019739	121929	1
2019740	515761	1
2019744	129878	1
2019745	173012	1
2019746	538375	1
2019751	525827	1
2019752	231592	1
2019753	533974	1
2019754	170369	1
2019755	93784	1
2019757	53895	1
2019764	487377	1
2019773	155625	1
2019774	441663	1
2019776	74586	1
2019779	12959	1
2019781	174944	1
2019782	376146	1
2019785	412114	1
2019787	436818	1
2019789	294359	1
2019794	353186	1
2019795	223697	1
2019797	101181	1
2019803	234083	1
2019804	521649	1
2019806	328237	1
2019808	481802	1
2019809	158275	1
2019811	401856	1
2019812	476688	1
2019815	173813	1
2019816	511542	1
2019818	58664	1
2019819	388408	1
2019821	46741	1
2019830	403210	1
2019832	352144	1
2019833	138090	1
2019837	219437	1
2019838	144070	1
2019840	194003	1
2019841	210383	1
2019842	218327	1
2019843	110755	1
2019846	224134	1
2019848	425	1
2019849	39563	1
2019851	74630	1
2019854	475104	1
2019855	494441	1
2019860	30556	1
2019861	555100	1
2019863	83972	1
2019864	488962	1
2019865	11010	1
2019866	87655	1
2019869	441023	1
2019871	516756	1
2019874	590232	1
2019875	572618	1
2019879	454858	1
2019881	50601	1
2019882	26674	1
2019886	86894	1
2019887	64030	1
2019889	391136	1
2019890	596023	1
2019891	209684	1
2019892	38963	1
2019893	179511	1
2019894	345741	1
2019895	204847	1
2019896	330634	1
2019897	331618	1
2019900	104673	1
2019901	192947	1
2019902	202208	1
2019903	241831	1
2019905	405670	1
2019906	80729	1
2019908	21163	1
2019911	469993	1
2019914	84776	1
2019915	292552	1
2019916	302630	1
2019917	544627	1
2019919	29359	1
2019922	14440	1
2019925	136613	1
2019930	226714	1
2019933	597595	1
2019934	357885	1
2019936	461260	1
2019937	570004	1
2019940	494102	1
2019941	349883	1
2019943	35620	1
2019944	431826	1
2019945	363495	1
2019946	186456	1
2019947	473138	1
2019948	585022	1
2019950	330762	1
2019956	365463	1
2019957	39258	1
2019958	155781	1
2019960	182445	1
2019961	317398	1
2019965	425364	1
2019966	428350	1
2019967	8900	1
2019969	550078	1
2019972	494638	1
2019973	60126	1
2019976	321566	1
2019977	543645	1
2019979	323873	1
2019980	351579	1
2019981	598994	1
2019985	33651	1
2019986	123634	1
2019987	392329	1
2019989	471147	1
2019990	135696	1
2019992	490479	1
2019994	371880	1
2019996	217019	1
2020000	122977	1
2020002	97424	1
2020004	218069	1
2020005	398056	1
2020006	482590	1
2020007	260593	1
2020008	85656	1
2020011	293809	1
2020015	328101	1
2020016	291256	1
2020017	394122	1
2020021	70386	1
2020022	450092	1
2020023	58906	1
2020024	164434	1
2020029	21377	1
2020030	285977	1
2020031	595176	1
2020035	563015	1
2020036	438106	1
2020037	362753	1
2020038	104607	1
2020040	253214	1
2020041	559686	1
2020042	205088	1
2020043	527836	1
2020044	43397	1
2020047	346228	1
2020049	435268	1
2020051	507706	1
2020053	22953	1
2020054	378811	1
2020055	561669	1
2020056	486270	1
2020057	192292	1
2020058	127347	1
2020060	210412	1
2020061	595211	1
2020064	197478	1
2020067	282051	1
2020068	172165	1
2020070	49406	1
2020071	338319	1
2020072	370870	1
2020073	109147	1
2020074	147684	1
2020076	142436	1
2020077	386909	1
2020079	50963	1
2020080	568013	1
2020083	525446	1
2020084	145737	1
2020085	573710	1
2020086	263599	1
2020087	447067	1
2020089	556769	1
2020090	319078	1
2020091	335760	1
2020095	217476	1
2020101	482398	1
2020105	163522	1
2020108	364469	1
2020109	204824	1
2020110	461084	1
2020112	121275	1
2020113	22060	1
2020115	587194	1
2020116	18449	1
2020120	309333	1
2020122	198315	1
2020124	35865	1
2020126	24254	1
2020131	570861	1
2020137	560340	1
2020139	395736	1
2020142	342545	1
2020145	353092	1
2020147	146276	1
2020148	488732	1
2020149	187005	1
2020150	61734	1
2020151	237713	1
2020153	146442	1
2020154	593893	1
2020157	444266	1
2020159	102223	1
2020160	480751	1
2020161	188583	1
2020162	378414	1
2020164	305982	1
2020167	594639	1
2020168	49307	1
2020169	139998	1
2020170	249195	1
2020173	73957	1
2020175	406189	1
2020179	222086	1
2020180	418840	1
2020184	585147	1
2020185	492178	1
2020188	387032	1
2020189	405858	1
2020191	172136	1
2020194	336242	1
2020196	14846	1
2020198	576498	1
2020199	373518	1
2020200	215015	1
2020201	525086	1
2020202	441031	1
2020206	131116	1
2020208	89233	1
2020210	595306	1
2020211	500022	1
2020214	98851	1
2020216	187384	1
2020218	269834	1
2020220	255390	1
2020221	111221	1
2020227	498228	1
2020231	242611	1
2020232	321452	1
2020234	236829	1
2020235	99414	1
2020236	521491	1
2020241	173384	1
2020243	564531	1
2020247	345821	1
2020250	320124	1
2020252	338361	1
2020253	552756	1
2020254	190653	1
2020260	81542	1
2020261	221724	1
2020262	552695	1
2020264	419058	1
2020269	493798	1
2020271	226600	1
2020272	15618	1
2020277	406499	1
2020278	128388	1
2020279	596429	1
2020280	113674	1
2020281	329565	1
2020286	581362	1
2020287	458665	1
2020288	316837	1
2020289	3926	1
2020290	444176	1
2020297	30484	1
2020298	231820	1
2020300	502269	1
2020301	314388	1
2020304	330622	1
2020306	414937	1
2020307	428430	1
2020308	446005	1
2020310	165690	1
2020311	231345	1
2020312	35919	1
2020313	415719	1
2020316	207083	1
2020318	594443	1
2020319	552251	1
2020320	71382	1
2020323	551368	1
2020326	76363	1
2020327	503913	1
2020330	304376	1
2020331	580542	1
2020335	558130	1
2020336	228231	1
2020337	277190	1
2020338	569533	1
2020341	144431	1
2020343	306495	1
2020344	135655	1
2020349	281406	1
2020350	140713	1
2020352	353674	1
2020358	189248	1
2020364	84551	1
2020366	298666	1
2020367	373106	1
2020368	427525	1
2020370	289462	1
2020373	494206	1
2020377	431953	1
2020378	24463	1
2020379	92196	1
2020380	46656	1
2020381	132492	1
2020382	344415	1
2020383	144853	1
2020384	240955	1
2020386	502833	1
2020387	560997	1
2020388	288559	1
2020389	416948	1
2020393	535200	1
2020395	327267	1
2020396	520199	1
2020397	287598	1
2020399	334749	1
2020406	588821	1
2020408	432935	1
2020410	310091	1
2020412	93629	1
2020414	215373	1
2020419	461090	1
2020422	315808	1
2020425	121566	1
2020426	189270	1
2020429	293938	1
2020431	134308	1
2020436	463536	1
2020439	1756	1
2020447	54452	1
2020449	200078	1
2020450	409535	1
2020451	172280	1
2020456	477566	1
2020458	415015	1
2020459	233765	1
2020461	534806	1
2020462	159100	1
2020465	574934	1
2020468	380047	1
2020470	468452	1
2020472	44657	1
2020473	217322	1
2020474	299430	1
2020476	86830	1
2020477	239047	1
2020479	535388	1
2020483	7818	1
2020484	271196	1
2020485	121744	1
2020486	468951	1
2020489	420314	1
2020491	115370	1
2020494	407545	1
2020495	43964	1
2020496	356987	1
2020497	277230	1
2020498	349257	1
2020499	558048	1
2020500	109512	1
2020502	497699	1
2020504	428600	1
2020505	302767	1
2020506	102034	1
2020507	158385	1
2020509	178350	1
2020510	353602	1
2020513	328050	1
2020515	152049	1
2020516	586003	1
2020517	238385	1
2020518	425452	1
2020519	70281	1
2020520	516832	1
2020521	226179	1
2020526	514317	1
2020527	327533	1
2020529	5447	1
2020533	59387	1
2020536	340251	1
2020537	367518	1
2020543	556493	1
2020549	166400	1
2020552	447360	1
2020553	446078	1
2020554	97337	1
2020556	215196	1
2020558	330917	1
2020560	195455	1
2020562	46755	1
2020563	120605	1
2020567	105262	1
2020570	140494	1
2020573	63295	1
2020578	192114	1
2020579	384091	1
2020581	147637	1
2020586	571567	1
2020588	570267	1
2020590	481383	1
2020592	511355	1
2020595	283505	1
2020596	250328	1
2020597	364058	1
2020598	295494	1
2020599	86482	1
2020602	231183	1
2020603	15537	1
2020606	409472	1
2020610	504185	1
2020611	214790	1
2020615	417835	1
2020622	429297	1
2020626	252737	1
2020630	74257	1
2020633	27274	1
2020638	15334	1
2020641	175520	1
2020644	498150	1
2020645	304296	1
2020647	462759	1
2020649	581074	1
2020650	104336	1
2020651	218035	1
2020652	187810	1
2020655	34976	1
2020656	140349	1
2020657	410315	1
2020659	75418	1
2020662	25439	1
2020664	336607	1
2020669	362215	1
2020672	107321	1
2020678	183865	1
2020679	517009	1
2020680	586662	1
2020684	171818	1
2020685	342314	1
2020687	558005	1
2020692	25346	1
2020693	420361	1
2020695	325564	1
2020703	233374	1
2020704	444283	1
2020707	62052	1
2020708	524336	1
2020710	267010	1
2020713	196669	1
2020715	453123	1
2020727	288651	1
2020736	493755	1
2020740	199509	1
2020741	81187	1
2020744	273562	1
2020745	110243	1
2020746	517430	1
2020749	530998	1
2020750	324470	1
2020751	414527	1
2020752	501610	1
2020753	457497	1
2020754	258813	1
2020757	198371	1
2020760	529525	1
2020761	546115	1
2020762	535617	1
2020763	170387	1
2020764	11132	1
2020765	367829	1
2020766	86474	1
2020767	295635	1
2020768	116276	1
2020769	586314	1
2020770	106810	1
2020771	23479	1
2020774	397104	1
2020777	268634	1
2020779	100847	1
2020780	472379	1
2020781	374420	1
2020782	373506	1
2020786	16169	1
2020787	224451	1
2020791	427350	1
2020797	578432	1
2020800	203715	1
2020801	599939	1
2020807	488023	1
2020812	133548	1
2020814	17463	1
2020815	229744	1
2020816	361133	1
2020818	421924	1
2020823	446997	1
2020826	38152	1
2020827	14644	1
2020828	201729	1
2020829	518991	1
2020831	135970	1
2020832	276954	1
2020834	471824	1
2020838	265216	1
2020839	300121	1
2020841	154849	1
2020849	484358	1
2020851	485099	1
2020852	3233	1
2020854	194466	1
2020857	1873	1
2020860	479144	1
2020865	556238	1
2020866	112223	1
2020868	244442	1
2020870	115867	1
2020871	521780	1
2020874	158285	1
2020875	206115	1
2020877	516593	1
2020878	470966	1
2020879	431457	1
2020881	149066	1
2020882	135032	1
2020883	274948	1
2020889	199503	1
2020890	222469	1
2020898	524391	1
2020899	147412	1
2020900	483979	1
2020904	279810	1
2020906	56951	1
2020908	223618	1
2020909	263647	1
2020914	251385	1
2020917	586772	1
2020918	490787	1
2020919	504678	1
2020922	231738	1
2020924	272269	1
2020925	127021	1
2020926	506161	1
2020931	598083	1
2020932	444531	1
2020936	385874	1
2020938	336239	1
2020940	14409	1
2020941	457461	1
2020942	534725	1
2020943	326524	1
2020945	57008	1
2020946	84191	1
2020949	425527	1
2020951	565602	1
2020953	424181	1
2020957	207936	1
2020962	339852	1
2020964	453318	1
2020966	287814	1
2020969	182164	1
2020973	350396	1
2020974	431196	1
2020976	435082	1
2020979	478617	1
2020982	111658	1
2020984	371953	1
2020985	214519	1
2020986	89445	1
2020994	47373	1
2020997	54511	1
2020998	126074	1
2021001	387194	1
2021002	214857	1
2021004	339850	1
2021006	453513	1
2021008	390619	1
2021009	222627	1
2021010	752	1
2021014	137182	1
2021016	46621	1
2021019	189298	1
2021020	440780	1
2021024	572846	1
2021026	73060	1
2021027	508982	1
2021028	124201	1
2021030	360322	1
2021033	46318	1
2021035	233824	1
2021036	309819	1
2021039	22497	1
2021040	267986	1
2021042	317843	1
2021044	431751	1
2021045	97466	1
2021046	198046	1
2021047	258440	1
2021048	174729	1
2021049	476873	1
2021052	580956	1
2021054	415815	1
2021056	110699	1
2021058	17532	1
2021059	65048	1
2021062	270022	1
2021070	363217	1
2021071	449504	1
2021072	206844	1
2021073	6217	1
2021074	562244	1
2021076	355158	1
2021077	252778	1
2021081	583087	1
2021082	257738	1
2021084	327501	1
2021085	574564	1
2021086	449062	1
2021087	593270	1
2021088	550166	1
2021089	27105	1
2021090	83353	1
2021095	10399	1
2021096	477211	1
2021098	460706	1
2021099	448166	1
2021103	19179	1
2021104	516351	1
2021105	516236	1
2021109	192515	1
2021115	40457	1
2021116	256580	1
2021117	412212	1
2021120	337352	1
2021127	393151	1
2021129	521121	1
2021134	54256	1
2021135	151920	1
2021136	65257	1
2021144	424981	1
2021145	568534	1
2021146	55500	1
2021147	445445	1
2021148	433690	1
2021149	494826	1
2021150	524392	1
2021152	565609	1
2021154	435235	1
2021158	165957	1
2021159	52826	1
2021160	160029	1
2021165	361563	1
2021168	327595	1
2021173	77685	1
2021176	573102	1
2021177	490306	1
2021180	58474	1
2021181	177416	1
2021184	288323	1
2021186	164137	1
2021188	28470	1
2021190	292654	1
2021192	346622	1
2021193	371133	1
2021194	322778	1
2021195	322078	1
2021196	57295	1
2021197	232410	1
2021199	455611	1
2021201	248848	1
2021202	385484	1
2021204	227173	1
2021208	129754	1
2021209	121393	1
2021214	287824	1
2021215	68083	1
2021216	426784	1
2021219	284483	1
2021220	423117	1
2021221	568956	1
2021222	444812	1
2021223	161289	1
2021224	44547	1
2021226	529142	1
2021230	45030	1
2021231	455868	1
2021232	216741	1
2021233	181447	1
2021234	285648	1
2021235	143355	1
2021236	518552	1
2021237	165919	1
2021239	177135	1
2021240	259708	1
2021241	55714	1
2021243	474489	1
2021244	528587	1
2021245	203791	1
2021248	351622	1
2021249	225798	1
2021250	423384	1
2021252	187232	1
2021254	592124	1
2021255	303820	1
2021258	140595	1
2021262	300510	1
2021264	259473	1
2021265	322795	1
2021266	491355	1
2021272	552922	1
2021273	381089	1
2021274	219256	1
2021275	48399	1
2021278	542409	1
2021280	531667	1
2021281	501961	1
2021282	465895	1
2021283	396069	1
2021285	482701	1
2021286	568165	1
2021290	276232	1
2021291	597098	1
2021293	382850	1
2021294	446705	1
2021295	188564	1
2021296	90591	1
2021298	120899	1
2021299	77972	1
2021302	389947	1
2021303	408327	1
2021306	550220	1
2021307	427383	1
2021308	556367	1
2021310	431624	1
2021311	577839	1
2021312	523073	1
2021314	99754	1
2021315	64363	1
2021316	495980	1
2021318	127051	1
2021320	582189	1
2021321	252505	1
2021322	407427	1
2021324	486555	1
2021325	60737	1
2021327	191924	1
2021330	580131	1
2021331	298438	1
2021335	105866	1
2021341	131334	1
2021342	56410	1
2021344	407566	1
2021346	136337	1
2021348	265043	1
2021351	162335	1
2021352	221032	1
2021359	527953	1
2021360	38516	1
2021362	558623	1
2021364	174844	1
2021366	17285	1
2021367	368137	1
2021368	418453	1
2021372	323339	1
2021373	499392	1
2021374	130616	1
2021375	291526	1
2021376	5901	1
2021377	532100	1
2021380	544905	1
2021381	220168	1
2021382	422597	1
2021383	110871	1
2021384	231615	1
2021385	256480	1
2021386	349549	1
2021387	466107	1
2021388	588231	1
2021389	104711	1
2021390	342363	1
2021391	16585	1
2021392	575870	1
2021394	508115	1
2021395	14624	1
2021397	82007	1
2021399	486381	1
2021400	474771	1
2021407	304780	1
2021410	335554	1
2021412	533846	1
2021413	292555	1
2021415	273586	1
2021416	348466	1
2021417	505753	1
2021418	28961	1
2021419	590929	1
2021420	254102	1
2021422	58611	1
2021426	396803	1
2021428	470435	1
2021429	179247	1
2021430	89311	1
2021434	558114	1
2021435	14680	1
2021437	296554	1
2021438	309704	1
2021439	179818	1
2021440	500349	1
2021442	296607	1
2021443	59147	1
2021444	42304	1
2021446	378194	1
2021447	268883	1
2021449	327747	1
2021452	234029	1
2021453	563624	1
2021454	393571	1
2021455	451774	1
2021457	523295	1
2021458	503581	1
2021459	120701	1
2021461	19069	1
2021462	441029	1
2021463	380382	1
2021464	108770	1
2021467	263519	1
2021468	371200	1
2021471	562286	1
2021472	250920	1
2021473	148030	1
2021474	578680	1
2021480	194262	1
2021486	556283	1
2021488	103593	1
2021493	441535	1
2021494	342652	1
2021497	258273	1
2021498	167660	1
2021501	370359	1
2021503	164812	1
2021505	462439	1
2021508	449941	1
2021510	355737	1
2021512	314423	1
2021513	34731	1
2021514	154154	1
2021516	539327	1
2021518	514216	1
2021519	162103	1
2021524	123301	1
2021525	127195	1
2021526	319627	1
2021529	317965	1
2021531	82951	1
2021532	563122	1
2021535	139031	1
2021544	121112	1
2021550	45305	1
2021553	202206	1
2021556	500284	1
2021558	154542	1
2021559	13543	1
2021562	430098	1
2021567	599083	1
2021568	542970	1
2021573	534837	1
2021575	405276	1
2021576	134640	1
2021578	72888	1
2021583	350814	1
2021584	308343	1
2021585	334356	1
2021588	421622	1
2021592	588025	1
2021594	483400	1
2021598	373587	1
2021599	140757	1
2021601	397921	1
2021602	584594	1
2021607	80437	1
2021608	197047	1
2021611	163886	1
2021612	568113	1
2021613	294468	1
2021617	311345	1
2021620	502047	1
2021622	163771	1
2021626	29155	1
2021628	468086	1
2021629	333833	1
2021632	371271	1
2021637	276499	1
2021639	223756	1
2021641	568091	1
2021643	311148	1
2021644	139765	1
2021645	496040	1
2021647	525493	1
2021653	406853	1
2021655	179497	1
2021657	265815	1
2021658	512801	1
2021660	13900	1
2021662	35889	1
2021663	3495	1
2021664	466742	1
2021670	354563	1
2021671	400202	1
2021672	170749	1
2021673	596590	1
2021674	362731	1
2021677	254468	1
2021679	396644	1
2021680	477172	1
2021687	150628	1
2021688	11124	1
2021690	510936	1
2021691	232155	1
2021694	490049	1
2021698	264669	1
2021699	121884	1
2021700	119415	1
2021703	48345	1
2021704	292423	1
2021705	123123	1
2021707	594784	1
2021713	487498	1
2021714	232167	1
2021715	522332	1
2021717	71052	1
2021719	249985	1
2021720	417775	1
2021729	366976	1
2021732	231100	1
2021733	524985	1
2021734	318949	1
2021735	132512	1
2021736	302207	1
2021737	530148	1
2021738	509051	1
2021739	10584	1
2021740	478893	1
2021742	406804	1
2021743	515651	1
2021744	150410	1
2021746	395674	1
2021748	13743	1
2021749	14538	1
2021752	373496	1
2021756	321117	1
2021758	326086	1
2021759	396576	1
2021764	74688	1
2021765	426687	1
2021774	25613	1
2021776	144313	1
2021777	550397	1
2021780	256865	1
2021782	205804	1
2021783	134081	1
2021785	41732	1
2021791	506750	1
2021792	224224	1
2021795	485187	1
2021797	392490	1
2021798	415161	1
2021800	25585	1
2021801	43958	1
2021802	334786	1
2021805	34942	1
2021806	281100	1
2021809	280017	1
2021810	133919	1
2021812	272173	1
2021813	321711	1
2021816	465278	1
2021821	199984	1
2021823	290293	1
2021825	538349	1
2021826	248855	1
2021832	380304	1
2021835	130757	1
2021839	276173	1
2021840	333285	1
2021844	416588	1
2021845	491678	1
2021846	579311	1
2021848	446399	1
2021849	206533	1
2021850	262408	1
2021852	211791	1
2021853	94748	1
2021856	116643	1
2021857	268965	1
2021859	241147	1
2021860	288254	1
2021862	490558	1
2021863	544732	1
2021864	203720	1
2021866	98258	1
2021867	181330	1
2021871	175232	1
2021872	127396	1
2021873	43830	1
2021875	362929	1
2021876	527620	1
2021880	355982	1
2021883	311313	1
2021884	74640	1
2021885	75491	1
2021888	566630	1
2021890	25859	1
2021893	179636	1
2021895	381065	1
2021896	410038	1
2021898	996	1
2021902	25879	1
2021903	159500	1
2021904	374544	1
2021907	48473	1
2021908	582873	1
2021911	88223	1
2021912	175347	1
2021917	234445	1
2021918	123628	1
2021920	400230	1
2021921	107327	1
2021925	357750	1
2021926	226704	1
2021927	358860	1
2021930	490987	1
2021931	213118	1
2021933	420070	1
2021935	132950	1
2021937	335844	1
2021939	334104	1
2021943	23828	1
2021948	233034	1
2021951	368056	1
2021957	506839	1
2021960	596986	1
2021961	380347	1
2021962	319495	1
2021963	378126	1
2021965	437061	1
2021967	156451	1
2021969	537890	1
2021970	165503	1
2021971	182168	1
2021974	185488	1
2021978	80737	1
2021979	171500	1
2021984	466406	1
2021986	70075	1
2021987	454211	1
2021990	107776	1
2021991	302722	1
2021994	312637	1
2021995	240252	1
2021996	322714	1
2021998	110671	1
2022002	521326	1
2022003	406163	1
2022004	370077	1
2022008	242052	1
2022009	15643	1
2022012	538012	1
2022013	433810	1
2022014	587525	1
2022017	180155	1
2022019	82963	1
2022022	282971	1
2022024	227770	1
2022025	46524	1
2022027	277835	1
2022031	273472	1
2022036	148099	1
2022037	520924	1
2022038	205437	1
2022039	120677	1
2022040	470137	1
2022041	51378	1
2022044	417741	1
2022045	317552	1
2022046	20209	1
2022050	173937	1
2022051	358729	1
2022054	268865	1
2022057	312692	1
2022058	2221	1
2022061	213045	1
2022062	200283	1
2022063	97561	1
2022064	556187	1
2022065	75196	1
2022069	594964	1
2022070	313727	1
2022071	139954	1
2022072	54790	1
2022073	384792	1
2022074	141813	1
2022076	68766	1
2022078	104388	1
2022083	489670	1
2022085	268433	1
2022086	580663	1
2022088	272600	1
2022091	146975	1
2022094	249178	1
2022095	418897	1
2022097	255311	1
2022098	263563	1
2022103	195315	1
2022104	527344	1
2022109	544057	1
2022110	414170	1
2022113	558809	1
2022114	68389	1
2022116	348387	1
2022119	6292	1
2022120	33810	1
2022121	179466	1
2022126	308947	1
2022127	424756	1
2022128	239656	1
2022130	15633	1
2022132	485399	1
2022133	171208	1
2022134	215605	1
2022137	203758	1
2022139	178327	1
2022141	350554	1
2022142	173146	1
2022145	194308	1
2022147	438711	1
2022148	68037	1
2022149	182362	1
2022150	108775	1
2022153	399577	1
2022155	497339	1
2022157	140330	1
2022158	593178	1
2022159	410252	1
2022161	506608	1
2022162	55064	1
2022163	222008	1
2022168	108560	1
2022170	261382	1
2022172	9538	1
2022173	354491	1
2022174	440121	1
2022175	388626	1
2022177	17531	1
2022179	462517	1
2022180	74499	1
2022181	39183	1
2022182	192425	1
2022185	124403	1
2022188	313358	1
2022189	351644	1
2022193	352883	1
2022195	66338	1
2022196	149339	1
2022200	332319	1
2022205	21790	1
2022211	40062	1
2022215	244790	1
2022216	234892	1
2022221	463260	1
2022222	461646	1
2022223	341542	1
2022226	479659	1
2022229	212572	1
2022232	108362	1
2022236	245901	1
2022242	185988	1
2022245	258024	1
2022249	438714	1
2022250	134063	1
2022251	249816	1
2022252	6104	1
2022253	387085	1
2022254	333440	1
2022255	384613	1
2022256	60529	1
2022261	310159	1
2022264	297966	1
2022269	321504	1
2022270	536191	1
2022271	60135	1
2022272	257502	1
2022275	573894	1
2022278	95033	1
2022279	182344	1
2022281	263204	1
2022283	430923	1
2022284	146142	1
2022285	320021	1
2022288	294398	1
2022290	459855	1
2022291	374145	1
2022292	276633	1
2022294	365464	1
2022298	45182	1
2022299	49216	1
2022300	534607	1
2022303	245581	1
2022305	458476	1
2022306	390359	1
2022308	309464	1
2022309	17008	1
2022312	466673	1
2022313	404376	1
2022318	172868	1
2022319	146651	1
2022322	175983	1
2022324	574659	1
2022326	420234	1
2022330	248594	1
2022331	3984	1
2022332	59194	1
2022335	195040	1
2022336	163523	1
2022338	395183	1
2022340	560398	1
2022341	237539	1
2022343	429081	1
2022346	293084	1
2022347	280895	1
2022352	467641	1
2022358	279571	1
2022359	274189	1
2022361	539836	1
2022362	269542	1
2022364	374563	1
2022367	250326	1
2022368	338355	1
2022369	157919	1
2022371	91520	1
2022373	407867	1
2022378	318612	1
2022381	73057	1
2022382	211040	1
2022384	556907	1
2022385	566939	1
2022386	394872	1
2022387	304945	1
2022388	372117	1
2022389	127165	1
2022393	537053	1
2022397	31538	1
2022398	48488	1
2022399	476532	1
2022400	309702	1
2022404	477017	1
2022405	538658	1
2022406	547054	1
2022410	462114	1
2022413	542127	1
2022415	582308	1
2022419	291024	1
2022421	545602	1
2022423	568324	1
2022424	431033	1
2022426	464470	1
2022427	24350	1
2022430	67745	1
2022433	593028	1
2022434	599876	1
2022438	77560	1
2022439	398595	1
2022442	119000	1
2022447	385805	1
2022448	407870	1
2022451	256833	1
2022454	500720	1
2022457	250206	1
2022458	22815	1
2022460	565499	1
2022461	67776	1
2022462	181696	1
2022464	457226	1
2022468	206638	1
2022470	265279	1
2022472	247901	1
2022478	395561	1
2022479	422047	1
2022480	118970	1
2022481	294510	1
2022483	197938	1
2022488	9731	1
2022490	290250	1
2022491	531656	1
2022492	319325	1
2022493	570091	1
2022494	229445	1
2022495	231254	1
2022498	343708	1
2022499	573464	1
2022501	172122	1
2022502	578926	1
2022503	303069	1
2022505	493720	1
2022506	568957	1
2022508	478359	1
2022509	380769	1
2022510	355733	1
2022512	280580	1
2022517	72666	1
2022518	533489	1
2022519	27694	1
2022520	591188	1
2022525	47612	1
2022528	29530	1
2022529	512304	1
2022532	265558	1
2022533	32328	1
2022534	233487	1
2022536	541718	1
2022543	539286	1
2022544	268678	1
2022545	543901	1
2022547	449562	1
2022549	120065	1
2022550	111748	1
2022552	380229	1
2022553	384395	1
2022554	188726	1
2022556	484191	1
2022561	204412	1
2022562	376071	1
2022569	429304	1
2022570	248683	1
2022571	345274	1
2022572	243641	1
2022574	353497	1
2022577	104246	1
2022578	416371	1
2022580	20519	1
2022582	285605	1
2022583	224283	1
2022585	255450	1
2022586	371420	1
2022587	111771	1
2022588	563826	1
2022589	29891	1
2022591	529839	1
2022598	289918	1
2022599	38512	1
2022600	313681	1
2022602	182255	1
2022603	7661	1
2022606	96232	1
2022607	466669	1
2022611	577047	1
2022614	62488	1
2022615	502934	1
2022617	565893	1
2022623	277664	1
2022625	496429	1
2022626	391149	1
2022627	63836	1
2022630	388945	1
2022632	12757	1
2022633	253207	1
2022636	222126	1
2022637	128050	1
2022639	236535	1
2022640	579102	1
2022641	112006	1
2022650	440910	1
2022651	154444	1
2022654	534144	1
2022655	44204	1
2022657	32040	1
2022660	196683	1
2022661	587986	1
2022662	367779	1
2022665	401587	1
2022667	54222	1
2022668	299429	1
2022670	180957	1
2022671	473029	1
2022672	574840	1
2022674	305447	1
2022676	227248	1
2022681	467020	1
2022683	304966	1
2022685	447320	1
2022686	374750	1
2022687	84139	1
2022689	539396	1
2022690	116030	1
2022691	225380	1
2022692	30946	1
2022693	399258	1
2022694	439142	1
2022696	566464	1
2022697	199593	1
2022698	64597	1
2022700	365162	1
2022701	97211	1
2022705	453027	1
2022706	448833	1
2022707	515063	1
2022708	336873	1
2022710	556383	1
2022711	267530	1
2022713	470403	1
2022714	520629	1
2022715	231363	1
2022716	519248	1
2022718	20790	1
2022719	329202	1
2022720	193592	1
2022722	481366	1
2022724	501754	1
2022726	574599	1
2022729	19229	1
2022730	348642	1
2022731	214495	1
2022733	261271	1
2022735	49574	1
2022737	159758	1
2022738	68684	1
2022739	333501	1
2022742	415531	1
2022746	5539	1
2022747	62764	1
2022748	407643	1
2022752	31142	1
2022756	189034	1
2022759	147547	1
2022760	45564	1
2022761	102577	1
2022763	136732	1
2022768	210761	1
2022770	73260	1
2022772	554660	1
2022773	448793	1
2022774	548258	1
2022777	209707	1
2022778	452683	1
2022780	433454	1
2022783	106310	1
2022784	179538	1
2022785	114906	1
2022786	582278	1
2022791	408886	1
2022792	344820	1
2022795	546313	1
2022797	346323	1
2022798	44327	1
2022799	108511	1
2022800	503892	1
2022805	266820	1
2022807	348648	1
2022809	125561	1
2022811	391043	1
2022812	277361	1
2022814	318934	1
2022817	588219	1
2022818	20255	1
2022821	386563	1
2022823	553993	1
2022825	130534	1
2022826	529244	1
2022828	260989	1
2022832	445582	1
2022834	409486	1
2022837	253280	1
2022843	16510	1
2022845	496589	1
2022847	406419	1
2022848	584008	1
2022850	559166	1
2022851	249169	1
2022852	497561	1
2022854	163831	1
2022855	336506	1
2022858	522269	1
2022859	425323	1
2022863	110547	1
2022864	70689	1
2022867	29886	1
2022868	460043	1
2022869	7925	1
2022871	175996	1
2022875	565114	1
2022876	266342	1
2022877	44964	1
2022878	276807	1
2022879	212928	1
2022880	377371	1
2022883	322113	1
2022884	516596	1
2022885	429133	1
2022888	342799	1
2022890	547438	1
2022891	566808	1
2022894	190867	1
2022897	426506	1
2022901	587911	1
2022905	16596	1
2022906	578488	1
2022907	300394	1
2022910	501984	1
2022911	193986	1
2022913	460507	1
2022917	218827	1
2022921	229037	1
2022924	125057	1
2022925	267940	1
2022926	38231	1
2022929	487277	1
2022930	376681	1
2022931	506475	1
2022933	218064	1
2022934	44058	1
2022937	245308	1
2022938	590617	1
2022940	370551	1
2022946	122013	1
2022950	549558	1
2022951	210889	1
2022952	382150	1
2022953	271150	1
2022954	142132	1
2022957	264579	1
2022960	151541	1
2022965	570062	1
2022966	598143	1
2022967	244893	1
2022970	461325	1
2022972	486077	1
2022974	119213	1
2022976	335892	1
2022977	415948	1
2022980	48891	1
2022981	116962	1
2022986	168922	1
2022988	83350	1
2022991	18119	1
2022992	276327	1
2022993	19281	1
2022997	138028	1
2022998	23736	1
2023000	15085	1
2023004	289	1
2023005	171255	1
2023009	264175	1
2023010	282000	1
2023018	245762	1
2023019	180619	1
2023022	204761	1
2023028	463564	1
2023029	290184	1
2023030	194801	1
2023034	99896	1
2023035	144054	1
2023036	540277	1
2023038	506464	1
2023040	26176	1
2023044	384751	1
2023046	257771	1
2023048	402429	1
2023050	591395	1
2023051	202484	1
2023052	430846	1
2023054	305143	1
2023056	169105	1
2023060	139373	1
2023061	496933	1
2023063	71545	1
2023064	115459	1
2023065	183654	1
2023067	367938	1
2023069	490943	1
2023070	204870	1
2023076	537267	1
2023077	373452	1
2023078	553867	1
2023079	577258	1
2023080	320397	1
2023083	351541	1
2023084	581575	1
2023086	183479	1
2023089	102318	1
2023091	8910	1
2023094	252835	1
2023101	251913	1
2023103	384658	1
2023105	442196	1
2023109	423500	1
2023110	417734	1
2023112	127563	1
2023117	185300	1
2023118	172362	1
2023119	229067	1
2023120	386797	1
2023121	184562	1
2023122	572313	1
2023123	255096	1
2023124	39071	1
2023125	583455	1
2023126	258291	1
2023129	443536	1
2023130	57245	1
2023133	40780	1
2023134	231769	1
2023137	325905	1
2023138	273754	1
2023141	461231	1
2023142	302494	1
2023143	273251	1
2023146	110206	1
2023147	244362	1
2023148	258043	1
2023149	7391	1
2023151	194035	1
2023154	227423	1
2023155	344520	1
2023158	338150	1
2023159	42800	1
2023161	447075	1
2023163	132507	1
2023165	94520	1
2023166	374260	1
2023167	20271	1
2023169	478539	1
2023170	414150	1
2023172	104971	1
2023174	407386	1
2023175	574015	1
2023177	234916	1
2023178	448476	1
2023179	158086	1
2023180	107393	1
2023182	139058	1
2023187	64583	1
2023188	65588	1
2023193	512609	1
2023194	420048	1
2023195	111213	1
2023197	162488	1
2023198	499704	1
2023200	582661	1
2023203	428418	1
2023204	540375	1
2023207	542799	1
2023212	313894	1
2023213	553849	1
2023214	267566	1
2023219	350390	1
2023222	440839	1
2023223	502713	1
2023224	340524	1
2023225	57174	1
2023226	180126	1
2023227	482991	1
2023228	355766	1
2023232	474555	1
2023233	467654	1
2023236	532924	1
2023237	352987	1
2023239	199233	1
2023242	405085	1
2023243	172425	1
2023246	533997	1
2023248	230416	1
2023249	199429	1
2023256	215989	1
2023257	268581	1
2023258	559618	1
2023261	86639	1
2023262	195837	1
2023265	258997	1
2023268	512837	1
2023269	589023	1
2023272	211292	1
2023273	76523	1
2023275	16394	1
2023281	57426	1
2023282	133833	1
2023284	403514	1
2023285	501920	1
2023287	333231	1
2023288	576708	1
2023293	383678	1
2023294	259800	1
2023296	5446	1
2023297	235146	1
2023301	225925	1
2023306	390569	1
2023309	333443	1
2023311	64868	1
2023312	277945	1
2023313	202457	1
2023315	554823	1
2023318	250657	1
2023320	69714	1
2023321	220060	1
2023325	425517	1
2023326	200756	1
2023328	117233	1
2023332	526016	1
2023336	301690	1
2023339	149196	1
2023343	7796	1
2023347	505238	1
2023350	267174	1
2023352	14802	1
2023354	53087	1
2023355	73434	1
2023356	425791	1
2023360	82642	1
2023361	262086	1
2023363	588775	1
2023364	137806	1
2023365	294625	1
2023366	570854	1
2023368	29192	1
2023369	349026	1
2023372	522027	1
2023373	115706	1
2023374	343692	1
2023376	141928	1
2023381	255178	1
2023383	450039	1
2023386	548370	1
2023388	466851	1
2023389	376498	1
2023391	139049	1
2023392	433846	1
2023394	356648	1
2023395	415912	1
2023396	197283	1
2023397	63005	1
2023401	585419	1
2023403	232944	1
2023404	312061	1
2023414	425523	1
2023415	364534	1
2023416	344511	1
2023417	481663	1
2023420	2646	1
2023421	287637	1
2023422	405358	1
2023425	287573	1
2023427	338580	1
2023430	515668	1
2023432	282029	1
2023433	45187	1
2023434	235435	1
2023435	449285	1
2023436	186840	1
2023438	175909	1
2023448	33723	1
2023450	587929	1
2023451	312498	1
2023452	453164	1
2023454	223694	1
2023460	68404	1
2023461	555404	1
2023463	94774	1
2023464	393412	1
2023466	515060	1
2023468	327653	1
2023469	304743	1
2023470	18984	1
2023471	45519	1
2023473	225452	1
2023475	139015	1
2023478	274276	1
2023481	422581	1
2023482	508300	1
2023483	530253	1
2023486	176475	1
2023487	48998	1
2023488	554855	1
2023490	257622	1
2023492	432719	1
2023493	599023	1
2023494	357017	1
2023495	528033	1
2023496	199362	1
2023497	52450	1
2023498	124705	1
2023499	92786	1
2023502	255757	1
2023504	54278	1
2023506	518771	1
2023508	306138	1
2023509	338409	1
2023510	385071	1
2023513	203656	1
2023514	112085	1
2023515	367899	1
2023518	3548	1
2023520	589538	1
2023527	181569	1
2023532	474362	1
2023533	422493	1
2023535	320831	1
2023536	395834	1
2023538	182777	1
2023539	352882	1
2023540	563798	1
2023542	284682	1
2023544	376462	1
2023545	542671	1
2023547	251566	1
2023548	543123	1
2023549	271216	1
2023550	58525	1
2023551	543642	1
2023555	318155	1
2023557	581593	1
2023558	572760	1
2023559	251122	1
2023562	287783	1
2023564	145884	1
2023565	437188	1
2023566	544962	1
2023571	446809	1
2023573	351100	1
2023577	467880	1
2023580	48553	1
2023581	189464	1
2023582	123483	1
2023584	481308	1
2023587	312540	1
2023589	318579	1
2023590	412720	1
2023591	138410	1
2023593	576263	1
2023595	270826	1
2023600	165388	1
2023602	104527	1
2023603	456277	1
2023604	237049	1
2023605	59995	1
2023606	424175	1
2023607	134689	1
2023608	496360	1
2023610	13202	1
2023612	474042	1
2023615	276333	1
2023616	70318	1
2023619	79225	1
2023622	134854	1
2023623	87690	1
2023625	494280	1
2023627	593085	1
2023628	514002	1
2023629	448769	1
2023631	571178	1
2023636	190854	1
2023637	118867	1
2023641	375713	1
2023643	407564	1
2023644	501107	1
2023645	143638	1
2023646	562098	1
2023648	194987	1
2023649	361585	1
2023652	382894	1
2023654	54838	1
2023656	220825	1
2023661	167748	1
2023662	431884	1
2023663	574974	1
2023665	82199	1
2023667	316878	1
2023668	292131	1
2023669	16452	1
2023673	426638	1
2023674	245961	1
2023678	514204	1
2023679	295091	1
2023687	343771	1
2023691	381926	1
2023692	114852	1
2023694	2890	1
2023695	483238	1
2023697	470189	1
2023698	123368	1
2023699	69482	1
2023703	589096	1
2023704	559073	1
2023706	247773	1
2023707	271026	1
2023709	32673	1
2023710	289321	1
2023713	517330	1
2023717	241070	1
2023723	414698	1
2023724	270949	1
2023726	449243	1
2023727	33800	1
2023728	168582	1
2023730	111581	1
2023732	226299	1
2023733	566704	1
2023735	272285	1
2023736	146265	1
2023737	145516	1
2023739	65605	1
2023742	165549	1
2023743	280145	1
2023746	365173	1
2023748	310986	1
2023749	310521	1
2023754	33396	1
2023755	303806	1
2023761	544496	1
2023763	14603	1
2023764	412566	1
2023767	574390	1
2023768	591374	1
2023769	280091	1
2023770	361740	1
2023771	337604	1
2023772	449698	1
2023773	306583	1
2023779	513246	1
2023780	456093	1
2023782	393819	1
2023786	597215	1
2023788	592499	1
2023792	163628	1
2023797	83857	1
2023800	452017	1
2023801	75469	1
2023802	434297	1
2023804	568318	1
2023805	588172	1
2023808	169048	1
2023812	42124	1
2023814	337486	1
2023817	388114	1
2023828	444624	1
2023829	410593	1
2023830	410970	1
2023833	404680	1
2023836	228571	1
2023838	452537	1
2023841	520734	1
2023844	503192	1
2023847	358140	1
2023848	242994	1
2023849	340131	1
2023852	270535	1
2023854	152911	1
2023857	351867	1
2023858	575495	1
2023859	278665	1
2023862	171303	1
2023864	336272	1
2023874	370046	1
2023875	556703	1
2023876	228711	1
2023879	313270	1
2023884	357493	1
2023886	40456	1
2023888	560004	1
2023890	239576	1
2023893	64128	1
2023896	251866	1
2023897	177914	1
2023900	389025	1
2023901	84171	1
2023903	51317	1
2023906	277960	1
2023907	64955	1
2023909	221288	1
2023910	520894	1
2023911	3550	1
2023912	65482	1
2023913	46180	1
2023915	66315	1
2023916	146255	1
2023917	162779	1
2023918	63980	1
2023921	512590	1
2023922	287507	1
2023925	243079	1
2023928	240417	1
2023929	398091	1
2023936	116273	1
2023937	590142	1
2023938	277178	1
2023939	521843	1
2023941	597349	1
2023942	161275	1
2023943	502686	1
2023945	431025	1
2023950	190403	1
2023951	247150	1
2023952	390796	1
2023954	556210	1
2023955	509464	1
2023957	386443	1
2023958	292568	1
2023960	470148	1
2023963	483620	1
2023964	577128	1
2023969	87435	1
2023970	257709	1
2023971	48826	1
2023973	391813	1
2023974	15487	1
2023975	216145	1
2023977	274704	1
2023978	117286	1
2023979	489771	1
2023982	29890	1
2023984	209374	1
2023985	196070	1
2023986	297500	1
2023989	352015	1
2023992	28771	1
2023993	219586	1
2023994	98451	1
2023998	443944	1
2024002	500643	1
2024004	589	1
2024007	324270	1
2024008	298623	1
2024009	193938	1
2024011	262532	1
2024013	162540	1
2024015	320571	1
2024016	104788	1
2024019	468225	1
2024021	173700	1
2024023	580394	1
2024030	186805	1
2024033	573595	1
2024034	87361	1
2024035	476851	1
2024037	438121	1
2024038	80797	1
2024041	576571	1
2024042	17366	1
2024043	342863	1
2024046	176262	1
2024050	316	1
2024051	589773	1
2024056	352466	1
2024057	198340	1
2024067	379307	1
2024068	70378	1
2024070	294406	1
2024073	59035	1
2024075	153677	1
2024078	118996	1
2024080	208909	1
2024082	500882	1
2024084	197824	1
2024087	443983	1
2024091	26863	1
2024092	582761	1
2024093	583268	1
2024094	428306	1
2024095	271336	1
2024099	540281	1
2024100	37056	1
2024103	494814	1
2024105	82472	1
2024117	48768	1
2024120	159686	1
2024121	25013	1
2024124	398859	1
2024125	419796	1
2024126	339287	1
2024127	318477	1
2024132	418517	1
2024135	225492	1
2024136	299258	1
2024139	392794	1
2024148	252624	1
2024149	189443	1
2024150	307501	1
2024155	351993	1
2024156	278846	1
2024157	575274	1
2024158	407627	1
2024159	57838	1
2024164	332585	1
2024167	294388	1
2024168	171361	1
2024171	482488	1
2024177	100040	1
2024179	337943	1
2024181	162825	1
2024183	244542	1
2024185	444323	1
2024186	177722	1
2024187	593279	1
2024190	284809	1
2024191	517639	1
2024192	178215	1
2024195	517337	1
2024197	443752	1
2024198	444953	1
2024199	310056	1
2024200	462382	1
2024202	234822	1
2024206	380003	1
2024208	278653	1
2024211	568560	1
2024219	9883	1
2024220	221050	1
2024221	297512	1
2024222	283020	1
2024223	71177	1
2024224	240396	1
2024225	151907	1
2024226	174800	1
2024227	345601	1
2024231	369910	1
2024234	591394	1
2024235	161446	1
2024236	501768	1
2024239	22611	1
2024240	406403	1
2024241	56908	1
2024242	504658	1
2024243	38990	1
2024244	542493	1
2024245	363820	1
2024247	493679	1
2024250	121256	1
2024251	485575	1
2024252	355273	1
2024254	344662	1
2024255	545247	1
2024256	172015	1
2024257	225026	1
2024259	434958	1
2024262	532514	1
2024264	219665	1
2024266	522613	1
2024267	235808	1
2024269	217661	1
2024272	150735	1
2024275	378424	1
2024277	134174	1
2024280	161465	1
2024282	228774	1
2024283	41020	1
2024286	371131	1
2024287	351318	1
2024290	391835	1
2024293	187581	1
2024294	137381	1
2024295	239205	1
2024301	49342	1
2024302	378581	1
2024303	316018	1
2024308	279336	1
2024309	529491	1
2024311	388471	1
2024313	535902	1
2024319	179068	1
2024320	561257	1
2024321	329826	1
2024323	160700	1
2024324	28956	1
2024325	50357	1
2024326	465729	1
2024327	367157	1
2024329	223860	1
2024334	16507	1
2024338	179137	1
2024340	336009	1
2024346	576933	1
2024348	527081	1
2024349	138336	1
2024351	500452	1
2024352	314326	1
2024353	388756	1
2024354	581973	1
2024355	211541	1
2024359	274332	1
2024360	445218	1
2024361	219883	1
2024363	126304	1
2024364	262968	1
2024365	225	1
2024367	328378	1
2024369	60017	1
2024370	421065	1
2024372	77596	1
2024373	343671	1
2024374	575900	1
2024375	403186	1
2024376	32345	1
2024377	89404	1
2024378	276019	1
2024381	323310	1
2024382	344379	1
2024383	205562	1
2024385	81052	1
2024388	571348	1
2024390	538224	1
2024395	110217	1
2024396	80657	1
2024397	393558	1
2024399	354961	1
2024405	180274	1
2024406	314846	1
2024407	21284	1
2024409	224808	1
2024410	208151	1
2024413	187271	1
2024415	420187	1
2024418	105448	1
2024419	69658	1
2024420	376997	1
2024423	207356	1
2024424	302993	1
2024427	427051	1
2024431	182836	1
2024432	290758	1
2024433	209037	1
2024436	484504	1
2024437	584868	1
2024438	185336	1
2024441	115274	1
2024442	411313	1
2024443	379900	1
2024445	467255	1
2024446	562564	1
2024447	593966	1
2024448	235055	1
2024451	285409	1
2024453	362730	1
2024454	139508	1
2024457	87375	1
2024458	186016	1
2024459	567098	1
2024461	230030	1
2024465	306186	1
2024467	93719	1
2024468	469311	1
2024469	210647	1
2024473	110270	1
2024475	598447	1
2024484	293647	1
2024487	234633	1
2024488	463537	1
2024490	187473	1
2024492	261441	1
2024494	212981	1
2024496	583893	1
2024497	237549	1
2024498	584479	1
2024502	278852	1
2024503	283072	1
2024504	112565	1
2024505	433804	1
2024509	107224	1
2024510	397341	1
2024511	490244	1
2024512	206109	1
2024513	586375	1
2024516	583194	1
2024517	66483	1
2024522	91986	1
2024527	141977	1
2024528	205497	1
2024529	176183	1
2024532	131696	1
2024533	222574	1
2024536	508894	1
2024539	228317	1
2024546	376593	1
2024548	293987	1
2024549	105158	1
2024550	338701	1
2024552	307397	1
2024554	74120	1
2024555	525888	1
2024557	217338	1
2024558	60227	1
2024559	255946	1
2024560	141642	1
2024565	330242	1
2024570	539922	1
2024571	357914	1
2024573	329699	1
2024574	308380	1
2024576	100205	1
2024579	253653	1
2024580	192491	1
2024581	56515	1
2024582	83698	1
2024583	524443	1
2024585	412587	1
2024587	451373	1
2024591	143730	1
2024594	466887	1
2024595	560676	1
2024596	87512	1
2024600	378162	1
2024603	532750	1
2024604	354785	1
2024605	567437	1
2024606	117203	1
2024607	106913	1
2024610	552828	1
2024617	64629	1
2024620	566111	1
2024623	130985	1
2024625	105113	1
2024628	412170	1
2024629	69689	1
2024631	360008	1
2024633	569369	1
2024634	313143	1
2024642	416533	1
2024646	529406	1
2024647	557859	1
2024650	582517	1
2024651	311545	1
2024653	544066	1
2024654	325493	1
2024655	391355	1
2024656	2408	1
2024657	453060	1
2024658	189279	1
2024659	289880	1
2024660	21019	1
2024661	152571	1
2024662	305075	1
2024664	227906	1
2024665	466035	1
2024672	145412	1
2024677	156688	1
2024678	561999	1
2024681	478295	1
2024687	206346	1
2024688	264934	1
2024689	104480	1
2024690	377563	1
2024692	428848	1
2024696	107980	1
2024698	272122	1
2024699	340698	1
2024702	505892	1
2024703	3805	1
2024704	289178	1
2024706	570071	1
2024707	225207	1
2024708	171345	1
2024709	575309	1
2024710	354698	1
2024713	332161	1
2024715	184913	1
2024718	145530	1
2024719	345350	1
2024721	135079	1
2024722	304760	1
2024723	491329	1
2024724	130039	1
2024725	39589	1
2024728	224401	1
2024729	324971	1
2024732	133235	1
2024736	538927	1
2024737	510043	1
2024740	146617	1
2024742	205737	1
2024745	447940	1
2024746	172127	1
2024748	572480	1
2024749	10228	1
2024750	411318	1
2024754	132138	1
2024756	19746	1
2024757	282206	1
2024760	435079	1
2024762	248128	1
2024765	161620	1
2024767	180196	1
2024768	476521	1
2024769	558290	1
2024770	106181	1
2024771	84395	1
2024772	564943	1
2024773	241267	1
2024775	196923	1
2024777	206804	1
2024778	542619	1
2024779	31319	1
2024782	139097	1
2024785	79004	1
2024786	112476	1
2024788	265315	1
2024791	477570	1
2024792	113193	1
2024794	399289	1
2024795	551047	1
2024796	415574	1
2024797	355491	1
2024799	86057	1
2024800	513953	1
2024802	500238	1
2024805	276020	1
2024806	579608	1
2024807	573789	1
2024808	294376	1
2024811	314531	1
2024814	351293	1
2024816	25741	1
2024817	518453	1
2024818	249592	1
2024819	387709	1
2024821	228310	1
2024823	255029	1
2024832	474945	1
2024833	111452	1
2024835	381884	1
2024840	471304	1
2024842	42023	1
2024845	553259	1
2024846	480206	1
2024848	86349	1
2024851	141804	1
2024852	501580	1
2024854	12318	1
2024857	370932	1
2024858	101557	1
2024859	287200	1
2024860	323452	1
2024861	181236	1
2024865	475412	1
2024866	569630	1
2024869	314663	1
2024871	404857	1
2024873	382418	1
2024874	182401	1
2024877	403491	1
2024878	147385	1
2024880	548242	1
2024885	266247	1
2024886	310089	1
2024887	144857	1
2024889	360194	1
2024891	569866	1
2024892	399863	1
2024895	550195	1
2024897	346497	1
2024900	187196	1
2024901	98521	1
2024906	174196	1
2024907	307563	1
2024908	469333	1
2024909	298709	1
2024917	350154	1
2024918	445557	1
2024923	220140	1
2024924	27106	1
2024926	100801	1
2024927	173825	1
2024928	571875	1
2024930	174321	1
2024931	68210	1
2024932	491788	1
2024933	129607	1
2024934	221810	1
2024936	275633	1
2024939	30584	1
2024940	127326	1
2024942	299579	1
2024943	347137	1
2024946	455708	1
2024947	66261	1
2024951	567498	1
2024955	430913	1
2024959	280696	1
2024960	332136	1
2024962	389017	1
2024963	383170	1
2024965	103748	1
2024966	431622	1
2024971	249547	1
2024973	423170	1
2024975	351077	1
2024976	303977	1
2024983	155857	1
2024984	483489	1
2024986	78339	1
2024990	453604	1
2024991	458256	1
2024992	486021	1
2024995	585331	1
2024997	370985	1
2024998	189442	1
2025000	33132	1
2025001	35284	1
2025002	137209	1
2025003	437969	1
2025005	153542	1
2025006	32671	1
2025007	91098	1
2025008	170990	1
2025009	453527	1
2025010	320388	1
2025014	278048	1
2025015	576361	1
2025016	171916	1
2025018	149100	1
2025019	545419	1
2025020	297465	1
2025021	422684	1
2025026	333350	1
2025028	134765	1
2025030	6073	1
2025032	174548	1
2025037	186559	1
2025038	201652	1
2025039	448816	1
2025042	164040	1
2025046	567378	1
2025048	106185	1
2025049	61573	1
2025050	215416	1
2025056	432180	1
2025057	237670	1
2025058	100506	1
2025060	266305	1
2025064	14172	1
2025065	145864	1
2025066	418301	1
2025067	412184	1
2025068	119211	1
2025069	221337	1
2025070	451195	1
2025072	595949	1
2025075	413043	1
2025080	307596	1
2025081	386890	1
2025082	472332	1
2025083	502628	1
2025085	512873	1
2025088	467900	1
2025092	184827	1
2025094	14382	1
2025096	351195	1
2025097	349851	1
2025098	336061	1
2025100	94348	1
2025102	111773	1
2025104	530181	1
2025108	340037	1
2025111	317458	1
2025112	342660	1
2025113	337063	1
2025114	285493	1
2025116	255969	1
2025120	237873	1
2025122	404793	1
2025123	34056	1
2025125	148147	1
2025128	82261	1
2025129	506729	1
2025131	459684	1
2025132	367091	1
2025133	36717	1
2025134	146409	1
2025135	531166	1
2025140	486299	1
2025141	74820	1
2025144	70730	1
2025145	303082	1
2025148	160087	1
2025150	235624	1
2025151	138318	1
2025152	256330	1
2025154	319674	1
2025156	486826	1
2025163	513573	1
2025166	238678	1
2025167	463975	1
2025169	130021	1
2025170	293629	1
2025172	19381	1
2025173	89888	1
2025174	454255	1
2025177	478824	1
2025178	10217	1
2025179	225336	1
2025180	209590	1
2025182	318142	1
2025186	407124	1
2025188	435775	1
2025192	292322	1
2025196	305112	1
2025197	45094	1
2025200	112485	1
2025201	264075	1
2025202	37454	1
2025205	47824	1
2025206	145236	1
2025209	29896	1
2025210	132519	1
2025213	468580	1
2025216	248056	1
2025217	111610	1
2025219	497072	1
2025221	529355	1
2025223	311286	1
2025225	538145	1
2025226	133966	1
2025231	382496	1
2025235	19184	1
2025238	356626	1
2025239	28636	1
2025241	88143	1
2025244	497946	1
2025245	502909	1
2025247	574184	1
2025254	468246	1
2025261	64026	1
2025263	272344	1
2025265	314017	1
2025267	369995	1
2025268	259313	1
2025275	143144	1
2025278	86662	1
2025279	475479	1
2025282	439437	1
2025287	42728	1
2025288	416953	1
2025289	457549	1
2025290	226997	1
2025297	281236	1
2025298	476812	1
2025300	339369	1
2025303	417130	1
2025305	323114	1
2025306	569197	1
2025307	120259	1
2025308	19981	1
2025309	404380	1
2025313	208100	1
2025316	50992	1
2025317	588954	1
2025318	373228	1
2025320	598465	1
2025322	247548	1
2025323	508820	1
2025325	65448	1
2025328	581994	1
2025331	102064	1
2025334	139925	1
2025336	389985	1
2025341	228186	1
2025342	85690	1
2025343	195089	1
2025344	308063	1
2025345	303744	1
2025346	342461	1
2025349	161110	1
2025351	120306	1
2025352	151514	1
2025355	444318	1
2025357	182169	1
2025359	289706	1
2025365	4734	1
2025366	347662	1
2025369	8241	1
2025370	528833	1
2025372	506252	1
2025377	405153	1
2025380	291712	1
2025381	172990	1
2025384	322356	1
2025388	69560	1
2025393	191595	1
2025394	164097	1
2025395	306675	1
2025396	429746	1
2025398	67343	1
2025401	526880	1
2025402	28346	1
2025403	489277	1
2025404	507442	1
2025406	252683	1
2025408	327335	1
2025409	45290	1
2025410	563554	1
2025411	278357	1
2025412	473868	1
2025413	400046	1
2025415	515583	1
2025416	156706	1
2025418	146160	1
2025419	528924	1
2025421	94315	1
2025422	153633	1
2025423	160530	1
2025425	534282	1
2025427	237042	1
2025430	202822	1
2025432	190542	1
2025435	507509	1
2025436	412204	1
2025437	591950	1
2025440	328716	1
2025441	528015	1
2025442	313017	1
2025443	203138	1
2025445	426462	1
2025446	123763	1
2025449	540875	1
2025451	163621	1
2025454	181600	1
2025456	23564	1
2025458	237573	1
2025459	180419	1
2025460	191923	1
2025461	8341	1
2025467	193539	1
2025468	153741	1
2025470	132287	1
2025471	444218	1
2025472	473487	1
2025476	598345	1
2025478	445593	1
2025481	415629	1
2025482	161295	1
2025483	548662	1
2025484	344042	1
2025486	65698	1
2025488	428670	1
2025490	531117	1
2025491	539305	1
2025494	559407	1
2025496	264473	1
2025498	262026	1
2025499	594322	1
2025501	133506	1
2025504	309279	1
2025507	525069	1
2025509	141874	1
2025510	398823	1
2025511	563655	1
2025512	444295	1
2025516	446369	1
2025517	427784	1
2025521	423978	1
2025525	442406	1
2025526	174474	1
2025528	300272	1
2025529	588323	1
2025531	341562	1
2025532	269135	1
2025533	449610	1
2025534	244775	1
2025535	217973	1
2025536	537024	1
2025537	586524	1
2025542	491311	1
2025543	339911	1
2025544	471138	1
2025545	190079	1
2025547	219398	1
2025548	237110	1
2025551	468535	1
2025554	235807	1
2025555	522072	1
2025557	388667	1
2025558	485822	1
2025559	585118	1
2025560	562199	1
2025561	330293	1
2025565	467108	1
2025569	13195	1
2025571	245480	1
2025573	542931	1
2025574	222030	1
2025581	450812	1
2025583	148520	1
2025585	24404	1
2025588	117238	1
2025590	412584	1
2025592	538361	1
2025594	26569	1
2025597	26212	1
2025602	218644	1
2025604	153259	1
2025606	237338	1
2025607	66454	1
2025608	107378	1
2025609	504399	1
2025611	80285	1
2025612	168657	1
2025614	393286	1
2025616	497733	1
2025617	243714	1
2025618	265708	1
2025622	120568	1
2025625	126345	1
2025626	494711	1
2025627	345253	1
2025629	119470	1
2025631	330297	1
2025633	453394	1
2025636	169042	1
2025638	227740	1
2025649	301802	1
2025651	341351	1
2025653	71048	1
2025654	569169	1
2025656	416668	1
2025658	355210	1
2025659	488329	1
2025660	540389	1
2025661	306679	1
2025663	353689	1
2025666	477848	1
2025667	186668	1
2025668	260340	1
2025671	287665	1
2025673	485896	1
2025674	276681	1
2025676	466752	1
2025682	292714	1
2025683	148210	1
2025687	429584	1
2025690	358672	1
2025691	115848	1
2025692	510041	1
2025695	88912	1
2025696	305477	1
2025698	215233	1
2025703	44847	1
2025704	64442	1
2025705	302093	1
2025706	378355	1
2025707	477022	1
2025708	102576	1
2025710	412448	1
2025712	199499	1
2025715	106956	1
2025719	221014	1
2025724	477823	1
2025725	536808	1
2025727	342045	1
2025731	79014	1
2025733	197984	1
2025735	35415	1
2025736	353626	1
2025737	532263	1
2025739	265678	1
2025740	83423	1
2025741	39062	1
2025744	85953	1
2025746	64391	1
2025747	343363	1
2025749	256892	1
2025750	564618	1
2025752	493198	1
2025754	40465	1
2025756	205251	1
2025757	63824	1
2025760	170125	1
2025761	326927	1
2025762	431898	1
2025764	55463	1
2025766	446227	1
2025770	306198	1
2025771	584160	1
2025774	88095	1
2025775	585007	1
2025776	82946	1
2025778	461742	1
2025782	79979	1
2025783	399774	1
2025784	290750	1
2025786	300652	1
2025789	457805	1
2025790	88942	1
2025791	545599	1
2025793	108861	1
2025795	421710	1
2025799	125028	1
2025800	417178	1
2025803	572588	1
2025804	165465	1
2025805	915	1
2025809	560548	1
2025815	308186	1
2025817	217707	1
2025818	147805	1
2025819	74204	1
2025820	231558	1
2025821	472404	1
2025822	84819	1
2025825	302152	1
2025830	248119	1
2025832	318653	1
2025834	578803	1
2025836	319158	1
2025838	323133	1
2025840	243664	1
2025841	229972	1
2025842	127577	1
2025844	188431	1
2025846	1614	1
2025847	36517	1
2025850	301825	1
2025853	436143	1
2025857	327859	1
2025858	479745	1
2025859	290340	1
2025861	389667	1
2025863	570178	1
2025864	352205	1
2025865	10634	1
2025866	448991	1
2025869	290468	1
2025870	585037	1
2025872	416796	1
2025875	114872	1
2025876	37936	1
2025881	155045	1
2025884	79645	1
2025885	258846	1
2025886	143865	1
2025887	454031	1
2025889	189238	1
2025891	56411	1
2025892	5591	1
2025893	190325	1
2025894	477024	1
2025895	263234	1
2025897	420993	1
2025899	246058	1
2025900	325834	1
2025901	148761	1
2025902	266746	1
2025913	461887	1
2025916	453371	1
2025918	409659	1
2025919	453606	1
2025925	447521	1
2025926	178898	1
2025929	298159	1
2025930	587629	1
2025932	283772	1
2025934	185477	1
2025936	279508	1
2025938	450064	1
2025940	373692	1
2025941	412013	1
2025943	305878	1
2025945	524149	1
2025947	47574	1
2025949	6851	1
2025951	521691	1
2025953	245705	1
2025954	187038	1
2025956	175556	1
2025957	330588	1
2025959	391988	1
2025960	233103	1
2025965	372883	1
2025966	309134	1
2025967	466777	1
2025968	595131	1
2025970	291347	1
2025971	318730	1
2025972	4789	1
2025974	393934	1
2025975	236581	1
2025978	230898	1
2025979	274043	1
2025980	116817	1
2025983	7192	1
2025988	448021	1
2025992	414272	1
2025993	597686	1
2025995	133158	1
2025999	149925	1
2026000	529927	1
2026001	408288	1
2026002	470374	1
2026005	296101	1
2026007	560976	1
2026008	248095	1
2026010	42225	1
2026015	136722	1
2026016	59797	1
2026021	486398	1
2026025	561474	1
2026027	334522	1
2026028	188112	1
2026031	282917	1
2026034	383156	1
2026037	477063	1
2026038	552216	1
2026040	102587	1
2026043	309019	1
2026045	137675	1
2026046	547035	1
2026047	130016	1
2026049	553165	1
2026054	504463	1
2026056	420707	1
2026060	475105	1
2026062	95378	1
2026065	125935	1
2026068	477431	1
2026070	79908	1
2026073	487190	1
2026076	8871	1
2026079	549773	1
2026080	83886	1
2026082	50979	1
2026083	349937	1
2026084	495058	1
2026086	568337	1
2026087	277475	1
2026089	451024	1
2026090	515203	1
2026091	475984	1
2026093	71049	1
2026094	66672	1
2026096	292811	1
2026098	80821	1
2026099	594106	1
2026103	508324	1
2026105	320471	1
2026106	364015	1
2026111	281237	1
2026113	37473	1
2026117	457882	1
2026118	49011	1
2026119	495104	1
2026122	40080	1
2026123	488666	1
2026125	461580	1
2026126	451312	1
2026127	72536	1
2026130	4462	1
2026131	243148	1
2026132	531578	1
2026134	422561	1
2026135	283431	1
2026137	37263	1
2026138	17386	1
2026139	544349	1
2026140	437880	1
2026142	95846	1
2026143	318237	1
2026145	457535	1
2026146	260885	1
2026149	239374	1
2026153	583694	1
2026154	333955	1
2026156	265275	1
2026157	302951	1
2026158	432120	1
2026161	348233	1
2026164	235820	1
2026167	132680	1
2026168	518308	1
2026169	47188	1
2026170	6106	1
2026171	214541	1
2026172	243578	1
2026174	355892	1
2026175	442047	1
2026178	11312	1
2026180	264263	1
2026182	488110	1
2026183	329746	1
2026187	311687	1
2026191	586801	1
2026192	6386	1
2026194	49557	1
2026195	92770	1
2026196	13187	1
2026198	276334	1
2026202	569248	1
2026205	157698	1
2026207	291180	1
2026209	511783	1
2026211	61429	1
2026212	412244	1
2026213	504861	1
2026214	218005	1
2026215	40796	1
2026216	522428	1
2026217	449175	1
2026220	406848	1
2026221	162337	1
2026225	324083	1
2026227	365107	1
2026228	587632	1
2026230	387871	1
2026234	68622	1
2026238	165866	1
2026243	147578	1
2026245	92232	1
2026250	475803	1
2026254	543545	1
2026256	266167	1
2026261	96474	1
2026264	227098	1
2026265	593056	1
2026270	122630	1
2026271	202841	1
2026273	284902	1
2026274	342871	1
2026275	53982	1
2026276	486157	1
2026277	250759	1
2026279	454205	1
2026280	289813	1
2026283	254735	1
2026287	132091	1
2026288	473431	1
2026289	109574	1
2026290	231661	1
2026292	205514	1
2026293	156573	1
2026294	313487	1
2026295	325610	1
2026296	72255	1
2026297	342400	1
2026298	216196	1
2026299	253046	1
2026301	213339	1
2026304	299229	1
2026308	327153	1
2026309	32372	1
2026310	26263	1
2026311	477720	1
2026313	54231	1
2026314	269713	1
2026320	143457	1
2026321	207577	1
2026323	415831	1
2026324	322638	1
2026326	435060	1
2026328	254070	1
2026330	543780	1
2026331	85558	1
2026335	269812	1
2026338	325465	1
2026342	419526	1
2026347	458737	1
2026352	284454	1
2026354	526704	1
2026357	60405	1
2026359	14460	1
2026360	260360	1
2026361	517652	1
2026362	18696	1
2026363	371162	1
2026364	199656	1
2026365	86120	1
2026366	547546	1
2026369	410206	1
2026370	316491	1
2026376	399188	1
2026378	113145	1
2026380	175303	1
2026381	426244	1
2026382	38953	1
2026387	4602	1
2026389	230961	1
2026392	475399	1
2026393	333278	1
2026394	128178	1
2026398	62404	1
2026402	397551	1
2026405	219833	1
2026406	325218	1
2026407	93564	1
2026411	249904	1
2026415	447566	1
2026416	259545	1
2026417	420148	1
2026418	472340	1
2026419	554518	1
2026421	542144	1
2026423	258980	1
2026424	116644	1
2026425	298984	1
2026427	321285	1
2026428	250790	1
2026429	66476	1
2026430	122177	1
2026435	437149	1
2026440	310378	1
2026441	564129	1
2026442	489165	1
2026443	432954	1
2026444	324247	1
2026445	453656	1
2026446	358179	1
2026447	133076	1
2026449	77564	1
2026451	234048	1
2026454	185922	1
2026458	229134	1
2026459	85144	1
2026462	346628	1
2026464	586135	1
2026465	489838	1
2026466	134005	1
2026467	206222	1
2026468	62072	1
2026469	161221	1
2026470	150652	1
2026473	3	1
2026475	218532	1
2026476	69987	1
2026477	400183	1
2026479	223031	1
2026481	341978	1
2026483	586858	1
2026485	156513	1
2026487	128533	1
2026489	356136	1
2026492	298491	1
2026494	447927	1
2026495	363148	1
2026496	143706	1
2026505	424550	1
2026508	144879	1
2026510	523874	1
2026514	526270	1
2026516	6872	1
2026517	407542	1
2026522	163271	1
2026525	212241	1
2026531	159726	1
2026538	304669	1
2026539	119034	1
2026548	365167	1
2026549	245570	1
2026552	221912	1
2026553	336843	1
2026555	19823	1
2026558	531794	1
2026559	150813	1
2026560	274974	1
2026565	380326	1
2026566	114559	1
2026571	262428	1
2026572	276135	1
2026573	102292	1
2026576	10384	1
2026577	202199	1
2026579	274937	1
2026587	417865	1
2026594	390673	1
2026595	91174	1
2026600	183689	1
2026602	286581	1
2026604	427027	1
2026606	526731	1
2026608	574121	1
2026613	378681	1
2026616	372847	1
2026619	247107	1
2026620	101320	1
2026621	212293	1
2026622	299586	1
2026624	38707	1
2026625	382587	1
2026626	73995	1
2026630	803	1
2026631	553574	1
2026632	42869	1
2026635	314002	1
2026636	290947	1
2026638	309958	1
2026644	361191	1
2026646	317651	1
2026648	566691	1
2026649	56931	1
2026652	117894	1
2026654	41239	1
2026657	395030	1
2026659	404656	1
2026660	409794	1
2026661	58796	1
2026662	115454	1
2026663	368236	1
2026666	371094	1
2026667	99659	1
2026668	181239	1
2026670	270757	1
2026674	316201	1
2026676	65648	1
2026679	561653	1
2026681	217934	1
2026682	465596	1
2026684	371426	1
2026686	441626	1
2026691	160173	1
2026692	402112	1
2026693	457923	1
2026700	440347	1
2026701	299724	1
2026702	420491	1
2026703	2347	1
2026704	306908	1
2026707	388081	1
2026709	516260	1
2026711	212011	1
2026714	592596	1
2026717	308402	1
2026718	350900	1
2026725	574122	1
2026726	92771	1
2026730	579435	1
2026732	559889	1
2026733	455983	1
2026734	212579	1
2026735	341102	1
2026737	467457	1
2026738	445521	1
2026739	69546	1
2026741	39398	1
2026742	91619	1
2026746	352775	1
2026750	260638	1
2026752	571891	1
2026755	113322	1
2026765	511984	1
2026770	582023	1
2026771	298352	1
2026773	167222	1
2026777	446619	1
2026779	438801	1
2026780	235197	1
2026781	68357	1
2026782	405957	1
2026787	204024	1
2026792	517052	1
2026793	433340	1
2026794	469795	1
2026795	87632	1
2026796	94949	1
2026800	290614	1
2026801	169772	1
2026803	228617	1
2026804	220000	1
2026805	555273	1
2026807	36212	1
2026808	293824	1
2026809	406257	1
2026810	508709	1
2026811	534721	1
2026813	5748	1
2026815	79063	1
2026816	410959	1
2026817	11236	1
2026819	442152	1
2026821	438601	1
2026824	138125	1
2026825	476891	1
2026826	235303	1
2026827	578317	1
2026828	451424	1
2026830	293713	1
2026831	176361	1
2026832	473712	1
2026833	145442	1
2026837	589992	1
2026838	312703	1
2026839	1944	1
2026840	64221	1
2026841	323848	1
2026842	453718	1
2026843	562776	1
2026847	499871	1
2026848	118305	1
2026852	529845	1
2026853	599546	1
2026855	52347	1
2026856	66072	1
2026857	386387	1
2026858	388635	1
2026862	232651	1
2026863	304256	1
2026864	44518	1
2026865	78398	1
2026868	339339	1
2026870	302433	1
2026874	516127	1
2026876	384617	1
2026882	427014	1
2026883	397729	1
2026890	332877	1
2026894	274875	1
2026896	30351	1
2026900	83587	1
2026901	209584	1
2026902	54204	1
2026906	489620	1
2026908	564384	1
2026909	247381	1
2026910	489278	1
2026912	10608	1
2026913	548891	1
2026916	340218	1
2026919	254559	1
2026920	339060	1
2026924	576341	1
2026925	66399	1
2026928	263557	1
2026930	260756	1
2026933	197698	1
2026934	97280	1
2026937	91534	1
2026942	510327	1
2026943	291359	1
2026951	60923	1
2026952	293006	1
2026953	433074	1
2026954	284073	1
2026956	392056	1
2026959	90981	1
2026963	278821	1
2026967	445929	1
2026970	299396	1
2026971	276906	1
2026973	392451	1
2026975	78616	1
2026976	212367	1
2026979	94152	1
2026980	84807	1
2026982	143422	1
2026983	339994	1
2026985	113876	1
2026987	77447	1
2026988	45053	1
2026989	500419	1
2026991	30258	1
2026996	564627	1
2026998	28734	1
2026999	586580	1
2027000	495950	1
2027001	177550	1
2027002	8652	1
2027003	311069	1
2027004	367473	1
2027005	1398	1
2027016	62317	1
2027021	439002	1
2027026	417	1
2027027	555314	1
2027030	535549	1
2027035	260617	1
2027037	588866	1
2027039	421172	1
2027040	74396	1
2027041	349336	1
2027042	457615	1
2027043	180690	1
2027045	554903	1
2027046	161790	1
2027048	337152	1
2027049	208050	1
2027050	143057	1
2027052	178379	1
2027053	152985	1
2027055	378169	1
2027056	387205	1
2027057	401248	1
2027058	38749	1
2027059	427166	1
2027060	490241	1
2027061	22960	1
2027062	443707	1
2027064	515656	1
2027065	175693	1
2027066	104370	1
2027068	249668	1
2027070	599593	1
2027071	56528	1
2027077	366284	1
2027079	96636	1
2027081	206483	1
2027086	542871	1
2027088	500261	1
2027090	71830	1
2027091	958	1
2027094	482216	1
2027096	14317	1
2027097	432236	1
2027098	140446	1
2027101	180296	1
2027102	273839	1
2027103	455648	1
2027105	473556	1
2027108	367159	1
2027109	539251	1
2027113	455151	1
2027114	422421	1
2027115	277430	1
2027118	398260	1
2027120	226349	1
2027121	109394	1
2027122	84630	1
2027126	579682	1
2027127	503100	1
2027129	296966	1
2027131	331660	1
2027137	371859	1
2027138	171856	1
2027140	490444	1
2027142	123719	1
2027146	454408	1
2027147	172616	1
2027148	221572	1
2027150	66940	1
2027152	2943	1
2027155	400319	1
2027157	25446	1
2027160	294441	1
2027162	181812	1
2027164	128351	1
2027168	451929	1
2027169	199153	1
2027170	35758	1
2027175	145046	1
2027176	541474	1
2027183	197648	1
2027184	412228	1
2027189	231098	1
2027191	113894	1
2027193	41180	1
2027196	378654	1
2027198	599082	1
2027199	169451	1
2027200	197014	1
2027201	551454	1
2027205	111156	1
2027207	536217	1
2027209	434766	1
2027210	25970	1
2027211	476595	1
2027212	453936	1
2027217	217865	1
2027219	449847	1
2027220	523624	1
2027221	109715	1
2027222	383376	1
2027230	140736	1
2027232	280679	1
2027237	296734	1
2027238	541874	1
2027241	310320	1
2027243	461764	1
2027246	332202	1
2027247	460711	1
2027248	52004	1
2027249	3149	1
2027250	116023	1
2027251	176881	1
2027255	354943	1
2027257	396220	1
2027258	595871	1
2027260	48028	1
2027261	61049	1
2027263	123027	1
2027264	271266	1
2027266	238499	1
2027268	41786	1
2027269	461593	1
2027272	512100	1
2027273	95257	1
2027274	295224	1
2027275	133472	1
2027277	365172	1
2027278	549416	1
2027281	405484	1
2027282	435451	1
2027283	450257	1
2027285	213964	1
2027289	193842	1
2027290	492547	1
2027292	143588	1
2027296	504663	1
2027298	338454	1
2027304	447168	1
2027307	216188	1
2027309	380196	1
2027310	299140	1
2027312	450816	1
2027316	336615	1
2027318	560213	1
2027319	350195	1
2027320	437492	1
2027324	492506	1
2027325	574646	1
2027326	559641	1
2027329	21288	1
2027334	514550	1
2027335	278548	1
2027338	390857	1
2027339	229276	1
2027341	288633	1
2027346	487988	1
2027348	417509	1
2027349	288269	1
2027350	135511	1
2027355	414057	1
2027358	395906	1
2027363	207474	1
2027366	370153	1
2027369	222372	1
2027371	535187	1
2027373	359541	1
2027375	480659	1
2027379	253959	1
2027380	171420	1
2027382	400848	1
2027383	316045	1
2027384	129261	1
2027385	389741	1
2027386	238310	1
2027387	314063	1
2027393	168617	1
2027395	573647	1
2027396	398817	1
2027397	227763	1
2027399	388892	1
2027400	179494	1
2027401	222208	1
2027402	409918	1
2027404	584241	1
2027406	70297	1
2027408	358912	1
2027409	48346	1
2027410	304568	1
2027413	288464	1
2027415	452942	1
2027417	522376	1
2027418	185750	1
2027419	377035	1
2027422	556263	1
2027423	509269	1
2027424	503476	1
2027425	241423	1
2027427	532395	1
2027430	65046	1
2027431	63787	1
2027432	236517	1
2027433	466854	1
2027434	400040	1
2027435	438158	1
2027438	590500	1
2027440	258725	1
2027441	398365	1
2027446	299030	1
2027448	126135	1
2027449	351776	1
2027451	296163	1
2027456	505884	1
2027457	341003	1
2027461	247271	1
2027462	588958	1
2027463	185998	1
2027465	229454	1
2027469	520116	1
2027471	146033	1
2027475	333377	1
2027477	410591	1
2027479	44916	1
2027481	188871	1
2027483	19694	1
2027484	555765	1
2027486	22509	1
2027487	401475	1
2027489	108835	1
2027490	23873	1
2027491	550924	1
2027493	355371	1
2027494	235841	1
2027495	446696	1
2027497	24103	1
2027498	351202	1
2027499	392887	1
2027500	111120	1
2027502	393580	1
2027503	439738	1
2027505	198190	1
2027506	273084	1
2027507	218385	1
2027508	195830	1
2027510	412314	1
2027512	263464	1
2027516	524104	1
2027519	91346	1
2027521	496667	1
2027523	510094	1
2027524	284544	1
2027526	15604	1
2027527	599827	1
2027528	334095	1
2027529	313275	1
2027532	543709	1
2027533	145123	1
2027535	476546	1
2027536	214696	1
2027538	442710	1
2027540	7645	1
2027541	275657	1
2027542	123941	1
2027543	547865	1
2027545	568359	1
2027546	471663	1
2027547	263430	1
2027548	279393	1
2027550	526822	1
2027551	20830	1
2027554	389098	1
2027555	73648	1
2027558	514838	1
2027561	150066	1
2027563	151758	1
2027564	517078	1
2027565	532362	1
2027567	70933	1
2027568	216568	1
2027569	381505	1
2027570	521344	1
2027571	491548	1
2027576	43759	1
2027578	53641	1
2027579	438	1
2027582	550477	1
2027584	285077	1
2027586	8578	1
2027587	553817	1
2027591	90788	1
2027596	413521	1
2027598	466556	1
2027599	507434	1
2027602	352266	1
2027603	114624	1
2027607	13657	1
2027611	484670	1
2027614	329656	1
2027615	69042	1
2027616	443626	1
2027617	299123	1
2027619	128435	1
2027621	288904	1
2027625	585825	1
2027629	377065	1
2027630	505130	1
2027634	581084	1
2027635	38126	1
2027636	445458	1
2027637	228252	1
2027638	38637	1
2027639	208988	1
2027640	16456	1
2027642	469715	1
2027644	237299	1
2027645	66631	1
2027646	173934	1
2027647	258563	1
2027648	464166	1
2027650	298753	1
2027651	434341	1
2027654	410240	1
2027655	465443	1
2027656	399492	1
2027657	71205	1
2027662	211218	1
2027663	451351	1
2027664	397492	1
2027665	245083	1
2027666	139076	1
2027668	321183	1
2027674	300099	1
2027676	478131	1
2027677	393748	1
2027681	345894	1
2027685	461462	1
2027687	460348	1
2027689	454916	1
2027690	53027	1
2027691	426915	1
2027694	74714	1
2027700	540931	1
2027702	374704	1
2027704	339699	1
2027705	575074	1
2027708	331534	1
2027710	195366	1
2027711	587386	1
2027716	366010	1
2027717	580566	1
2027720	477374	1
2027722	558417	1
2027727	558836	1
2027729	421470	1
2027731	136138	1
2027732	507287	1
2027734	201102	1
2027737	67395	1
2027739	71597	1
2027740	76120	1
2027742	504313	1
2027743	213129	1
2027745	225091	1
2027750	375275	1
2027754	229212	1
2027759	483304	1
2027763	40195	1
2027765	411922	1
2027767	15536	1
2027769	175380	1
2027773	568698	1
2027774	545988	1
2027775	568376	1
2027776	523372	1
2027777	425577	1
2027778	484375	1
2027780	135554	1
2027785	481148	1
2027786	501290	1
2027789	99093	1
2027792	433171	1
2027794	516845	1
2027795	290968	1
2027797	509042	1
2027798	25381	1
2027801	568928	1
2027803	268465	1
2027804	366219	1
2027808	297878	1
2027810	31365	1
2027814	285178	1
2027815	422078	1
2027816	587767	1
2027817	433065	1
2027818	62548	1
2027819	468462	1
2027821	596070	1
2027822	519657	1
2027825	499955	1
2027826	369838	1
2027827	325249	1
2027832	53353	1
2027834	509628	1
2027835	288350	1
2027837	199757	1
2027838	364074	1
2027846	460325	1
2027851	56052	1
2027852	224530	1
2027853	525478	1
2027855	593710	1
2027856	341222	1
2027858	314339	1
2027860	576941	1
2027863	519929	1
2027864	296028	1
2027865	8709	1
2027866	290643	1
2027868	372320	1
2027870	362200	1
2027871	359348	1
2027872	208264	1
2027874	494481	1
2027875	67951	1
2027877	508817	1
2027878	532468	1
2027879	373274	1
2027881	52441	1
2027884	291836	1
2027889	558774	1
2027890	35709	1
2027893	186606	1
2027895	341151	1
2027896	384564	1
2027899	35419	1
2027900	442661	1
2027902	319511	1
2027904	367575	1
2027907	189989	1
2027909	22998	1
2027910	546953	1
2027912	500382	1
2027916	260112	1
2027917	241539	1
2027918	372105	1
2027920	26014	1
2027921	57314	1
2027922	64306	1
2027923	597426	1
2027925	299756	1
2027927	109918	1
2027928	450213	1
2027929	460934	1
2027930	421656	1
2027935	567165	1
2027938	188423	1
2027939	487958	1
2027940	393910	1
2027942	493707	1
2027943	54481	1
2027944	158209	1
2027945	569377	1
2027949	545972	1
2027950	377372	1
2027951	130424	1
2027952	451405	1
2027953	44164	1
2027956	446208	1
2027958	597311	1
2027962	519831	1
2027963	196017	1
2027965	258454	1
2027966	492022	1
2027967	494336	1
2027968	363784	1
2027969	291497	1
2027970	214103	1
2027972	102936	1
2027977	554475	1
2027978	172653	1
2027980	507917	1
2027981	524298	1
2027982	82395	1
2027983	570095	1
2027984	274721	1
2027986	43396	1
2027988	281123	1
2027990	47227	1
2027993	160923	1
2027994	39170	1
2027995	290034	1
2028000	282714	1
2028001	4877	1
2028002	207820	1
2028004	340045	1
2028005	120434	1
2028006	130705	1
2028009	385669	1
2028010	212871	1
2028014	445378	1
2028015	200797	1
2028017	43868	1
2028019	164231	1
2028020	144292	1
2028023	34737	1
2028024	188704	1
2028025	112547	1
2028026	553212	1
2028027	286776	1
2028028	435520	1
2028032	493965	1
2028033	450085	1
2028041	139418	1
2028043	70379	1
2028046	578579	1
2028048	46958	1
2028050	314311	1
2028051	408103	1
2028053	195607	1
2028055	57891	1
2028057	396010	1
2028058	583167	1
2028059	565149	1
2028060	476395	1
2028065	29399	1
2028066	468338	1
2028070	166648	1
2028072	202163	1
2028073	47075	1
2028075	17700	1
2028077	551635	1
2028078	60858	1
2028079	232964	1
2028082	565233	1
2028084	412368	1
2028085	243354	1
2028088	50368	1
2028089	577382	1
2028091	475728	1
2028092	206657	1
2028093	281210	1
2028096	405338	1
2028097	380429	1
2028098	249228	1
2028100	573640	1
2028101	256717	1
2028103	319375	1
2028104	458851	1
2028105	50119	1
2028106	456169	1
2028108	330023	1
2028109	569063	1
2028110	387411	1
2028111	271243	1
2028112	87547	1
2028115	384878	1
2028116	150665	1
2028117	48243	1
2028118	205542	1
2028119	528522	1
2028120	314825	1
2028121	272028	1
2028123	24676	1
2028126	312984	1
2028131	69081	1
2028132	498399	1
2028133	463754	1
2028134	12957	1
2028135	232558	1
2028136	420366	1
2028138	438243	1
2028140	203934	1
2028141	440415	1
2028142	129600	1
2028144	337526	1
2028148	452602	1
2028154	136258	1
2028156	273077	1
2028158	91541	1
2028159	262196	1
2028161	458183	1
2028163	385139	1
2028166	277839	1
2028167	466178	1
2028170	64022	1
2028172	542568	1
2028175	430702	1
2028177	378985	1
2028180	31525	1
2028181	456736	1
2028182	107640	1
2028186	556526	1
2028187	295643	1
2028191	496634	1
2028192	521215	1
2028197	25141	1
2028198	85647	1
2028199	270532	1
2028200	92282	1
2028201	17585	1
2028202	264071	1
2028203	193565	1
2028205	149275	1
2028206	507467	1
2028210	478811	1
2028212	301308	1
2028213	45708	1
2028216	38457	1
2028218	47757	1
2028219	565757	1
2028221	254431	1
2028228	366305	1
2028229	557704	1
2028231	362433	1
2028233	15448	1
2028235	511345	1
2028237	355354	1
2028241	390571	1
2028242	15002	1
2028243	196429	1
2028246	442357	1
2028247	106990	1
2028248	136981	1
2028250	90447	1
2028251	202642	1
2028252	294207	1
2028253	464473	1
2028255	442989	1
2028260	369742	1
2028261	475396	1
2028262	485638	1
2028263	18181	1
2028265	347314	1
2028266	406161	1
2028268	344384	1
2028271	449408	1
2028272	551259	1
2028273	428829	1
2028277	124892	1
2028279	147848	1
2028282	311409	1
2028283	418639	1
2028284	40777	1
2028294	469225	1
2028295	258398	1
2028297	375444	1
2028299	518523	1
2028300	508055	1
2028302	147197	1
2028304	534019	1
2028307	309883	1
2028308	311704	1
2028312	595383	1
2028315	241150	1
2028316	2703	1
2028317	124288	1
2028318	61342	1
2028319	314166	1
2028321	66397	1
2028323	104858	1
2028324	157738	1
2028326	417302	1
2028328	410421	1
2028330	243837	1
2028331	529186	1
2028333	254933	1
2028337	260864	1
2028338	408097	1
2028340	404973	1
2028343	8151	1
2028350	86879	1
2028351	568574	1
2028353	449155	1
2028354	307496	1
2028357	571094	1
2028360	115420	1
2028362	522602	1
2028363	169532	1
2028365	52970	1
2028366	554003	1
2028367	356185	1
2028368	395142	1
2028369	360390	1
2028375	402448	1
2028376	547476	1
2028380	72386	1
2028381	368764	1
2028384	51800	1
2028385	420016	1
2028387	565367	1
2028390	507476	1
2028394	174238	1
2028395	196086	1
2028396	429812	1
2028397	411183	1
2028399	2884	1
2028400	215712	1
2028401	456320	1
2028402	107123	1
2028404	393458	1
2028405	14812	1
2028407	445341	1
2028408	548542	1
2028409	314397	1
2028412	439305	1
2028414	385171	1
2028415	473008	1
2028416	300879	1
2028421	154981	1
2028422	8252	1
2028424	186487	1
2028426	143417	1
2028431	505850	1
2028433	382173	1
2028434	293931	1
2028435	569421	1
2028436	84357	1
2028437	411850	1
2028444	149978	1
2028445	70226	1
2028446	361256	1
2028454	269969	1
2028455	141063	1
2028457	59753	1
2028458	288313	1
2028459	512374	1
2028460	501148	1
2028461	192296	1
2028465	516767	1
2028466	417400	1
2028470	452672	1
2028473	485315	1
2028474	499900	1
2028476	409113	1
2028479	231455	1
2028481	38325	1
2028482	509355	1
2028483	51899	1
2028484	181732	1
2028486	87187	1
2028487	334911	1
2028489	286870	1
2028491	584412	1
2028493	299658	1
2028499	468128	1
2028502	288781	1
2028505	219407	1
2028509	60161	1
2028512	488861	1
2028513	356237	1
2028517	484042	1
2028518	313225	1
2028522	586593	1
2028527	543603	1
2028528	190532	1
2028531	291666	1
2028532	481697	1
2028535	398726	1
2028537	594097	1
2028538	540618	1
2028541	9568	1
2028542	592237	1
2028543	477006	1
2028545	327790	1
2028546	335531	1
2028547	416150	1
2028549	491211	1
2028550	21467	1
2028551	7568	1
2028552	467327	1
2028553	49875	1
2028554	582623	1
2028555	93234	1
2028557	317408	1
2028562	506255	1
2028563	55547	1
2028566	533287	1
2028567	329062	1
2028568	504214	1
2028570	249649	1
2028573	571160	1
2028574	594808	1
2028577	196259	1
2028580	211682	1
2028582	391470	1
2028583	212164	1
2028584	170752	1
2028585	115991	1
2028588	585595	1
2028589	318712	1
2028590	238455	1
2028592	137198	1
2028594	297664	1
2028595	239049	1
2028596	201224	1
2028600	590277	1
2028602	437403	1
2028606	392144	1
2028607	219472	1
2028612	353715	1
2028616	51197	1
2028617	289779	1
2028619	355283	1
2028623	219519	1
2028625	134403	1
2028627	48519	1
2028630	371027	1
2028631	312045	1
2028635	130319	1
2028636	589589	1
2028637	522209	1
2028639	15938	1
2028640	131171	1
2028641	503449	1
2028645	475429	1
2028646	309987	1
2028647	59355	1
2028648	416633	1
2028649	254730	1
2028650	428108	1
2028652	388585	1
2028653	68729	1
2028655	464558	1
2028656	431458	1
2028660	9437	1
2028662	365146	1
2028663	396323	1
2028665	559745	1
2028666	174106	1
2028667	239255	1
2028668	309927	1
2028669	21836	1
2028670	235631	1
2028672	85106	1
2028673	234459	1
2028675	123428	1
2028682	355313	1
2028683	329774	1
2028684	284715	1
2028685	512573	1
2028686	469229	1
2028688	72983	1
2028692	235545	1
2028696	231280	1
2028698	61923	1
2028700	331523	1
2028701	380256	1
2028702	527905	1
2028704	384759	1
2028706	591712	1
2028708	592135	1
2028709	53655	1
2028710	558469	1
2028711	34445	1
2028712	180857	1
2028716	551758	1
2028717	105115	1
2028721	82917	1
2028722	224790	1
2028723	329209	1
2028726	393724	1
2028727	393397	1
2028728	219961	1
2028730	434835	1
2028732	400643	1
2028733	418363	1
2028734	53503	1
2028739	290346	1
2028740	425233	1
2028742	131079	1
2028744	352399	1
2028745	331033	1
2028750	348092	1
2028751	22346	1
2028752	369737	1
2028754	224999	1
2028756	33673	1
2028761	309045	1
2028763	321487	1
2028765	985	1
2028766	113640	1
2028767	209131	1
2028772	51486	1
2028774	96118	1
2028778	3188	1
2028779	45848	1
2028780	223087	1
2028781	545771	1
2028783	189912	1
2028785	412108	1
2028790	231657	1
2028791	559908	1
2028792	492135	1
2028794	427849	1
2028795	94202	1
2028796	7926	1
2028798	90681	1
2028800	66805	1
2028803	529796	1
2028806	177873	1
2028810	465173	1
2028812	403583	1
2028813	122061	1
2028814	569473	1
2028816	131870	1
2028818	251705	1
2028820	230685	1
2028823	515306	1
2028824	410226	1
2028827	214870	1
2028832	322068	1
2028833	173548	1
2028835	532629	1
2028836	380890	1
2028837	294148	1
2028841	37256	1
2028842	441458	1
2028843	36959	1
2028849	233922	1
2028858	204485	1
2028859	471189	1
2028860	330656	1
2028862	6585	1
2028863	446131	1
2028864	403184	1
2028865	265765	1
2028869	396670	1
2028870	571784	1
2028872	31985	1
2028875	141371	1
2028882	352379	1
2028886	533026	1
2028887	547838	1
2028888	353669	1
2028889	141570	1
2028890	527619	1
2028891	60033	1
2028893	471603	1
2028894	349209	1
2028896	545125	1
2028897	386906	1
2028899	87051	1
2028900	556041	1
2028901	287896	1
2028902	516185	1
2028903	256971	1
2028904	64697	1
2028906	175463	1
2028907	100620	1
2028909	248309	1
2028910	327844	1
2028912	509681	1
2028914	406490	1
2028915	324534	1
2028917	296785	1
2028919	442533	1
2028921	99853	1
2028923	240304	1
2028924	564389	1
2028925	284084	1
2028926	221795	1
2028927	276812	1
2028928	446155	1
2028933	591408	1
2028935	439531	1
2028939	409509	1
2028940	488287	1
2028941	171829	1
2028942	174795	1
2028945	380618	1
2028946	429681	1
2028947	178722	1
2028950	586628	1
2028953	588194	1
2028954	233367	1
2028970	58413	1
2028971	234540	1
2028973	215858	1
2028975	489561	1
2028976	307714	1
2028978	248342	1
2028979	264289	1
2028981	193523	1
2028982	325534	1
2028983	101341	1
2028986	421380	1
2028987	127009	1
2028990	374497	1
2028992	341484	1
2028994	313887	1
2028995	261514	1
2028996	324531	1
2028997	455271	1
2028998	240365	1
2028999	346241	1
2029000	498300	1
2029001	27826	1
2029002	530511	1
2029004	476500	1
2029005	280593	1
2029006	339636	1
2029010	17759	1
2029011	117564	1
2029014	259764	1
2029015	134917	1
2029017	253216	1
2029021	389647	1
2029022	347129	1
2029024	228079	1
2029027	28060	1
2029028	526419	1
2029030	247809	1
2029032	517978	1
2029037	288050	1
2029040	230993	1
2029042	588818	1
2029044	312358	1
2029045	552934	1
2029046	263771	1
2029048	597398	1
2029053	503117	1
2029054	348981	1
2029055	514819	1
2029056	444444	1
2029058	595897	1
2029061	447778	1
2029063	169267	1
2029065	580534	1
2029069	13118	1
2029071	272789	1
2029074	78610	1
2029075	151288	1
2029076	160174	1
2029077	233265	1
2029078	347269	1
2029080	231088	1
2029083	311963	1
2029084	507038	1
2029087	313338	1
2029088	111294	1
2029092	430605	1
2029093	355973	1
2029094	360535	1
2029095	524888	1
2029097	249363	1
2029100	95955	1
2029101	537653	1
2029103	593265	1
2029105	574060	1
2029109	78755	1
2029111	582933	1
2029116	585975	1
2029117	538727	1
2029118	584046	1
2029121	400779	1
2029122	464081	1
2029123	530516	1
2029126	403320	1
2029127	319902	1
2029129	403065	1
2029132	67370	1
2029136	68523	1
2029141	504757	1
2029143	41703	1
2029146	9362	1
2029148	477714	1
2029149	236556	1
2029150	518129	1
2029154	306059	1
2029156	164275	1
2029157	544630	1
2029160	581053	1
2029162	565708	1
2029163	552897	1
2029164	323911	1
2029165	259750	1
2029168	380448	1
2029169	375793	1
2029175	442537	1
2029177	202954	1
2029178	494753	1
2029179	376244	1
2029181	332422	1
2029185	233371	1
2029189	187776	1
2029190	545177	1
2029192	73818	1
2029195	187949	1
2029196	433432	1
2029197	299855	1
2029202	214500	1
2029203	138994	1
2029206	118224	1
2029207	289912	1
2029208	91313	1
2029213	1986	1
2029214	241682	1
2029215	159599	1
2029217	345448	1
2029221	24218	1
2029230	409412	1
2029232	381265	1
2029234	378485	1
2029237	48071	1
2029238	551234	1
2029239	109383	1
2029240	565271	1
2029243	400716	1
2029245	338953	1
2029247	11447	1
2029249	586295	1
2029250	212434	1
2029253	150401	1
2029256	60663	1
2029259	452488	1
2029262	481296	1
2029264	435470	1
2029265	585823	1
2029267	214037	1
2029268	405184	1
2029269	236982	1
2029270	175924	1
2029274	279824	1
2029275	220009	1
2029276	538741	1
2029277	179702	1
2029280	348377	1
2029283	185643	1
2029288	196099	1
2029289	568690	1
2029291	163149	1
2029295	135781	1
2029298	342491	1
2029301	92104	1
2029302	168392	1
2029303	545722	1
2029304	272136	1
2029307	559655	1
2029308	140579	1
2029309	52275	1
2029312	321646	1
2029314	257589	1
2029319	43913	1
2029320	146653	1
2029322	253300	1
2029324	404478	1
2029325	361471	1
2029330	102244	1
2029333	280892	1
2029334	404726	1
2029336	543701	1
2029337	325869	1
2029338	505025	1
2029340	21032	1
2029341	597446	1
2029342	307199	1
2029343	398391	1
2029346	318470	1
2029347	323946	1
2029348	213975	1
2029350	274533	1
2029354	427365	1
2029355	300897	1
2029359	11661	1
2029363	593183	1
2029365	305467	1
2029368	143826	1
2029375	262727	1
2029376	422484	1
2029377	395520	1
2029378	534336	1
2029379	279601	1
2029380	180991	1
2029381	234182	1
2029382	106735	1
2029385	473028	1
2029387	536495	1
2029388	462513	1
2029394	124332	1
2029396	114752	1
2029397	508929	1
2029398	547982	1
2029405	486729	1
2029406	187059	1
2029411	385184	1
2029412	23571	1
2029413	498337	1
2029415	329536	1
2029416	82067	1
2029418	111999	1
2029419	370976	1
2029421	11274	1
2029424	46642	1
2029425	40948	1
2029427	75884	1
2029438	541725	1
2029439	311558	1
2029440	347941	1
2029442	196955	1
2029443	147338	1
2029447	509424	1
2029448	79469	1
2029451	299172	1
2029453	238092	1
2029456	474587	1
2029459	236531	1
2029460	86303	1
2029461	15824	1
2029462	365199	1
2029463	574258	1
2029464	397783	1
2029466	95188	1
2029471	472094	1
2029473	481393	1
2029474	427932	1
2029476	229149	1
2029481	211228	1
2029482	414344	1
2029483	87057	1
2029484	292640	1
2029489	561586	1
2029490	122447	1
2029503	391917	1
2029506	599946	1
2029507	49023	1
2029509	54995	1
2029510	209783	1
2029512	191249	1
2029513	448214	1
2029514	107375	1
2029516	232820	1
2029519	91116	1
2029521	391896	1
2029524	594011	1
2029526	265911	1
2029528	191651	1
2029531	128934	1
2029534	372654	1
2029535	188750	1
2029536	430021	1
2029537	234713	1
2029538	16407	1
2029539	581989	1
2029546	32366	1
2029547	326355	1
2029549	150550	1
2029552	476363	1
2029554	582822	1
2029555	63547	1
2029560	312436	1
2029562	551052	1
2029563	276121	1
2029564	68325	1
2029565	453422	1
2029568	525576	1
2029571	319367	1
2029572	500618	1
2029574	183149	1
2029575	183986	1
2029579	235765	1
2029586	141834	1
2029589	456668	1
2029595	187227	1
2029596	410732	1
2029597	117415	1
2029599	35856	1
2029600	186533	1
2029602	42661	1
2029605	587778	1
2029607	80574	1
2029608	418884	1
2029612	347135	1
2029613	80717	1
2029617	374722	1
2029618	198328	1
2029623	511770	1
2029624	174296	1
2029625	359405	1
2029626	561446	1
2029627	271612	1
2029629	524551	1
2029631	345614	1
2029634	264904	1
2029643	529501	1
2029647	161642	1
2029648	35128	1
2029650	303756	1
2029651	189115	1
2029652	454666	1
2029654	364258	1
2029656	369389	1
2029658	364370	1
2029660	377346	1
2029661	282003	1
2029662	440376	1
2029666	333245	1
2029668	518213	1
2029672	548	1
2029673	419793	1
2029674	391287	1
2029676	478298	1
2029677	483896	1
2029679	444835	1
2029681	215761	1
2029684	106673	1
2029687	115317	1
2029688	505936	1
2029690	380037	1
2029692	255782	1
2029693	131957	1
2029694	517810	1
2029700	183735	1
2029701	63315	1
2029704	370646	1
2029707	461784	1
2029708	149256	1
2029710	556109	1
2029711	470267	1
2029715	269819	1
2029716	261589	1
2029717	57494	1
2029720	53887	1
2029722	413209	1
2029723	421736	1
2029725	336631	1
2029730	549020	1
2029731	424204	1
2029734	271395	1
2029737	153590	1
2029740	397138	1
2029741	265109	1
2029743	128457	1
2029751	532077	1
2029754	464769	1
2029756	500483	1
2029757	120404	1
2029759	184386	1
2029765	462944	1
2029768	202532	1
2029769	107160	1
2029770	14190	1
2029771	515365	1
2029772	475273	1
2029773	272295	1
2029775	419746	1
2029776	103610	1
2029777	4913	1
2029780	223411	1
2029781	167756	1
2029783	88341	1
2029787	269531	1
2029788	78829	1
2029791	152971	1
2029793	294065	1
2029794	83421	1
2029796	117855	1
2029797	578342	1
2029800	361108	1
2029801	591344	1
2029802	361208	1
2029803	185333	1
2029807	591529	1
2029808	93826	1
2029809	75498	1
2029810	529613	1
2029812	109196	1
2029813	476729	1
2029816	172386	1
2029817	589191	1
2029818	175877	1
2029821	287084	1
2029825	28035	1
2029828	32702	1
2029829	516983	1
2029832	454287	1
2029833	536604	1
2029834	142377	1
2029835	432500	1
2029839	359921	1
2029840	207137	1
2029841	405181	1
2029842	176427	1
2029843	262556	1
2029844	324546	1
2029847	68938	1
2029850	37443	1
2029853	573199	1
2029856	103908	1
2029857	48302	1
2029858	185640	1
2029861	260499	1
2029862	8468	1
2029863	249757	1
2029864	205423	1
2029865	414521	1
2029866	210136	1
2029867	390140	1
2029868	553357	1
2029871	564898	1
2029872	460580	1
2029876	568755	1
2029878	581831	1
2029879	353667	1
2029881	150271	1
2029885	231300	1
2029886	17412	1
2029889	42533	1
2029890	307390	1
2029891	151763	1
2029895	477644	1
2029896	181002	1
2029897	449340	1
2029899	100438	1
2029900	148032	1
2029901	163494	1
2029903	395413	1
2029905	572041	1
2029906	246986	1
2029908	570634	1
2029912	68609	1
2029914	189550	1
2029918	487159	1
2029920	346368	1
2029923	512365	1
2029926	467166	1
2029928	568257	1
2029929	555616	1
2029931	370725	1
2029932	140170	1
2029935	431202	1
2029937	214408	1
2029941	415231	1
2029942	92096	1
2029943	212363	1
2029944	34451	1
2029948	42763	1
2029949	599352	1
2029951	258023	1
2029955	123521	1
2029958	10935	1
2029963	244714	1
2029964	452163	1
2029966	491715	1
2029968	61371	1
2029974	567964	1
2029975	108330	1
2029977	277118	1
2029978	394734	1
2029984	550489	1
2029985	321826	1
2029986	391978	1
2029987	208067	1
2029990	354058	1
2029991	194970	1
2029992	319673	1
2029994	174824	1
2029995	195275	1
2029997	587348	1
2029998	145812	1
2030000	512290	1
2030002	37249	1
2030004	537094	1
2030007	139484	1
2030008	508769	1
2030012	393905	1
2030015	566223	1
2030020	488273	1
2030022	180709	1
2030025	107963	1
2030027	540175	1
2030028	17604	1
2030032	258850	1
2030034	77153	1
2030035	17969	1
2030038	563884	1
2030039	250837	1
2030040	232566	1
2030044	461803	1
2030053	247994	1
2030057	506348	1
2030059	416011	1
2030061	364988	1
2030064	298792	1
2030067	520973	1
2030068	151550	1
2030070	461904	1
2030071	138487	1
2030072	213424	1
2030073	528940	1
2030075	109644	1
2030076	410707	1
2030081	305623	1
2030083	403309	1
2030084	376246	1
2030087	45974	1
2030090	195093	1
2030091	187352	1
2030092	470997	1
2030094	356873	1
2030095	525577	1
2030097	65733	1
2030098	236324	1
2030099	557862	1
2030100	546867	1
2030102	411907	1
2030106	538265	1
2030110	39687	1
2030112	180407	1
2030113	195053	1
2030115	199285	1
2030117	277855	1
2030120	50509	1
2030121	207357	1
2030123	376446	1
2030124	35624	1
2030127	203104	1
2030128	476386	1
2030129	464078	1
2030130	329713	1
2030131	320324	1
2030132	534124	1
2030133	125032	1
2030134	352420	1
2030137	347411	1
2030139	559315	1
2030140	321742	1
2030141	296228	1
2030145	542806	1
2030147	101600	1
2030154	88848	1
2030158	92029	1
2030159	167101	1
2030165	159660	1
2030166	531378	1
2030169	487142	1
2030170	254120	1
2030173	239475	1
2030174	301745	1
2030177	279865	1
2030182	4163	1
2030183	596665	1
2030185	260314	1
2030188	172718	1
2030189	391416	1
2030190	153142	1
2030191	346669	1
2030193	595191	1
2030196	405378	1
2030197	564369	1
2030198	124411	1
2030199	502221	1
2030200	567511	1
2030201	322614	1
2030205	269656	1
2030206	124821	1
2030209	498058	1
2030214	423722	1
2030217	493483	1
2030222	495032	1
2030223	315958	1
2030224	45434	1
2030226	384919	1
2030227	471160	1
2030233	153319	1
2030238	235266	1
2030240	12693	1
2030241	238564	1
2030242	115884	1
2030244	243280	1
2030245	346697	1
2030246	79728	1
2030247	62617	1
2030248	144577	1
2030255	501138	1
2030258	528956	1
2030261	328336	1
2030264	15518	1
2030265	542608	1
2030266	483695	1
2030267	555734	1
2030269	587737	1
2030270	50672	1
2030273	127134	1
2030276	352056	1
2030277	499413	1
2030279	412318	1
2030280	273130	1
2030286	489241	1
2030290	189537	1
2030291	461341	1
2030292	32297	1
2030293	289396	1
2030294	428228	1
2030297	266646	1
2030299	461776	1
2030300	14844	1
2030307	130200	1
2030308	487884	1
2030309	58427	1
2030310	155922	1
2030311	239609	1
2030312	396567	1
2030316	62335	1
2030321	500404	1
2030325	517033	1
2030326	296569	1
2030330	112509	1
2030331	330633	1
2030334	553185	1
2030335	592743	1
2030340	368066	1
2030341	263445	1
2030345	404143	1
2030346	311921	1
2030347	577531	1
2030349	149994	1
2030350	493819	1
2030351	71360	1
2030353	129947	1
2030356	201679	1
2030358	335831	1
2030365	586417	1
2030367	373336	1
2030368	12870	1
2030369	356035	1
2030371	121034	1
2030372	12652	1
2030373	102928	1
2030376	192990	1
2030383	167195	1
2030384	94262	1
2030387	68570	1
2030388	397943	1
2030391	18724	1
2030392	247083	1
2030395	280371	1
2030396	321359	1
2030398	542213	1
2030403	285711	1
2030404	507590	1
2030405	428110	1
2030406	49422	1
2030407	155624	1
2030408	30935	1
2030410	558989	1
2030413	295857	1
2030414	238087	1
2030416	270783	1
2030419	107365	1
2030424	501206	1
2030429	421024	1
2030431	150069	1
2030436	246722	1
2030440	687	1
2030441	507579	1
2030442	430018	1
2030443	118219	1
2030444	276730	1
2030445	563043	1
2030446	564676	1
2030447	54004	1
2030448	88856	1
2030449	162969	1
2030450	503188	1
2030451	519202	1
2030452	498851	1
2030453	417455	1
2030455	501862	1
2030459	172443	1
2030460	317212	1
2030464	278211	1
2030466	162039	1
2030467	132985	1
2030469	369837	1
2030473	300229	1
2030475	245091	1
2030479	45517	1
2030480	40877	1
2030485	185674	1
2030487	432674	1
2030488	28024	1
2030489	412061	1
2030490	35066	1
2030491	149939	1
2030493	431294	1
2030495	245330	1
2030499	488652	1
2030500	84228	1
2030501	446232	1
2030504	405803	1
2030505	45361	1
2030506	450720	1
2030507	428696	1
2030508	106204	1
2030509	484796	1
2030510	62429	1
2030513	563264	1
2030515	220240	1
2030517	368281	1
2030518	209369	1
2030520	526151	1
2030522	43302	1
2030528	96125	1
2030530	442006	1
2030531	129137	1
2030533	317374	1
2030534	331150	1
2030537	475265	1
2030540	508510	1
2030544	387574	1
2030545	575404	1
2030547	440519	1
2030548	557066	1
2030549	61493	1
2030552	313981	1
2030556	438334	1
2030557	382868	1
2030561	46218	1
2030562	105135	1
2030565	159987	1
2030570	551339	1
2030572	284968	1
2030573	219641	1
2030577	382281	1
2030582	552290	1
2030584	234525	1
2030586	496171	1
2030591	380107	1
2030595	74044	1
2030597	186846	1
2030603	251509	1
2030606	54953	1
2030607	430193	1
2030610	264517	1
2030612	460494	1
2030613	271472	1
2030614	49398	1
2030617	120658	1
2030621	436887	1
2030624	442077	1
2030627	35810	1
2030629	599549	1
2030630	258720	1
2030633	3817	1
2030635	557788	1
2030636	586622	1
2030638	111578	1
2030639	206534	1
2030643	244427	1
2030644	40069	1
2030645	257894	1
2030646	218312	1
2030650	573552	1
2030652	490057	1
2030653	497150	1
2030656	113960	1
2030657	366690	1
2030659	123238	1
2030660	43647	1
2030661	210022	1
2030663	431603	1
2030670	544711	1
2030671	149974	1
2030673	406239	1
2030674	222000	1
2030676	406411	1
2030677	579926	1
2030678	472053	1
2030681	164241	1
2030684	118280	1
2030687	208332	1
2030689	427012	1
2030690	522442	1
2030693	578132	1
2030695	287451	1
2030700	163385	1
2030705	482697	1
2030706	253131	1
2030708	246724	1
2030710	400495	1
2030713	552944	1
2030719	313151	1
2030720	583481	1
2030725	433165	1
2030726	528247	1
2030728	63358	1
2030732	563627	1
2030737	504591	1
2030739	21625	1
2030744	495642	1
2030746	500337	1
2030750	569867	1
2030752	455456	1
2030753	209242	1
2030754	134312	1
2030756	428458	1
2030757	175201	1
2030758	261101	1
2030761	476165	1
2030762	191632	1
2030763	404429	1
2030764	186357	1
2030765	507117	1
2030768	293440	1
2030769	330098	1
2030771	277581	1
2030772	582447	1
2030773	543421	1
2030775	30767	1
2030778	190764	1
2030779	227903	1
2030780	217748	1
2030781	390668	1
2030783	297939	1
2030784	123072	1
2030785	432315	1
2030786	429933	1
2030789	57392	1
2030790	287586	1
2030794	389270	1
2030796	186102	1
2030797	290714	1
2030800	27687	1
2030801	296306	1
2030803	357302	1
2030806	298089	1
2030808	384239	1
2030810	191291	1
2030811	305604	1
2030814	589470	1
2030815	401235	1
2030816	101212	1
2030817	382429	1
2030820	533352	1
2030821	24466	1
2030824	125130	1
2030825	171879	1
2030826	595430	1
2030829	156940	1
2030832	387126	1
2030835	254277	1
2030836	476562	1
2030837	262120	1
2030838	415237	1
2030839	150167	1
2030840	309858	1
2030846	130687	1
2030848	333140	1
2030851	458566	1
2030852	382347	1
2030855	46708	1
2030856	586959	1
2030860	184137	1
2030861	216029	1
2030862	405919	1
2030863	233373	1
2030864	515237	1
2030865	430840	1
2030866	272796	1
2030867	171242	1
2030868	551556	1
2030872	520182	1
2030874	507853	1
2030875	59136	1
2030877	179990	1
2030879	453431	1
2030880	566807	1
2030882	490491	1
2030884	10549	1
2030885	167041	1
2030887	74900	1
2030890	331132	1
2030891	196291	1
2030892	198818	1
2030893	156387	1
2030897	437323	1
2030898	500848	1
2030899	37568	1
2030903	325146	1
2030904	453306	1
2030905	441320	1
2030906	277766	1
2030909	13987	1
2030912	562400	1
2030914	486296	1
2030915	586289	1
2030916	235561	1
2030917	127176	1
2030918	435211	1
2030919	482375	1
2030920	217025	1
2030922	324688	1
2030923	201748	1
2030924	536308	1
2030925	307595	1
2030926	488294	1
2030927	264597	1
2030929	110023	1
2030931	472242	1
2030936	214793	1
2030937	96158	1
2030938	40445	1
2030940	299840	1
2030943	328293	1
2030945	31697	1
2030948	249557	1
2030949	336965	1
2030953	70698	1
2030954	126751	1
2030955	323179	1
2030956	430931	1
2030959	374546	1
2030960	250135	1
2030962	373909	1
2030963	354176	1
2030964	583945	1
2030966	476307	1
2030975	404549	1
2030976	140775	1
2030980	117222	1
2030981	62876	1
2030982	119311	1
2030983	479739	1
2030984	381685	1
2030985	350681	1
2030987	152554	1
2030988	551037	1
2030990	201181	1
2030992	323320	1
2030995	423320	1
2030999	366432	1
2031000	432514	1
2031004	479169	1
2031007	366249	1
2031008	29574	1
2031010	320092	1
2031011	436952	1
2031014	475630	1
2031015	599975	1
2031020	369359	1
2031021	305539	1
2031025	142254	1
2031027	214644	1
2031029	356261	1
2031030	432173	1
2031032	223213	1
2031034	122813	1
2031037	436213	1
2031038	162702	1
2031039	154373	1
2031040	389560	1
2031041	54944	1
2031045	328841	1
2031046	283546	1
2031047	121408	1
2031048	327888	1
2031049	442176	1
2031050	167404	1
2031051	209737	1
2031053	243851	1
2031056	433469	1
2031058	473145	1
2031061	163877	1
2031067	493556	1
2031068	256542	1
2031069	154526	1
2031070	144339	1
2031072	389581	1
2031075	135901	1
2031076	373961	1
2031077	410395	1
2031078	10677	1
2031079	444296	1
2031080	32953	1
2031082	438959	1
2031083	92227	1
2031086	72221	1
2031088	508202	1
2031089	326480	1
2031090	59723	1
2031092	402406	1
2031094	18285	1
2031102	139210	1
2031105	316652	1
2031106	30528	1
2031110	563383	1
2031111	448912	1
2031113	583490	1
2031116	120735	1
2031119	302037	1
2031120	78574	1
2031122	319011	1
2031126	70530	1
2031127	127132	1
2031128	325064	1
2031130	82515	1
2031133	242083	1
2031134	502874	1
2031135	320019	1
2031136	94073	1
2031138	541588	1
2031139	542163	1
2031140	17732	1
2031141	2830	1
2031144	592676	1
2031147	362657	1
2031155	234279	1
2031158	75245	1
2031160	477257	1
2031161	348588	1
2031163	306684	1
2031165	115549	1
2031168	386547	1
2031169	269769	1
2031170	401941	1
2031171	246356	1
2031172	143752	1
2031175	554368	1
2031176	598460	1
2031183	79337	1
2031184	150770	1
2031186	480443	1
2031189	274039	1
2031192	223578	1
2031193	304986	1
2031195	16014	1
2031196	393187	1
2031200	516179	1
2031201	497220	1
2031202	186567	1
2031203	123618	1
2031207	411658	1
2031210	405856	1
2031213	258423	1
2031214	457531	1
2031215	318241	1
2031221	190856	1
2031222	179686	1
2031227	220764	1
2031231	61858	1
2031234	337647	1
2031240	550007	1
2031242	35691	1
2031243	106198	1
2031244	546634	1
2031245	384903	1
2031247	83240	1
2031248	257100	1
2031249	427044	1
2031250	395006	1
2031252	550178	1
2031253	340211	1
2031255	179770	1
2031257	249912	1
2031260	394638	1
2031261	237774	1
2031262	201103	1
2031264	207314	1
2031266	44805	1
2031268	564393	1
2031269	281456	1
2031271	586300	1
2031272	339965	1
2031279	27445	1
2031280	541377	1
2031281	51391	1
2031282	318673	1
2031285	359442	1
2031286	11207	1
2031288	552636	1
2031294	117843	1
2031298	303111	1
2031299	406830	1
2031300	29096	1
2031302	20533	1
2031305	527311	1
2031306	442992	1
2031307	509779	1
2031309	447239	1
2031310	197870	1
2031313	211642	1
2031316	551046	1
2031317	285188	1
2031318	427918	1
2031322	94471	1
2031326	21818	1
2031328	471442	1
2031330	96205	1
2031331	200771	1
2031333	212801	1
2031334	175891	1
2031335	483299	1
2031337	368573	1
2031344	445030	1
2031347	381116	1
2031349	440898	1
2031361	492202	1
2031362	491793	1
2031364	39625	1
2031369	190384	1
2031371	236847	1
2031373	135474	1
2031375	389118	1
2031376	186624	1
2031377	260620	1
2031380	49292	1
2031383	213439	1
2031384	472080	1
2031385	589213	1
2031388	270763	1
2031389	237395	1
2031390	213991	1
2031393	123929	1
2031394	253545	1
2031396	317767	1
2031400	305470	1
2031402	443322	1
2031403	229449	1
2031405	557571	1
2031406	363853	1
2031407	548952	1
2031408	156070	1
2031409	374239	1
2031410	138727	1
2031411	295454	1
2031412	360392	1
2031414	535331	1
2031417	381392	1
2031424	307124	1
2031427	350843	1
2031428	597206	1
2031429	230287	1
2031434	318473	1
2031437	121322	1
2031439	119277	1
2031442	142962	1
2031444	580700	1
2031445	506075	1
2031446	583774	1
2031450	447931	1
2031453	458948	1
2031454	472391	1
2031455	373840	1
2031459	128323	1
2031460	183124	1
2031461	253449	1
2031466	577411	1
2031471	6384	1
2031472	264713	1
2031474	353613	1
2031475	277734	1
2031478	222842	1
2031480	579110	1
2031481	394467	1
2031482	369373	1
2031484	97722	1
2031485	471175	1
2031488	363481	1
2031489	453135	1
2031490	83492	1
2031492	97715	1
2031493	438830	1
2031494	350247	1
2031495	538064	1
2031496	269454	1
2031498	323862	1
2031499	540421	1
2031503	16682	1
2031504	505027	1
2031505	377221	1
2031508	370472	1
2031509	586579	1
2031513	184511	1
2031516	590696	1
2031517	494588	1
2031519	424240	1
2031524	107068	1
2031526	521566	1
2031527	597342	1
2031528	544588	1
2031529	376117	1
2031531	155578	1
2031534	480405	1
2031535	113558	1
2031539	264750	1
2031540	355953	1
2031541	117391	1
2031543	393325	1
2031544	487956	1
2031545	377896	1
2031546	144234	1
2031547	514330	1
2031548	530248	1
2031549	167445	1
2031552	133673	1
2031558	24016	1
2031560	263810	1
2031562	424101	1
2031563	295470	1
2031564	426377	1
2031565	506092	1
2031566	401456	1
2031567	370754	1
2031571	551932	1
2031573	401319	1
2031576	525687	1
2031577	391808	1
2031578	198547	1
2031579	430222	1
2031581	191185	1
2031584	466265	1
2031587	28599	1
2031593	459824	1
2031596	291233	1
2031598	20543	1
2031601	564945	1
2031602	267079	1
2031603	272139	1
2031604	309231	1
2031606	324812	1
2031607	376170	1
2031608	537671	1
2031609	456679	1
2031610	330108	1
2031612	259564	1
2031613	418070	1
2031615	463674	1
2031616	218495	1
2031620	339385	1
2031622	533507	1
2031623	536212	1
2031624	153661	1
2031625	429169	1
2031627	37851	1
2031628	408756	1
2031629	409175	1
2031631	460674	1
2031633	360361	1
2031634	101966	1
2031635	458667	1
2031639	14466	1
2031640	59653	1
2031641	175545	1
2031642	398781	1
2031643	5482	1
2031644	489487	1
2031645	75073	1
2031647	74187	1
2031648	355792	1
2031649	324686	1
2031652	190790	1
2031658	514357	1
2031659	68177	1
2031660	341277	1
2031662	497097	1
2031665	232076	1
2031667	319600	1
2031670	477013	1
2031671	449623	1
2031676	225466	1
2031677	153842	1
2031682	502418	1
2031683	530217	1
2031684	358649	1
2031686	447173	1
2031692	378312	1
2031696	443970	1
2031700	407270	1
2031701	475199	1
2031702	114305	1
2031705	148981	1
2031708	559157	1
2031711	120321	1
2031712	243576	1
2031713	284492	1
2031715	519980	1
2031717	319189	1
2031718	297892	1
2031721	209065	1
2031722	421892	1
2031724	32835	1
2031726	307115	1
2031728	391654	1
2031731	318558	1
2031734	304091	1
2031735	13545	1
2031736	401279	1
2031739	497308	1
2031741	392267	1
2031742	537471	1
2031744	343492	1
2031752	532181	1
2031756	536088	1
2031761	481293	1
2031763	171931	1
2031766	382781	1
2031768	523430	1
2031769	146027	1
2031771	392960	1
2031773	380473	1
2031775	158313	1
2031777	296342	1
2031782	221803	1
2031787	524878	1
2031789	132523	1
2031792	247798	1
2031793	133938	1
2031794	467229	1
2031797	543580	1
2031798	298336	1
2031802	1666	1
2031803	392520	1
2031805	47832	1
2031810	80943	1
2031815	444994	1
2031819	78236	1
2031820	580576	1
2031822	426939	1
2031824	169776	1
2031826	593790	1
2031827	38640	1
2031828	106600	1
2031829	445151	1
2031831	546964	1
2031832	373419	1
2031833	41981	1
2031835	471853	1
2031837	146281	1
2031838	471089	1
2031840	113783	1
2031841	383866	1
2031845	55675	1
2031848	248381	1
2031849	121745	1
2031850	467535	1
2031851	138279	1
2031853	189647	1
2031859	404540	1
2031860	80031	1
2031863	177484	1
2031864	267898	1
2031867	545990	1
2031869	2481	1
2031873	443215	1
2031874	406346	1
2031876	327812	1
2031879	22132	1
2031880	380111	1
2031882	591748	1
2031883	493936	1
2031885	365259	1
2031887	90589	1
2031895	279936	1
2031896	455936	1
2031897	314806	1
2031900	44474	1
2031902	73986	1
2031904	16353	1
2031905	591709	1
2031906	172833	1
2031908	238578	1
2031909	276370	1
2031912	145746	1
2031913	180071	1
2031914	344780	1
2031917	445285	1
2031921	432877	1
2031922	371922	1
2031924	391561	1
2031925	304160	1
2031932	9051	1
2031933	419534	1
2031934	290670	1
2031935	314621	1
2031936	82517	1
2031937	57227	1
2031941	35100	1
2031946	541858	1
2031949	37106	1
2031954	330279	1
2031957	492432	1
2031959	114791	1
2031960	151328	1
2031962	122467	1
2031963	373977	1
2031964	221834	1
2031968	243939	1
2031969	470074	1
2031970	295836	1
2031971	540634	1
2031972	187080	1
2031974	213061	1
2031976	38752	1
2031980	186237	1
2031981	31061	1
2031983	487605	1
2031984	265086	1
2031986	8470	1
2031988	278777	1
2031989	213874	1
2031990	54501	1
2031991	567395	1
2031996	272875	1
2031997	344951	1
2031998	506454	1
2032002	245519	1
2032004	288968	1
2032005	140891	1
2032007	389953	1
2032008	411742	1
2032010	166667	1
2032011	123291	1
2032012	170314	1
2032017	534077	1
2032019	329817	1
2032025	498154	1
2032027	561765	1
2032029	31204	1
2032034	299913	1
2032036	266927	1
2032038	597117	1
2032039	13346	1
2032042	592133	1
2032043	257547	1
2032051	20972	1
2032053	254465	1
2032054	265108	1
2032055	488424	1
2032056	205618	1
2032058	216588	1
2032060	364100	1
2032061	117908	1
2032063	57558	1
2032065	221182	1
2032069	415899	1
2032073	326931	1
2032076	449352	1
2032077	163209	1
2032079	37174	1
2032080	71816	1
2032081	508381	1
2032083	323550	1
2032084	79927	1
2032089	9055	1
2032090	277373	1
2032091	551102	1
2032096	25679	1
2032098	234727	1
2032102	170305	1
2032103	512138	1
2032104	142668	1
2032105	276900	1
2032107	305901	1
2032109	365228	1
2032111	454519	1
2032112	550647	1
2032113	81378	1
2032116	81775	1
2032120	61750	1
2032121	354726	1
2032122	512540	1
2032123	373029	1
2032124	475697	1
2032127	585023	1
2032128	422694	1
2032130	384108	1
2032131	124466	1
2032135	90507	1
2032136	219673	1
2032139	317105	1
2032141	272764	1
2032142	187908	1
2032143	145570	1
2032144	369993	1
2032147	525659	1
2032148	496610	1
2032151	234480	1
2032152	52412	1
2032153	550587	1
2032154	82671	1
2032156	157090	1
2032157	184472	1
2032160	59793	1
2032161	35238	1
2032163	247793	1
2032166	43494	1
2032169	512310	1
2032170	38392	1
2032178	188822	1
2032179	29099	1
2032180	488674	1
2032186	255388	1
2032187	117096	1
2032189	155074	1
2032191	593694	1
2032194	193669	1
2032195	502109	1
2032196	440086	1
2032197	175407	1
2032200	302615	1
2032201	412074	1
2032205	433118	1
2032206	27740	1
2032208	570440	1
2032212	506474	1
2032213	213065	1
2032217	513504	1
2032219	522372	1
2032220	259262	1
2032221	464834	1
2032223	139553	1
2032225	83417	1
2032226	503896	1
2032227	467482	1
2032232	408526	1
2032234	144082	1
2032237	20882	1
2032240	391422	1
2032243	149342	1
2032245	114882	1
2032246	505212	1
2032249	194173	1
2032252	170378	1
2032253	396343	1
2032254	126521	1
2032255	589511	1
2032256	532212	1
2032258	393986	1
2032259	544995	1
2032261	109423	1
2032262	221113	1
2032264	232286	1
2032265	80341	1
2032266	203485	1
2032268	353490	1
2032269	151149	1
2032270	341919	1
2032271	338278	1
2032273	554438	1
2032274	338825	1
2032277	64547	1
2032278	145224	1
2032280	342025	1
2032283	121230	1
2032288	149853	1
2032289	463942	1
2032290	90849	1
2032291	519123	1
2032298	437719	1
2032300	452275	1
2032301	160503	1
2032302	23536	1
2032304	287162	1
2032305	409952	1
2032308	85994	1
2032309	535265	1
2032310	363631	1
2032312	207160	1
2032324	271217	1
2032328	83572	1
2032331	385449	1
2032332	301634	1
2032336	508078	1
2032337	249486	1
2032338	411255	1
2032339	363186	1
2032341	237924	1
2032344	280337	1
2032346	241920	1
2032347	501734	1
2032350	82127	1
2032353	42305	1
2032355	241054	1
2032356	38442	1
2032357	190885	1
2032359	571730	1
2032362	531533	1
2032363	279360	1
2032364	83452	1
2032365	217706	1
2032367	79762	1
2032368	492471	1
2032370	294602	1
2032372	417068	1
2032375	583585	1
2032376	347333	1
2032377	158035	1
2032378	163216	1
2032379	583084	1
2032383	320734	1
2032389	379057	1
2032395	59124	1
2032396	445745	1
2032397	201155	1
2032398	369884	1
2032402	196104	1
2032403	240937	1
2032404	536001	1
2032405	448824	1
2032406	398520	1
2032407	450925	1
2032408	331392	1
2032409	321295	1
2032412	510560	1
2032414	349662	1
2032416	66512	1
2032417	435954	1
2032422	552757	1
2032423	329251	1
2032424	136872	1
2032425	468959	1
2032426	74924	1
2032428	25576	1
2032430	219313	1
2032431	397641	1
2032436	230973	1
2032437	519129	1
2032440	305859	1
2032441	5862	1
2032442	459400	1
2032447	555366	1
2032448	162795	1
2032459	174543	1
2032461	253055	1
2032462	85812	1
2032466	48561	1
2032468	192781	1
2032469	561650	1
2032470	137746	1
2032475	505148	1
2032477	71262	1
2032478	137972	1
2032479	402919	1
2032480	545349	1
2032486	327199	1
2032492	280099	1
2032494	166221	1
2032500	558771	1
2032501	137127	1
2032502	342855	1
2032503	392895	1
2032509	236565	1
2032511	436548	1
2032513	553526	1
2032515	505028	1
2032517	274671	1
2032519	523156	1
2032523	486689	1
2032525	427475	1
2032526	35736	1
2032529	486795	1
2032532	475945	1
2032533	118102	1
2032534	364326	1
2032535	287537	1
2032536	233385	1
2032537	431610	1
2032538	463173	1
2032542	10397	1
2032544	263648	1
2032549	572006	1
2032551	339570	1
2032556	429172	1
2032558	153507	1
2032560	418384	1
2032566	494000	1
2032567	364805	1
2032568	105248	1
2032569	349544	1
2032571	536846	1
2032572	259728	1
2032573	400567	1
2032574	110470	1
2032575	287086	1
2032578	215393	1
2032580	9843	1
2032581	68488	1
2032582	347802	1
2032585	248645	1
2032589	533267	1
2032590	357293	1
2032591	115029	1
2032593	496858	1
2032595	141808	1
2032596	150255	1
2032605	548598	1
2032606	557838	1
2032607	346760	1
2032609	46466	1
2032610	173897	1
2032612	50279	1
2032613	546035	1
2032615	562685	1
2032616	327443	1
2032617	71766	1
2032618	264671	1
2032619	272018	1
2032620	285649	1
2032621	130473	1
2032622	208224	1
2032623	470103	1
2032626	453312	1
2032630	123733	1
2032631	267399	1
2032633	469342	1
2032634	352667	1
2032635	444817	1
2032636	66451	1
2032637	436475	1
2032638	125918	1
2032640	461355	1
2032641	550450	1
2032642	537478	1
2032645	280005	1
2032646	467141	1
2032648	387306	1
2032650	277013	1
2032652	272126	1
2032653	422070	1
2032656	39001	1
2032658	212911	1
2032660	321565	1
2032661	161834	1
2032662	556596	1
2032663	158395	1
2032665	36533	1
2032668	324259	1
2032669	487443	1
2032671	209662	1
2032672	28495	1
2032673	464452	1
2032674	97973	1
2032677	199427	1
2032678	301485	1
2032679	510006	1
2032680	221065	1
2032681	495715	1
2032682	136566	1
2032683	265254	1
2032686	361113	1
2032688	89773	1
2032689	107542	1
2032692	184342	1
2032693	420382	1
2032694	469652	1
2032698	380226	1
2032700	242931	1
2032704	86481	1
2032705	495028	1
2032707	478408	1
2032709	1852	1
2032714	582083	1
2032715	483308	1
2032717	435660	1
2032718	577735	1
2032719	31699	1
2032721	390380	1
2032723	473753	1
2032724	300384	1
2032725	446857	1
2032726	219253	1
2032727	312316	1
2032728	594788	1
2032729	181825	1
2032731	329249	1
2032732	237220	1
2032735	492800	1
2032736	484875	1
2032737	222847	1
2032739	76486	1
2032744	533288	1
2032745	585726	1
2032746	221784	1
2032747	69972	1
2032750	127897	1
2032751	371672	1
2032752	320099	1
2032753	326690	1
2032754	309535	1
2032757	482368	1
2032759	532636	1
2032760	274740	1
2032761	116069	1
2032762	121134	1
2032763	516482	1
2032764	352610	1
2032765	445055	1
2032767	482374	1
2032768	234605	1
2032770	398150	1
2032776	280727	1
2032778	101940	1
2032782	165415	1
2032783	229748	1
2032786	558646	1
2032787	87150	1
2032790	566264	1
2032791	235470	1
2032793	309243	1
2032796	572780	1
2032797	322473	1
2032798	364042	1
2032799	229054	1
2032802	126622	1
2032803	563465	1
2032804	384710	1
2032805	203521	1
2032807	295294	1
2032808	789	1
2032810	504255	1
2032811	166626	1
2032812	275690	1
2032818	489211	1
2032821	89396	1
2032824	13656	1
2032825	308260	1
2032827	565441	1
2032828	113239	1
2032829	46354	1
2032831	163097	1
2032832	151412	1
2032835	155274	1
2032836	372982	1
2032839	187173	1
2032840	103490	1
2032843	353682	1
2032847	128107	1
2032848	500639	1
2032849	180557	1
2032850	445092	1
2032853	354258	1
2032854	467048	1
2032856	333862	1
2032857	368460	1
2032860	589750	1
2032861	95340	1
2032864	305997	1
2032865	470549	1
2032867	290383	1
2032869	23402	1
2032870	373449	1
2032871	447271	1
2032874	317260	1
2032875	152706	1
2032879	468992	1
2032880	475625	1
2032883	491225	1
2032884	316268	1
2032885	39369	1
2032887	1377	1
2032889	324771	1
2032890	590084	1
2032891	429860	1
2032894	235098	1
2032895	109729	1
2032896	488774	1
2032901	404362	1
2032903	75288	1
2032907	189958	1
2032908	343380	1
2032910	431970	1
2032915	336973	1
2032917	463065	1
2032919	369973	1
2032923	407869	1
2032925	241337	1
2032926	193447	1
2032927	317752	1
2032928	534192	1
2032929	407492	1
2032930	392005	1
2032936	425250	1
2032937	167216	1
2032939	350642	1
2032940	3251	1
2032941	559635	1
2032944	388508	1
2032947	188712	1
2032948	248089	1
2032950	584597	1
2032958	149534	1
2032960	551133	1
2032962	269585	1
2032963	152987	1
2032966	389750	1
2032967	521682	1
2032968	77531	1
2032970	345127	1
2032972	198772	1
2032973	339960	1
2032974	163102	1
2032975	285989	1
2032976	263841	1
2032977	426625	1
2032980	522338	1
2032983	256735	1
2032985	393184	1
2032992	423360	1
2032994	572936	1
2032995	421848	1
2032996	104148	1
2032997	454785	1
2033000	423092	1
2033002	422522	1
2033003	173604	1
2033004	311495	1
2033005	183877	1
2033006	209071	1
2033009	558467	1
2033012	448856	1
2033013	376103	1
2033020	581010	1
2033022	318472	1
2033026	38760	1
2033027	412787	1
2033028	205984	1
2033029	284445	1
2033034	285091	1
2033038	48776	1
2033040	597742	1
2033041	516463	1
2033043	392292	1
2033046	432307	1
2033047	426649	1
2033048	278184	1
2033050	104239	1
2033057	475892	1
2033059	284040	1
2033060	266306	1
2033061	84045	1
2033065	452996	1
2033066	231113	1
2033067	221038	1
2033070	6649	1
2033072	462164	1
2033076	167668	1
2033077	147074	1
2033081	486335	1
2033082	318273	1
2033083	325452	1
2033085	34999	1
2033087	597850	1
2033088	412682	1
2033089	326102	1
2033090	369998	1
2033092	338048	1
2033096	398431	1
2033097	23036	1
2033100	70064	1
2033102	18673	1
2033103	426974	1
2033105	161096	1
2033107	501948	1
2033108	357113	1
2033110	38005	1
2033114	376898	1
2033115	415895	1
2033119	216794	1
2033120	246361	1
2033122	319090	1
2033126	252480	1
2033129	8356	1
2033136	506560	1
2033139	257291	1
2033141	258662	1
2033144	440231	1
2033145	251419	1
2033151	412404	1
2033152	349300	1
2033153	236931	1
2033154	441083	1
2033156	6069	1
2033157	256162	1
2033158	49018	1
2033159	111749	1
2033161	251889	1
2033163	500473	1
2033164	122934	1
2033165	355496	1
2033167	287264	1
2033168	290160	1
2033170	93978	1
2033171	184301	1
2033173	72582	1
2033178	375584	1
2033179	566126	1
2033182	72894	1
2033183	396580	1
2033184	560887	1
2033186	517264	1
2033187	131391	1
2033191	212129	1
2033193	532559	1
2033194	213363	1
2033196	285124	1
2033198	89340	1
2033203	76248	1
2033204	188327	1
2033205	141183	1
2033209	178356	1
2033211	427780	1
2033213	354773	1
2033217	429651	1
2033218	254046	1
2033220	503040	1
2033221	383818	1
2033222	351390	1
2033224	22401	1
2033225	81662	1
2033226	303680	1
2033227	41115	1
2033231	462923	1
2033232	17081	1
2033235	430514	1
2033236	311436	1
2033238	191050	1
2033241	341077	1
2033244	339622	1
2033246	342647	1
2033247	304774	1
2033249	534404	1
2033254	333347	1
2033256	440355	1
2033257	586920	1
2033259	547932	1
2033260	389601	1
2033261	24711	1
2033262	437285	1
2033266	56461	1
2033270	294116	1
2033275	194136	1
2033277	560227	1
2033278	265518	1
2033279	166960	1
2033280	471738	1
2033283	598128	1
2033284	330270	1
2033286	355410	1
2033287	303847	1
2033288	566353	1
2033289	550500	1
2033290	345082	1
2033292	284804	1
2033295	271832	1
2033296	24752	1
2033297	143114	1
2033303	155752	1
2033307	51608	1
2033310	333033	1
2033311	542252	1
2033313	393471	1
2033314	250900	1
2033315	440814	1
2033316	83338	1
2033318	49664	1
2033320	379878	1
2033322	372872	1
2033326	184705	1
2033327	105918	1
2033333	340550	1
2033334	334193	1
2033336	263341	1
2033338	260214	1
2033341	447362	1
2033342	202911	1
2033343	252281	1
2033344	455261	1
2033345	191989	1
2033346	87465	1
2033352	322459	1
2033353	83346	1
2033354	415637	1
2033355	510935	1
2033360	497633	1
2033362	348738	1
2033364	135196	1
2033365	471890	1
2033366	500109	1
2033367	79760	1
2033368	208128	1
2033369	99375	1
2033370	567269	1
2033371	54377	1
2033372	43990	1
2033374	42335	1
2033378	143662	1
2033381	273989	1
2033383	208669	1
2033384	412	1
2033386	218533	1
2033388	445831	1
2033391	433666	1
2033392	324350	1
2033395	1766	1
2033396	320362	1
2033398	82320	1
2033400	243001	1
2033404	437002	1
2033405	426184	1
2033406	205210	1
2033407	474159	1
2033412	55031	1
2033413	130472	1
2033415	203401	1
2033418	518909	1
2033420	223626	1
2033422	221314	1
2033425	305855	1
2033426	42956	1
2033427	97140	1
2033428	337863	1
2033432	283648	1
2033433	8849	1
2033435	93199	1
2033436	381114	1
2033437	518754	1
2033442	283282	1
2033445	153398	1
2033446	36482	1
2033449	468015	1
2033450	79633	1
2033452	402173	1
2033453	177018	1
2033455	540834	1
2033457	84397	1
2033458	141257	1
2033460	516817	1
2033468	394291	1
2033471	276325	1
2033472	551760	1
2033475	311935	1
2033477	251488	1
2033479	358160	1
2033480	493367	1
2033481	71926	1
2033485	455565	1
2033488	562043	1
2033489	379667	1
2033492	42851	1
2033493	29304	1
2033496	464425	1
2033498	265232	1
2033502	51728	1
2033505	484921	1
2033507	542924	1
2033515	387836	1
2033516	312831	1
2033520	239891	1
2033522	283744	1
2033524	87379	1
2033526	415188	1
2033527	406401	1
2033529	340846	1
2033530	595523	1
2033534	295328	1
2033536	440180	1
2033537	585947	1
2033541	65633	1
2033545	497701	1
2033546	351405	1
2033549	592886	1
2033553	222473	1
2033555	179245	1
2033560	321288	1
2033562	326152	1
2033564	246612	1
2033565	555174	1
2033566	384742	1
2033567	393506	1
2033574	423299	1
2033575	50972	1
2033576	561456	1
2033577	570832	1
2033579	420273	1
2033581	507778	1
2033582	220516	1
2033583	553004	1
2033584	473588	1
2033585	344398	1
2033586	340091	1
2033592	220206	1
2033597	221630	1
2033598	345507	1
2033601	150277	1
2033602	566354	1
2033604	447261	1
2033606	404901	1
2033609	494027	1
2033610	246131	1
2033611	358664	1
2033612	41156	1
2033613	377566	1
2033615	438461	1
2033617	262561	1
2033618	125824	1
2033621	163685	1
2033624	452824	1
2033625	308760	1
2033627	418815	1
2033628	208176	1
2033630	386628	1
2033632	519133	1
2033635	106573	1
2033636	375708	1
2033640	144895	1
2033641	171669	1
2033642	553720	1
2033643	310010	1
2033645	387186	1
2033648	161257	1
2033649	447442	1
2033653	452983	1
2033655	395796	1
2033657	550556	1
2033666	214000	1
2033669	123541	1
2033670	456183	1
2033672	509661	1
2033673	599898	1
2033674	578727	1
2033679	546886	1
2033680	382539	1
2033682	15235	1
2033684	96674	1
2033687	392285	1
2033688	251538	1
2033693	519923	1
2033694	59697	1
2033698	289314	1
2033702	327479	1
2033705	373781	1
2033708	22704	1
2033709	315983	1
2033718	58866	1
2033719	394357	1
2033721	7176	1
2033722	244146	1
2033725	284401	1
2033726	134893	1
2033727	320130	1
2033730	137984	1
2033740	467142	1
2033743	390365	1
2033744	347518	1
2033745	226953	1
2033749	154951	1
2033750	207559	1
2033752	275461	1
2033753	171512	1
2033754	89812	1
2033755	544661	1
2033758	191427	1
2033759	277812	1
2033760	25719	1
2033768	5802	1
2033771	106999	1
2033774	178922	1
2033777	183331	1
2033779	50790	1
2033780	78395	1
2033781	366131	1
2033786	146603	1
2033787	448607	1
2033790	577747	1
2033792	249844	1
2033793	780	1
2033795	175147	1
2033797	18706	1
2033799	530175	1
2033801	597958	1
2033802	22425	1
2033803	253027	1
2033805	179169	1
2033807	226488	1
2033808	525483	1
2033810	125450	1
2033813	211094	1
2033815	463552	1
2033817	73700	1
2033820	194326	1
2033821	36405	1
2033822	351730	1
2033825	274827	1
2033826	198389	1
2033827	261679	1
2033828	514141	1
2033831	14061	1
2033833	202346	1
2033836	28368	1
2033838	586480	1
2033842	219801	1
2033844	284434	1
2033845	111568	1
2033848	187606	1
2033850	275575	1
2033851	110649	1
2033852	163914	1
2033853	269701	1
2033856	45372	1
2033859	238247	1
2033860	542166	1
2033863	296513	1
2033864	97837	1
2033865	575476	1
2033866	164646	1
2033867	166208	1
2033870	93821	1
2033871	558440	1
2033874	535886	1
2033876	89703	1
2033877	595569	1
2033879	354856	1
2033880	150088	1
2033881	266267	1
2033882	149210	1
2033884	553955	1
2033891	208926	1
2033893	207290	1
2033896	59619	1
2033898	560053	1
2033900	543241	1
2033901	302239	1
2033902	60820	1
2033903	239780	1
2033905	308552	1
2033907	336742	1
2033908	365268	1
2033910	229759	1
2033912	18934	1
2033914	299254	1
2033915	6681	1
2033916	348939	1
2033917	302421	1
2033918	582490	1
2033922	177169	1
2033923	170792	1
2033929	425215	1
2033930	453965	1
2033933	71043	1
2033936	146035	1
2033939	532977	1
2033942	41922	1
2033943	205790	1
2033944	262105	1
2033945	453114	1
2033947	99133	1
2033948	577281	1
2033949	384608	1
2033950	484613	1
2033951	417785	1
2033954	114327	1
2033955	481241	1
2033956	212827	1
2033957	403960	1
2033960	60255	1
2033961	317895	1
2033962	504132	1
2033963	557115	1
2033965	188406	1
2033967	170372	1
2033968	192057	1
2033969	282517	1
2033970	201844	1
2033972	384944	1
2033974	75922	1
2033975	358758	1
2033977	262687	1
2033978	363087	1
2033979	339759	1
2033980	580155	1
2033981	323519	1
2033983	382714	1
2033984	262531	1
2033985	465430	1
2033986	142490	1
2033990	159590	1
2033991	586007	1
2033992	494526	1
2033995	497036	1
2033999	580827	1
2034004	81494	1
2034005	96794	1
2034007	365293	1
2034009	71925	1
2034010	436642	1
2034012	395139	1
2034016	214108	1
2034019	533188	1
2034020	513477	1
2034023	402273	1
2034024	187251	1
2034025	396107	1
2034026	457937	1
2034035	479391	1
2034038	457737	1
2034045	282028	1
2034046	433541	1
2034047	391831	1
2034048	488844	1
2034051	477416	1
2034052	71253	1
2034053	565778	1
2034058	497381	1
2034060	467425	1
2034065	356050	1
2034066	463374	1
2034068	129171	1
2034069	229069	1
2034070	220198	1
2034071	81792	1
2034073	188365	1
2034074	332632	1
2034075	344227	1
2034078	298689	1
2034079	572966	1
2034080	234465	1
2034083	43541	1
2034088	170281	1
2034094	265234	1
2034095	450695	1
2034096	367944	1
2034097	237411	1
2034100	64375	1
2034102	585593	1
2034103	43786	1
2034108	78964	1
2034111	415700	1
2034112	43349	1
2034113	165586	1
2034114	373677	1
2034115	71307	1
2034116	219412	1
2034118	77129	1
2034119	342386	1
2034121	435714	1
2034122	517985	1
2034125	141551	1
2034126	317285	1
2034127	543634	1
2034129	182764	1
2034134	225039	1
2034136	407778	1
2034137	131851	1
2034139	360543	1
2034140	299667	1
2034141	251474	1
2034142	544321	1
2034145	295277	1
2034147	368184	1
2034148	473761	1
2034149	372849	1
2034151	436363	1
2034157	251920	1
2034160	317288	1
2034163	46671	1
2034164	32833	1
2034166	56853	1
2034175	142394	1
2034176	418177	1
2034178	214110	1
2034179	427290	1
2034180	146467	1
2034183	106503	1
2034184	57356	1
2034185	495905	1
2034186	517934	1
2034190	60501	1
2034191	562632	1
2034192	467125	1
2034195	388101	1
2034197	65914	1
2034198	160108	1
2034201	170323	1
2034202	198087	1
2034203	447284	1
2034205	347133	1
2034207	83409	1
2034208	236453	1
2034209	348480	1
2034210	364520	1
2034211	478205	1
2034213	375632	1
2034214	69048	1
2034216	552014	1
2034217	409157	1
2034218	538699	1
2034224	29197	1
2034226	146641	1
2034227	437630	1
2034228	373784	1
2034230	214292	1
2034231	17274	1
2034232	410543	1
2034235	376566	1
2034236	526534	1
2034237	125550	1
2034238	466239	1
2034240	37455	1
2034243	24365	1
2034244	107891	1
2034246	356748	1
2034249	316058	1
2034250	132598	1
2034252	364538	1
2034253	561226	1
2034255	365294	1
2034256	521823	1
2034258	262219	1
2034260	531859	1
2034261	516999	1
2034264	590306	1
2034265	497037	1
2034266	317431	1
2034268	478230	1
2034269	597199	1
2034271	313590	1
2034272	367957	1
2034274	26550	1
2034276	3717	1
2034279	420329	1
2034280	238809	1
2034286	445994	1
2034287	544082	1
2034289	423260	1
2034290	351055	1
2034292	583738	1
2034293	184406	1
2034294	419589	1
2034295	563359	1
2034297	507497	1
2034299	161422	1
2034300	138979	1
2034301	381512	1
2034302	186029	1
2034303	588101	1
2034305	70456	1
2034306	427610	1
2034307	567818	1
2034311	554016	1
2034312	593571	1
2034314	483809	1
2034317	442391	1
2034321	90936	1
2034322	445918	1
2034329	408782	1
2034334	130995	1
2034341	400142	1
2034342	465687	1
2034343	229855	1
2034345	543731	1
2034346	541420	1
2034350	592529	1
2034351	461145	1
2034352	197274	1
2034353	576846	1
2034354	282674	1
2034363	111647	1
2034365	302771	1
2034366	330404	1
2034367	357492	1
2034368	65846	1
2034369	411655	1
2034370	11506	1
2034376	306810	1
2034378	309023	1
2034382	257733	1
2034384	196482	1
2034386	197770	1
2034387	348799	1
2034389	426797	1
2034390	254603	1
2034394	230956	1
2034395	115428	1
2034396	89811	1
2034397	324623	1
2034398	32709	1
2034402	540225	1
2034403	537218	1
2034404	500970	1
2034405	577534	1
2034406	197228	1
2034407	328785	1
2034408	313158	1
2034410	185246	1
2034411	495062	1
2034412	8828	1
2034414	478868	1
2034416	156477	1
2034417	122727	1
2034423	113035	1
2034427	183898	1
2034429	339860	1
2034431	150862	1
2034433	91027	1
2034436	174315	1
2034437	228227	1
2034438	72631	1
2034440	422485	1
2034441	281722	1
2034442	417375	1
2034445	5765	1
2034449	79592	1
2034451	227511	1
2034456	16586	1
2034458	115334	1
2034459	58460	1
2034460	287540	1
2034462	329246	1
2034464	39366	1
2034471	435506	1
2034475	109582	1
2034477	489160	1
2034478	12201	1
2034481	531306	1
2034482	393790	1
2034483	438874	1
2034484	69171	1
2034485	36961	1
2034486	184551	1
2034488	131462	1
2034489	487901	1
2034493	312349	1
2034494	162497	1
2034498	504326	1
2034500	456773	1
2034502	467753	1
2034506	547953	1
2034508	277041	1
2034510	117139	1
2034512	301082	1
2034514	474706	1
2034515	393479	1
2034516	53571	1
2034517	97719	1
2034521	79845	1
2034522	227134	1
2034524	428894	1
2034529	167995	1
2034532	500609	1
2034534	498922	1
2034535	311668	1
2034537	488960	1
2034538	224421	1
2034540	277277	1
2034541	393994	1
2034542	50705	1
2034544	300898	1
2034545	560909	1
2034546	214266	1
2034551	565836	1
2034553	244386	1
2034557	278675	1
2034561	37940	1
2034562	307335	1
2034566	274839	1
2034568	524904	1
2034571	229432	1
2034572	193167	1
2034573	79091	1
2034577	302654	1
2034579	295893	1
2034581	221664	1
2034583	170916	1
2034585	26758	1
2034586	139919	1
2034587	366163	1
2034589	489046	1
2034592	72964	1
2034595	531629	1
2034601	477310	1
2034603	497615	1
2034604	210511	1
2034606	160844	1
2034607	112591	1
2034608	251009	1
2034610	508483	1
2034612	499640	1
2034613	490529	1
2034614	162278	1
2034616	46253	1
2034617	121445	1
2034619	9264	1
2034621	502137	1
2034622	63988	1
2034623	23620	1
2034624	244659	1
2034627	206656	1
2034629	218762	1
2034630	553925	1
2034631	62931	1
2034632	514794	1
2034634	506921	1
2034637	35590	1
2034639	99409	1
2034642	418195	1
2034645	482365	1
2034647	356412	1
2034648	503770	1
2034649	155703	1
2034652	291588	1
2034653	73851	1
2034654	98111	1
2034655	445813	1
2034658	64588	1
2034659	215514	1
2034660	449940	1
2034661	211952	1
2034664	427814	1
2034666	468089	1
2034667	65663	1
2034670	2128	1
2034671	257293	1
2034673	35640	1
2034674	510417	1
2034676	26329	1
2034678	496743	1
2034680	153646	1
2034681	83138	1
2034683	44803	1
2034686	43909	1
2034693	361041	1
2034694	391567	1
2034696	276631	1
2034699	186451	1
2034700	138367	1
2034701	361602	1
2034709	334436	1
2034712	452980	1
2034716	161565	1
2034717	582074	1
2034720	517385	1
2034722	505773	1
2034727	160755	1
2034730	152018	1
2034731	483846	1
2034734	243602	1
2034736	17284	1
2034740	552619	1
2034742	474613	1
2034745	176687	1
2034749	219391	1
2034750	197943	1
2034754	170405	1
2034755	569157	1
2034757	239452	1
2034762	286635	1
2034763	430780	1
2034764	378860	1
2034765	409284	1
2034767	452899	1
2034768	280835	1
2034772	485855	1
2034773	469731	1
2034774	392640	1
2034782	503516	1
2034784	534793	1
2034785	159949	1
2034786	538263	1
2034787	421148	1
2034790	249196	1
2034791	282327	1
2034792	204551	1
2034795	169742	1
2034799	84768	1
2034800	191798	1
2034801	437331	1
2034805	344038	1
2034812	129087	1
2034813	356175	1
2034815	538049	1
2034816	101732	1
2034818	45289	1
2034819	105936	1
2034823	560774	1
2034824	124293	1
2034826	155245	1
2034831	257841	1
2034835	26597	1
2034836	508788	1
2034841	132253	1
2034843	82836	1
2034846	122291	1
2034847	302783	1
2034848	413943	1
2034849	343587	1
2034851	545767	1
2034852	570169	1
2034854	550109	1
2034855	93593	1
2034859	287999	1
2034860	599313	1
2034864	532219	1
2034867	241129	1
2034868	102573	1
2034870	61688	1
2034872	289193	1
2034874	434925	1
2034875	386610	1
2034876	513054	1
2034877	98636	1
2034878	407393	1
2034879	80595	1
2034881	255329	1
2034883	426452	1
2034886	267815	1
2034887	80216	1
2034888	197302	1
2034889	269267	1
2034894	539285	1
2034895	125140	1
2034896	259396	1
2034900	235850	1
2034901	153033	1
2034903	551655	1
2034905	547975	1
2034913	102359	1
2034915	373834	1
2034921	49163	1
2034924	443936	1
2034926	557603	1
2034928	24603	1
2034930	121664	1
2034931	354477	1
2034933	152400	1
2034937	506149	1
2034938	475549	1
2034939	34111	1
2034940	458655	1
2034941	70700	1
2034942	331396	1
2034944	163923	1
2034945	319386	1
2034947	482421	1
2034949	110584	1
2034951	16466	1
2034952	589001	1
2034961	551325	1
2034962	428367	1
2034964	322424	1
2034965	187188	1
2034967	222942	1
2034968	589918	1
2034969	312933	1
2034970	222684	1
2034972	369074	1
2034974	99492	1
2034976	46255	1
2034982	43310	1
2034983	282387	1
2034984	70220	1
2034985	435648	1
2034989	180460	1
2034991	390812	1
2034992	187394	1
2034993	566766	1
2034994	235825	1
2034997	484424	1
2034998	66466	1
2035005	113481	1
2035006	261745	1
2035007	295214	1
2035008	241158	1
2035011	346270	1
2035013	88239	1
2035014	153827	1
2035016	50540	1
2035019	90996	1
2035020	322524	1
2035025	114099	1
2035027	251444	1
2035035	544485	1
2035036	533130	1
2035037	12488	1
2035038	167563	1
2035039	377922	1
2035041	183688	1
2035045	583872	1
2035048	285744	1
2035049	562162	1
2035050	247658	1
2035051	546648	1
2035052	576450	1
2035054	294212	1
2035055	386131	1
2035056	344989	1
2035057	489376	1
2035059	184255	1
2035061	192020	1
2035064	452097	1
2035067	181585	1
2035071	302907	1
2035072	56369	1
2035075	311325	1
2035080	347169	1
2035081	504918	1
2035084	292289	1
2035085	255705	1
2035088	443629	1
2035091	500836	1
2035095	550691	1
2035099	145351	1
2035101	61557	1
2035105	80167	1
2035106	508001	1
2035108	176975	1
2035114	153528	1
2035115	235230	1
2035116	270176	1
2035118	119629	1
2035119	552632	1
2035121	384994	1
2035124	141201	1
2035126	216432	1
2035128	276846	1
2035129	505218	1
2035132	551831	1
2035134	92353	1
2035135	484819	1
2035137	61559	1
2035138	175452	1
2035140	251560	1
2035141	475327	1
2035142	52756	1
2035144	397917	1
2035145	317976	1
2035152	31340	1
2035154	355580	1
2035155	66492	1
2035159	83326	1
2035163	285693	1
2035168	556477	1
2035169	35754	1
2035171	287266	1
2035176	486376	1
2035177	330994	1
2035179	592108	1
2035182	162927	1
2035183	60549	1
2035185	167103	1
2035188	554653	1
2035189	355978	1
2035190	386105	1
2035191	377589	1
2035194	243527	1
2035197	88208	1
2035198	396191	1
2035201	41801	1
2035202	421586	1
2035206	79915	1
2035207	207663	1
2035209	130649	1
2035210	394892	1
2035211	344596	1
2035212	247822	1
2035213	483048	1
2035214	58507	1
2035215	72953	1
2035216	596167	1
2035218	480593	1
2035220	386444	1
2035222	213524	1
2035223	463713	1
2035227	118544	1
2035228	78637	1
2035229	102735	1
2035230	330694	1
2035231	460279	1
2035240	187975	1
2035241	144773	1
2035244	463575	1
2035250	465849	1
2035253	213455	1
2035256	299174	1
2035257	562349	1
2035263	520334	1
2035264	282448	1
2035267	478743	1
2035270	441585	1
2035271	559738	1
2035273	335267	1
2035274	184689	1
2035275	555603	1
2035277	360722	1
2035278	365462	1
2035279	185973	1
2035283	188571	1
2035287	451643	1
2035289	111171	1
2035292	334701	1
2035293	408163	1
2035294	538296	1
2035295	514863	1
2035297	68926	1
2035298	127894	1
2035299	272716	1
2035300	475478	1
2035302	352506	1
2035308	523959	1
2035309	394868	1
2035313	216356	1
2035314	394740	1
2035316	518879	1
2035317	276538	1
2035318	413713	1
2035319	241876	1
2035320	54638	1
2035321	97470	1
2035323	414091	1
2035324	434066	1
2035327	309488	1
2035328	154470	1
2035331	449816	1
2035334	287014	1
2035335	517982	1
2035337	209209	1
2035338	244426	1
2035341	442306	1
2035342	130042	1
2035343	501842	1
2035344	51494	1
2035346	168599	1
2035348	31660	1
2035352	108434	1
2035353	82805	1
2035354	440891	1
2035357	386398	1
2035359	515871	1
2035361	163888	1
2035362	239046	1
2035365	343258	1
2035368	8312	1
2035372	584388	1
2035373	535737	1
2035374	221362	1
2035375	323464	1
2035376	536483	1
2035380	407278	1
2035386	508960	1
2035389	94595	1
2035390	259917	1
2035395	73143	1
2035397	598939	1
2035398	475305	1
2035399	297000	1
2035401	271769	1
2035402	359869	1
2035409	232817	1
2035413	562993	1
2035418	198825	1
2035419	195398	1
2035423	262895	1
2035425	13483	1
2035426	179962	1
2035428	177048	1
2035430	108176	1
2035431	418994	1
2035433	397975	1
2035435	429637	1
2035436	533981	1
2035438	427021	1
2035439	330802	1
2035440	509274	1
2035443	103589	1
2035444	46113	1
2035445	226248	1
2035446	245069	1
2035447	536863	1
2035448	405695	1
2035452	349594	1
2035454	327274	1
2035455	249751	1
2035456	373619	1
2035465	429314	1
2035466	480944	1
2035469	500480	1
2035473	446186	1
2035474	513716	1
2035475	305119	1
2035477	101555	1
2035479	497887	1
2035484	461255	1
2035485	587611	1
2035487	199853	1
2035489	55858	1
2035491	146126	1
2035493	374638	1
2035495	69104	1
2035498	367083	1
2035499	81941	1
2035500	158268	1
2035501	398542	1
2035504	368021	1
2035505	270465	1
2035507	281628	1
2035512	120521	1
2035513	104153	1
2035516	398590	1
2035517	452952	1
2035518	334301	1
2035521	405056	1
2035524	367477	1
2035525	352917	1
2035526	555879	1
2035528	281025	1
2035529	528727	1
2035530	415586	1
2035533	35264	1
2035534	445461	1
2035535	159896	1
2035540	214480	1
2035541	115763	1
2035542	106084	1
2035546	393178	1
2035550	324567	1
2035551	371389	1
2035552	48855	1
2035554	131464	1
2035556	83726	1
2035558	141243	1
2035563	384577	1
2035564	581224	1
2035565	405021	1
2035566	545380	1
2035572	224000	1
2035576	216917	1
2035578	110746	1
2035581	317548	1
2035582	39004	1
2035584	7507	1
2035586	497901	1
2035588	88398	1
2035590	594114	1
2035591	521396	1
2035593	219222	1
2035594	134177	1
2035596	77771	1
2035597	143534	1
2035599	101735	1
2035601	153367	1
2035603	105872	1
2035606	360310	1
2035608	32477	1
2035609	451384	1
2035610	266879	1
2035618	514058	1
2035622	239679	1
2035623	245670	1
2035624	66262	1
2035625	329920	1
2035626	435513	1
2035628	504735	1
2035629	126068	1
2035630	500162	1
2035631	451812	1
2035633	548967	1
2035634	123152	1
2035638	19958	1
2035639	313941	1
2035644	210811	1
2035648	347480	1
2035650	580376	1
2035652	331157	1
2035658	115175	1
2035659	359979	1
2035661	493136	1
2035662	516684	1
2035663	279735	1
2035667	287868	1
2035668	532262	1
2035670	80658	1
2035672	492132	1
2035673	548943	1
2035675	577950	1
2035676	462484	1
2035678	421618	1
2035681	396255	1
2035684	188961	1
2035690	17173	1
2035692	212851	1
2035695	54429	1
2035700	235226	1
2035707	544376	1
2035708	313706	1
2035709	88421	1
2035716	346286	1
2035717	437901	1
2035720	220877	1
2035721	34099	1
2035726	150607	1
2035728	130363	1
2035732	276498	1
2035733	83934	1
2035735	479146	1
2035737	440524	1
2035738	493903	1
2035739	171142	1
2035740	4149	1
2035741	193053	1
2035742	429732	1
2035744	72861	1
2035745	525851	1
2035746	244549	1
2035749	446887	1
2035752	84596	1
2035754	472857	1
2035755	549223	1
2035756	441461	1
2035763	250662	1
2035764	77142	1
2035765	362276	1
2035766	436796	1
2035767	253245	1
2035768	498288	1
2035769	447344	1
2035771	334615	1
2035773	240250	1
2035775	599953	1
2035779	477973	1
2035782	404131	1
2035785	97881	1
2035787	277955	1
2035788	150707	1
2035792	527012	1
2035793	406042	1
2035794	445930	1
2035796	308332	1
2035798	479530	1
2035799	67546	1
2035800	248822	1
2035802	267859	1
2035806	391668	1
2035807	178090	1
2035809	40131	1
2035811	384997	1
2035815	450548	1
2035816	270417	1
2035817	446878	1
2035818	399747	1
2035823	363475	1
2035824	9766	1
2035827	4982	1
2035831	14776	1
2035833	542644	1
2035834	62169	1
2035837	559349	1
2035839	520101	1
2035840	574235	1
2035842	9323	1
2035845	353138	1
2035846	83354	1
2035847	578896	1
2035848	475355	1
2035850	298128	1
2035851	43761	1
2035852	236575	1
2035853	26143	1
2035857	264123	1
2035858	534103	1
2035860	265253	1
2035862	570271	1
2035865	396025	1
2035866	258120	1
2035873	545248	1
2035876	479625	1
2035877	194129	1
2035878	319606	1
2035879	558742	1
2035880	447348	1
2035883	559482	1
2035884	448350	1
2035885	258031	1
2035886	518829	1
2035892	591287	1
2035896	486693	1
2035897	566745	1
2035898	564841	1
2035899	54825	1
2035907	19627	1
2035908	591885	1
2035911	540205	1
2035912	201866	1
2035913	69312	1
2035914	324931	1
2035915	182199	1
2035918	560338	1
2035920	326315	1
2035922	462585	1
2035923	454562	1
2035925	208425	1
2035926	374020	1
2035928	190981	1
2035929	195281	1
2035930	128349	1
2035931	579577	1
2035932	8209	1
2035934	547127	1
2035936	281555	1
2035939	362616	1
2035940	218709	1
2035945	444502	1
2035947	525932	1
2035948	98727	1
2035951	116896	1
2035953	136346	1
2035955	511325	1
2035956	127227	1
2035957	16003	1
2035958	186022	1
2035959	260406	1
2035964	543168	1
2035967	246307	1
2035972	99037	1
2035973	487621	1
2035976	279115	1
2035978	202049	1
2035979	498314	1
2035980	28533	1
2035985	578312	1
2035989	44706	1
2035991	73492	1
2035995	59749	1
2035997	467314	1
2036000	173338	1
2036001	71563	1
2036002	474837	1
2036003	536	1
2036004	465447	1
2036005	511360	1
2036007	19144	1
2036010	137992	1
2036011	315190	1
2036012	271233	1
2036013	353405	1
2036014	283863	1
2036017	316546	1
2036019	397963	1
2036023	36582	1
2036024	85960	1
2036025	318742	1
2036027	260054	1
2036030	20328	1
2036031	481611	1
2036032	478161	1
2036034	201812	1
2036035	559842	1
2036039	472269	1
2036041	552768	1
2036043	284673	1
2036044	315106	1
2036047	260940	1
2036049	505009	1
2036051	47197	1
2036052	56689	1
2036053	343882	1
2036055	443823	1
2036056	234245	1
2036059	175038	1
2036061	527067	1
2036062	246551	1
2036064	184802	1
2036065	389083	1
2036066	6703	1
2036068	195850	1
2036073	425547	1
2036074	246516	1
2036075	235791	1
2036076	593951	1
2036077	82922	1
2036078	6339	1
2036080	494653	1
2036081	346213	1
2036082	471950	1
2036083	53003	1
2036084	527884	1
2036086	174272	1
2036087	395353	1
2036089	585982	1
2036092	277563	1
2036093	500028	1
2036095	356722	1
2036100	547868	1
2036104	294130	1
2036107	34872	1
2036109	517488	1
2036110	119945	1
2036121	294906	1
2036124	19197	1
2036125	539021	1
2036126	35777	1
2036129	214215	1
2036133	78989	1
2036134	120576	1
2036136	589518	1
2036137	449121	1
2036139	468445	1
2036141	105010	1
2036142	38448	1
2036145	508454	1
2036147	351450	1
2036148	299431	1
2036150	37034	1
2036151	552163	1
2036152	371278	1
2036159	196286	1
2036165	429614	1
2036170	373570	1
2036174	549131	1
2036175	34233	1
2036177	581333	1
2036178	187478	1
2036180	19912	1
2036181	192795	1
2036182	246582	1
2036184	259520	1
2036185	189200	1
2036188	498714	1
2036190	185567	1
2036191	567891	1
2036193	510635	1
2036197	182949	1
2036202	538641	1
2036203	267370	1
2036206	222974	1
2036207	235221	1
2036209	436429	1
2036210	434384	1
2036214	86760	1
2036215	205194	1
2036218	53543	1
2036219	283762	1
2036220	113741	1
2036223	382534	1
2036224	108610	1
2036225	355710	1
2036229	176367	1
2036230	347900	1
2036232	308424	1
2036237	373401	1
2036238	106218	1
2036239	207853	1
2036244	185500	1
2036246	384897	1
2036247	510026	1
2036249	63294	1
2036252	212471	1
2036253	156301	1
2036255	525978	1
2036258	159509	1
2036259	396035	1
2036261	204548	1
2036264	234561	1
2036265	368170	1
2036268	138255	1
2036269	500357	1
2036271	568700	1
2036275	336649	1
2036278	209554	1
2036279	335348	1
2036280	220223	1
2036281	234062	1
2036283	81116	1
2036287	43084	1
2036292	558388	1
2036294	534552	1
2036297	82113	1
2036298	18485	1
2036300	246537	1
2036303	172249	1
2036307	346859	1
2036311	225511	1
2036312	457267	1
2036313	208407	1
2036314	588791	1
2036315	206689	1
2036321	101986	1
2036322	162630	1
2036323	354430	1
2036325	356767	1
2036326	557771	1
2036327	391817	1
2036330	32182	1
2036331	455239	1
2036332	277820	1
2036333	38394	1
2036337	477100	1
2036338	72315	1
2036339	406752	1
2036341	511001	1
2036343	219604	1
2036344	20929	1
2036345	378502	1
2036347	220771	1
2036348	130945	1
2036350	573666	1
2036355	110457	1
2036357	276272	1
2036358	521474	1
2036359	120171	1
2036360	42619	1
2036363	96562	1
2036364	438548	1
2036368	284095	1
2036370	243396	1
2036375	580952	1
2036376	537737	1
2036377	519328	1
2036380	230008	1
2036385	179600	1
2036387	478696	1
2036388	219935	1
2036389	558556	1
2036390	91982	1
2036395	283518	1
2036398	587652	1
2036399	335682	1
2036402	5592	1
2036403	56685	1
2036404	382977	1
2036405	500899	1
2036406	186847	1
2036407	147757	1
2036409	582795	1
2036412	571735	1
2036413	233956	1
2036414	116828	1
2036418	386044	1
2036419	141962	1
2036420	23951	1
2036421	41838	1
2036422	469077	1
2036423	91276	1
2036424	304173	1
2036429	416799	1
2036430	424365	1
2036431	420795	1
2036432	98196	1
2036434	398977	1
2036435	392872	1
2036437	95091	1
2036441	281813	1
2036443	561606	1
2036444	490281	1
2036445	358176	1
2036447	325359	1
2036448	569387	1
2036450	364210	1
2036452	424808	1
2036456	115416	1
2036457	234475	1
2036461	367015	1
2036462	222435	1
2036466	39149	1
2036467	502272	1
2036471	530029	1
2036481	161634	1
2036482	395782	1
2036484	536318	1
2036487	382801	1
2036492	492738	1
2036493	276873	1
2036499	421455	1
2036500	222705	1
2036501	342364	1
2036506	477603	1
2036510	493645	1
2036515	583838	1
2036516	229935	1
2036519	419458	1
2036522	417118	1
2036524	215742	1
2036525	358693	1
2036526	282577	1
2036529	256301	1
2036530	461483	1
2036531	447307	1
2036533	576269	1
2036538	114961	1
2036540	201500	1
2036542	123235	1
2036545	559741	1
2036549	318160	1
2036553	490391	1
2036556	214371	1
2036557	60906	1
2036558	489706	1
2036559	417124	1
2036562	25481	1
2036564	73325	1
2036565	113304	1
2036567	402314	1
2036568	528061	1
2036571	45096	1
2036572	110577	1
2036575	234261	1
2036577	224453	1
2036578	123468	1
2036579	518251	1
2036581	394088	1
2036582	135202	1
2036583	252537	1
2036584	329106	1
2036587	315025	1
2036588	174212	1
2036589	172435	1
2036594	481475	1
2036597	241249	1
2036598	504655	1
2036599	529007	1
2036602	201029	1
2036604	400163	1
2036612	200821	1
2036614	496167	1
2036618	126455	1
2036621	383062	1
2036622	561000	1
2036624	163641	1
2036625	237800	1
2036626	24394	1
2036627	217596	1
2036628	362672	1
2036629	589104	1
2036630	43438	1
2036639	54977	1
2036640	145162	1
2036642	162653	1
2036645	181880	1
2036647	380672	1
2036653	389374	1
2036654	278554	1
2036656	445319	1
2036661	352324	1
2036663	450121	1
2036664	50944	1
2036665	381675	1
2036666	414559	1
2036668	183660	1
2036669	196600	1
2036675	430138	1
2036676	49844	1
2036677	39817	1
2036678	244696	1
2036679	460180	1
2036680	100452	1
2036683	499756	1
2036686	353182	1
2036688	131884	1
2036689	514917	1
2036692	43216	1
2036693	55327	1
2036694	214666	1
2036696	30068	1
2036698	181095	1
2036701	526614	1
2036702	99641	1
2036703	569709	1
2036704	170377	1
2036711	226232	1
2036712	134382	1
2036713	573093	1
2036714	494610	1
2036715	396959	1
2036716	403817	1
2036720	351187	1
2036723	374253	1
2036725	138154	1
2036726	36201	1
2036727	275008	1
2036728	23938	1
2036730	263197	1
2036732	284593	1
2036740	564006	1
2036741	296772	1
2036742	339524	1
2036745	205566	1
2036746	527521	1
2036752	110393	1
2036753	81994	1
2036754	253921	1
2036757	139603	1
2036758	434287	1
2036760	529366	1
2036762	113822	1
2036763	109652	1
2036764	95643	1
2036766	512051	1
2036768	530149	1
2036769	354511	1
2036770	423729	1
2036773	577575	1
2036774	201939	1
2036775	122203	1
2036777	247168	1
2036778	98535	1
2036780	373248	1
2036781	129742	1
2036782	231612	1
2036783	308528	1
2036787	549177	1
2036790	420533	1
2036791	233344	1
2036792	573925	1
2036794	263570	1
2036799	511728	1
2036801	217296	1
2036805	450840	1
2036806	164811	1
2036809	219091	1
2036811	398779	1
2036813	186296	1
2036814	429037	1
2036815	306388	1
2036816	156581	1
2036819	414360	1
2036820	497805	1
2036821	357094	1
2036822	451178	1
2036824	360571	1
2036826	477945	1
2036828	502247	1
2036830	243631	1
2036831	991	1
2036837	327026	1
2036841	367239	1
2036843	118449	1
2036845	2966	1
2036846	24706	1
2036847	218696	1
2036848	339528	1
2036849	177946	1
2036850	460760	1
2036851	422469	1
2036858	224424	1
2036862	374451	1
2036865	193296	1
2036866	146750	1
2036872	559586	1
2036873	296688	1
2036875	260519	1
2036876	259317	1
2036879	357551	1
2036881	370229	1
2036884	138623	1
2036887	185405	1
2036888	276778	1
2036892	361552	1
2036893	503710	1
2036895	467890	1
2036900	151931	1
2036901	485631	1
2036902	134418	1
2036904	538000	1
2036910	407592	1
2036911	292098	1
2036914	258517	1
2036918	449469	1
2036924	238964	1
2036927	254452	1
2036928	505600	1
2036929	508604	1
2036931	108794	1
2036932	35955	1
2036933	523463	1
2036935	229790	1
2036936	465891	1
2036940	226610	1
2036941	74526	1
2036944	504354	1
2036947	437642	1
2036950	74067	1
2036951	403848	1
2036953	269043	1
2036956	350505	1
2036957	143765	1
2036958	210722	1
2036959	9579	1
2036961	411043	1
2036962	223625	1
2036964	333673	1
2036965	120124	1
2036966	331253	1
2036972	98904	1
2036976	318239	1
2036977	28809	1
2036978	331823	1
2036979	92385	1
2036984	230350	1
2036986	531624	1
2036987	553235	1
2036989	369770	1
2036992	359150	1
2036993	550083	1
2036994	200335	1
2036996	137434	1
2036997	230734	1
2036999	294167	1
2037000	234169	1
2037004	242353	1
2037005	559083	1
2037006	291862	1
2037007	474157	1
2037009	161652	1
2037012	94558	1
2037016	490082	1
2037017	378634	1
2037022	247186	1
2037024	208981	1
2037026	264532	1
2037031	154485	1
2037032	278280	1
2037033	93099	1
2037034	557339	1
2037035	212131	1
2037036	17421	1
2037037	202914	1
2037038	211688	1
2037041	484086	1
2037042	284312	1
2037044	137562	1
2037045	10180	1
2037046	210019	1
2037049	471128	1
2037051	398900	1
2037054	125640	1
2037055	474353	1
2037056	248271	1
2037057	452609	1
2037060	15908	1
2037065	180238	1
2037066	583875	1
2037068	51222	1
2037072	130817	1
2037073	377008	1
2037080	105468	1
2037081	415954	1
2037083	125848	1
2037085	85324	1
2037086	361047	1
2037089	462184	1
2037090	184487	1
2037092	41512	1
2037093	61047	1
2037094	453684	1
2037095	426633	1
2037096	357771	1
2037097	37659	1
2037099	66206	1
2037103	328458	1
2037105	237475	1
2037107	308449	1
2037110	392583	1
2037111	447862	1
2037112	70922	1
2037113	382994	1
2037114	268640	1
2037115	318073	1
2037117	182249	1
2037118	219285	1
2037120	230589	1
2037121	532907	1
2037124	435183	1
2037127	459472	1
2037131	487600	1
2037134	173832	1
2037137	341639	1
2037138	111190	1
2037139	256631	1
2037141	235079	1
2037142	85655	1
2037144	161754	1
2037145	9640	1
2037146	531555	1
2037147	114960	1
2037148	272693	1
2037149	457234	1
2037151	139659	1
2037153	476504	1
2037156	482539	1
2037159	161444	1
2037160	529509	1
2037161	424046	1
2037162	196961	1
2037164	27715	1
2037172	214210	1
2037173	5223	1
2037179	494629	1
2037180	287243	1
2037181	242011	1
2037182	197520	1
2037183	167219	1
2037186	391573	1
2037187	384694	1
2037188	207404	1
2037189	222555	1
2037191	140602	1
2037197	59349	1
2037200	573950	1
2037201	357405	1
2037202	453641	1
2037205	417862	1
2037208	358825	1
2037209	594609	1
2037210	338018	1
2037211	161900	1
2037212	180509	1
2037214	506113	1
2037215	19624	1
2037217	329793	1
2037218	134053	1
2037219	599483	1
2037220	175527	1
2037226	8854	1
2037227	512544	1
2037228	192248	1
2037230	390304	1
2037232	402898	1
2037236	352786	1
2037238	229617	1
2037242	273433	1
2037243	147952	1
2037244	62130	1
2037245	63406	1
2037248	108624	1
2037249	416975	1
2037250	480741	1
2037251	455798	1
2037252	144464	1
2037256	362823	1
2037258	225321	1
2037260	3155	1
2037262	301629	1
2037267	581265	1
2037268	49008	1
2037271	415649	1
2037272	263306	1
2037275	2413	1
2037280	302766	1
2037283	446300	1
2037284	157176	1
2037288	318359	1
2037289	229730	1
2037290	548189	1
2037291	459730	1
2037292	228806	1
2037295	195701	1
2037300	193490	1
2037301	565407	1
2037303	478339	1
2037304	435679	1
2037308	298147	1
2037309	528250	1
2037311	306163	1
2037314	24723	1
2037315	410021	1
2037317	528623	1
2037321	463040	1
2037323	521100	1
2037324	310980	1
2037326	504785	1
2037327	293358	1
2037329	428911	1
2037330	270449	1
2037333	395714	1
2037334	414161	1
2037335	309737	1
2037338	555495	1
2037340	59385	1
2037341	340044	1
2037343	331863	1
2037347	376058	1
2037353	188065	1
2037354	505162	1
2037356	118679	1
2037357	330116	1
2037358	207539	1
2037359	347744	1
2037361	179912	1
2037362	184495	1
2037363	232864	1
2037364	509999	1
2037365	220448	1
2037367	197205	1
2037369	502644	1
2037370	463722	1
2037371	91746	1
2037379	218168	1
2037382	201561	1
2037384	229285	1
2037387	437973	1
2037389	94696	1
2037391	447826	1
2037393	17964	1
2037394	210187	1
2037395	84528	1
2037396	274918	1
2037397	442014	1
2037400	240880	1
2037402	561815	1
2037404	286732	1
2037406	576270	1
2037407	392522	1
2037410	260075	1
2037411	287853	1
2037420	587827	1
2037421	312626	1
2037422	175196	1
2037425	188220	1
2037426	400075	1
2037428	20064	1
2037430	466197	1
2037432	267664	1
2037436	365999	1
2037443	367904	1
2037445	275567	1
2037446	129606	1
2037447	351285	1
2037449	488753	1
2037450	93736	1
2037451	314579	1
2037452	576140	1
2037454	336368	1
2037455	72760	1
2037456	311418	1
2037457	555630	1
2037461	53839	1
2037464	569095	1
2037465	157536	1
2037466	508766	1
2037467	167473	1
2037468	556621	1
2037471	176943	1
2037474	496526	1
2037477	21598	1
2037478	298257	1
2037479	124219	1
2037481	410913	1
2037487	378888	1
2037489	200216	1
2037490	573025	1
2037492	361279	1
2037496	104806	1
2037498	366231	1
2037500	516628	1
2037501	214348	1
2037503	387667	1
2037505	453784	1
2037506	319534	1
2037508	370167	1
2037509	491845	1
2037510	534334	1
2037511	503171	1
2037513	514944	1
2037515	71171	1
2037516	201134	1
2037517	228434	1
2037518	323639	1
2037519	178281	1
2037520	553007	1
2037522	357719	1
2037523	561371	1
2037532	149577	1
2037534	498589	1
2037535	381673	1
2037537	598065	1
2037538	258790	1
2037540	81998	1
2037542	304500	1
2037544	96054	1
2037551	452250	1
2037553	479577	1
2037555	321319	1
2037558	226110	1
2037564	374124	1
2037568	412348	1
2037571	135013	1
2037572	53737	1
2037576	21385	1
2037583	583234	1
2037586	229731	1
2037587	111045	1
2037590	87953	1
2037592	567577	1
2037593	592720	1
2037597	64364	1
2037599	33159	1
2037600	361954	1
2037601	381897	1
2037603	372204	1
2037604	530817	1
2037605	554581	1
2037608	200425	1
2037615	264616	1
2037616	36945	1
2037619	263628	1
2037620	431370	1
2037623	580526	1
2037625	172385	1
2037629	549311	1
2037631	382066	1
2037632	551856	1
2037633	509964	1
2037641	249923	1
2037643	457316	1
2037644	411777	1
2037645	146147	1
2037646	426242	1
2037648	482460	1
2037650	59070	1
2037651	475338	1
2037652	540882	1
2037654	537862	1
2037656	231767	1
2037657	21866	1
2037658	448718	1
2037659	143135	1
2037661	539312	1
2037662	448110	1
2037663	498846	1
2037664	476721	1
2037665	199897	1
2037667	165597	1
2037668	395132	1
2037669	70147	1
2037671	75237	1
2037674	278567	1
2037678	397277	1
2037679	264326	1
2037680	193998	1
2037685	355240	1
2037686	364467	1
2037688	238838	1
2037691	476215	1
2037693	254684	1
2037695	213181	1
2037696	183189	1
2037701	32530	1
2037703	549009	1
2037710	258190	1
2037712	330711	1
2037713	88575	1
2037716	455912	1
2037717	257122	1
2037718	586544	1
2037719	311834	1
2037721	474241	1
2037722	174335	1
2037723	13304	1
2037725	412785	1
2037727	111240	1
2037728	246394	1
2037734	227957	1
2037735	444095	1
2037736	443474	1
2037738	318312	1
2037739	409004	1
2037743	212351	1
2037747	150223	1
2037750	146642	1
2037754	488627	1
2037756	49082	1
2037757	201024	1
2037760	398008	1
2037762	330255	1
2037765	479332	1
2037766	45494	1
2037767	73664	1
2037769	124880	1
2037773	541998	1
2037774	209269	1
2037776	385028	1
2037778	522503	1
2037783	13847	1
2037784	139906	1
2037786	506642	1
2037788	379062	1
2037790	132006	1
2037793	316226	1
2037794	198948	1
2037795	106301	1
2037796	55979	1
2037797	62639	1
2037798	333126	1
2037800	188296	1
2037805	94229	1
2037808	90522	1
2037809	23823	1
2037812	387715	1
2037813	305316	1
2037816	232938	1
2037818	550101	1
2037820	99901	1
2037821	534491	1
2037823	490584	1
2037824	287085	1
2037825	592512	1
2037827	207570	1
2037832	420897	1
2037833	125966	1
2037834	320751	1
2037835	196946	1
2037838	411686	1
2037841	236186	1
2037845	343811	1
2037846	33850	1
2037848	346770	1
2037850	169283	1
2037856	558007	1
2037863	385544	1
2037864	357340	1
2037868	276711	1
2037870	266158	1
2037871	351885	1
2037872	381235	1
2037874	414903	1
2037877	84128	1
2037879	150931	1
2037880	168513	1
2037882	211586	1
2037886	512057	1
2037887	197168	1
2037889	555519	1
2037891	480628	1
2037893	592004	1
2037895	420807	1
2037898	240556	1
2037900	140102	1
2037902	146761	1
2037904	400440	1
2037907	136525	1
2037908	347149	1
2037910	374495	1
2037911	529428	1
2037912	126839	1
2037914	402234	1
2037916	382712	1
2037920	174932	1
2037924	584963	1
2037926	256228	1
2037927	324535	1
2037931	564965	1
2037932	540381	1
2037934	415772	1
2037936	331160	1
2037937	230970	1
2037938	148078	1
2037939	535454	1
2037942	511375	1
2037944	85488	1
2037945	505105	1
2037950	260749	1
2037954	286942	1
2037956	556264	1
2037957	326191	1
2037959	197186	1
2037960	372839	1
2037962	494053	1
2037964	492899	1
2037970	576898	1
2037972	388918	1
2037973	594345	1
2037976	563204	1
2037977	599142	1
2037978	73701	1
2037979	139094	1
2037984	386053	1
2037985	181078	1
2037995	536509	1
2037996	26834	1
2038001	428538	1
2038002	62938	1
2038006	402523	1
2038009	467345	1
2038010	78525	1
2038013	43094	1
2038014	203231	1
2038015	500527	1
2038019	18772	1
2038020	294496	1
2038023	440346	1
2038025	2346	1
2038026	209776	1
2038027	395371	1
2038029	6182	1
2038030	549489	1
2038031	456848	1
2038032	102824	1
2038033	178222	1
2038036	24021	1
2038038	544982	1
2038041	436557	1
2038042	491764	1
2038043	217363	1
2038049	481137	1
2038050	426733	1
2038052	291398	1
2038058	434615	1
2038060	56093	1
2038061	557396	1
2038064	123889	1
2038065	152210	1
2038066	581733	1
2038067	241085	1
2038068	539996	1
2038069	241240	1
2038071	317024	1
2038074	240116	1
2038076	505331	1
2038078	78408	1
2038081	375303	1
2038082	80939	1
2038084	79050	1
2038085	218761	1
2038086	294128	1
2038087	395305	1
2038089	81612	1
2038092	16301	1
2038093	536773	1
2038094	249109	1
2038097	52916	1
2038099	471870	1
2038103	473020	1
2038104	489337	1
2038105	279093	1
2038106	89222	1
2038107	396694	1
2038109	256360	1
2038111	283692	1
2038112	421639	1
2038113	238837	1
2038117	350260	1
2038119	416632	1
2038121	584131	1
2038122	401294	1
2038126	421052	1
2038127	43218	1
2038131	500794	1
2038132	405761	1
2038136	534809	1
2038139	8601	1
2038142	418573	1
2038143	544745	1
2038144	104504	1
2038145	17461	1
2038146	499975	1
2038150	451936	1
2038151	181549	1
2038152	504819	1
2038153	385231	1
2038154	187412	1
2038156	333384	1
2038157	340632	1
2038160	69103	1
2038164	73323	1
2038167	79768	1
2038171	96820	1
2038174	566837	1
2038175	4247	1
2038176	397920	1
2038178	481036	1
2038179	344838	1
2038183	489042	1
2038185	278012	1
2038187	24612	1
2038188	169550	1
2038190	53083	1
2038192	80664	1
2038196	413231	1
2038198	591319	1
2038201	11617	1
2038205	290116	1
2038208	443859	1
2038209	453987	1
2038210	165357	1
2038211	489651	1
2038212	400231	1
2038214	26791	1
2038215	453771	1
2038219	366129	1
2038222	109173	1
2038224	302700	1
2038227	500223	1
2038231	190126	1
2038233	4687	1
2038234	18123	1
2038236	138812	1
2038239	199600	1
2038241	343027	1
2038245	410272	1
2038248	354314	1
2038249	352036	1
2038250	376310	1
2038252	596657	1
2038253	6503	1
2038258	54471	1
2038259	237749	1
2038261	260255	1
2038263	245897	1
2038264	455624	1
2038265	584237	1
2038266	455141	1
2038267	459407	1
2038268	503068	1
2038270	42650	1
2038271	377020	1
2038273	49111	1
2038274	554065	1
2038282	447855	1
2038283	240433	1
2038284	393639	1
2038285	44978	1
2038287	184310	1
2038288	583593	1
2038292	167982	1
2038293	106585	1
2038296	19216	1
2038299	45212	1
2038300	436907	1
2038301	319159	1
2038303	8515	1
2038304	327715	1
2038310	8916	1
2038311	283615	1
2038312	422573	1
2038315	276278	1
2038316	11592	1
2038317	117427	1
2038318	481001	1
2038320	256802	1
2038321	483453	1
2038324	448194	1
2038325	298716	1
2038327	37046	1
2038329	50039	1
2038332	239297	1
2038334	400777	1
2038336	144009	1
2038338	384757	1
2038339	139885	1
2038340	294621	1
2038343	526719	1
2038349	173158	1
2038350	559771	1
2038352	261369	1
2038354	266686	1
2038355	298789	1
2038372	282976	1
2038373	150759	1
2038376	580237	1
2038377	317812	1
2038379	126274	1
2038380	13186	1
2038384	526967	1
2038391	501209	1
2038394	89928	1
2038396	291760	1
2038397	196616	1
2038398	558152	1
2038399	64482	1
2038401	61779	1
2038405	60186	1
2038406	902	1
2038409	516172	1
2038410	21511	1
2038411	211744	1
2038414	9561	1
2038415	389883	1
2038420	172832	1
2038424	46893	1
2038428	219888	1
2038430	66816	1
2038433	116992	1
2038434	584788	1
2038435	523646	1
2038436	562970	1
2038438	296989	1
2038439	12819	1
2038442	442896	1
2038444	141059	1
2038447	53756	1
2038448	24161	1
2038450	146535	1
2038451	195590	1
2038452	319458	1
2038454	274582	1
2038459	474085	1
2038461	583124	1
2038465	448379	1
2038466	459423	1
2038467	112683	1
2038468	171184	1
2038469	550577	1
2038472	359109	1
2038475	210796	1
2038476	383819	1
2038481	390599	1
2038486	159921	1
2038487	112034	1
2038488	434624	1
2038489	590932	1
2038490	219946	1
2038494	65382	1
2038496	146216	1
2038497	433634	1
2038499	259020	1
2038500	591566	1
2038503	205341	1
2038504	569142	1
2038506	357895	1
2038507	76850	1
2038508	289615	1
2038510	11653	1
2038511	586207	1
2038515	554797	1
2038516	448368	1
2038517	301348	1
2038521	464256	1
2038530	593681	1
2038532	443689	1
2038533	428847	1
2038535	332684	1
2038536	422939	1
2038537	234381	1
2038542	104115	1
2038543	213591	1
2038545	577127	1
2038547	325142	1
2038552	592462	1
2038553	104966	1
2038570	263432	1
2038572	70906	1
2038573	470918	1
2038574	156076	1
2038578	15019	1
2038581	52622	1
2038582	511465	1
2038583	338209	1
2038586	26512	1
2038594	381997	1
2038595	447925	1
2038597	195787	1
2038604	237635	1
2038606	17010	1
2038609	180743	1
2038614	45387	1
2038615	69053	1
2038619	562753	1
2038620	237336	1
2038621	257444	1
2038623	43715	1
2038624	123956	1
2038626	164960	1
2038627	233836	1
2038629	288268	1
2038630	479111	1
2038631	312798	1
2038634	301266	1
2038637	480871	1
2038639	133879	1
2038640	543812	1
2038641	328066	1
2038642	118221	1
2038643	407591	1
2038644	138934	1
2038646	332229	1
2038651	200630	1
2038652	531472	1
2038654	142333	1
2038655	52951	1
2038657	192124	1
2038663	105208	1
2038666	50433	1
2038667	361393	1
2038670	450586	1
2038673	33083	1
2038675	379323	1
2038677	180247	1
2038678	400380	1
2038680	94456	1
2038681	475267	1
2038683	272585	1
2038686	206976	1
2038689	21609	1
2038691	397598	1
2038692	117049	1
2038695	35878	1
2038697	334906	1
2038698	120964	1
2038700	52295	1
2038701	198322	1
2038703	366861	1
2038704	357817	1
2038705	564063	1
2038706	52538	1
2038709	115264	1
2038710	581504	1
2038714	431361	1
2038716	10409	1
2038717	458765	1
2038718	146135	1
2038720	363658	1
2038721	336686	1
2038722	412542	1
2038724	68320	1
2038725	450547	1
2038727	366449	1
2038729	206388	1
2038730	247719	1
2038731	374735	1
2038735	251644	1
2038736	503465	1
2038737	383913	1
2038738	40160	1
2038743	260640	1
2038744	192918	1
2038745	549586	1
2038746	418893	1
2038747	562580	1
2038749	579603	1
2038751	122943	1
2038752	122023	1
2038753	49797	1
2038755	112705	1
2038756	520929	1
2038757	583513	1
2038759	242013	1
2038760	357008	1
2038763	501854	1
2038764	591878	1
2038765	355052	1
2038767	328835	1
2038771	330755	1
2038772	363674	1
2038774	319129	1
2038776	158793	1
2038777	321612	1
2038778	398157	1
2038780	349529	1
2038782	482324	1
2038783	527327	1
2038784	426947	1
2038785	499410	1
2038787	586017	1
2038788	550374	1
2038790	516365	1
2038794	576689	1
2038795	503606	1
2038796	19977	1
2038800	592111	1
2038802	63171	1
2038804	66089	1
2038805	478628	1
2038807	98287	1
2038809	6731	1
2038811	421769	1
2038812	76441	1
2038813	247519	1
2038814	466440	1
2038816	218182	1
2038818	67488	1
2038819	293642	1
2038822	391331	1
2038823	281383	1
2038824	424582	1
2038827	370186	1
2038828	185301	1
2038832	15450	1
2038835	213819	1
2038836	38560	1
2038837	539432	1
2038838	559103	1
2038839	16767	1
2038842	272402	1
2038843	509942	1
2038847	405156	1
2038850	169346	1
2038851	114592	1
2038853	554562	1
2038855	357803	1
2038857	72854	1
2038861	30391	1
2038862	247206	1
2038864	103021	1
2038866	20714	1
2038868	207416	1
2038870	22209	1
2038871	28361	1
2038876	134011	1
2038878	251934	1
2038879	57646	1
2038882	582345	1
2038884	595530	1
2038886	90789	1
2038887	508868	1
2038888	201048	1
2038891	27986	1
2038892	430861	1
2038896	444135	1
2038897	284153	1
2038898	310081	1
2038899	253907	1
2038900	60124	1
2038901	293065	1
2038903	50000	1
2038904	191660	1
2038905	132881	1
2038907	311644	1
2038912	95385	1
2038913	53155	1
2038914	107158	1
2038918	591333	1
2038921	532113	1
2038923	211650	1
2038924	301810	1
2038925	593133	1
2038926	445103	1
2038928	430637	1
2038932	238264	1
2038933	557355	1
2038934	35306	1
2038936	84466	1
2038937	534232	1
2038938	356514	1
2038942	517827	1
2038943	60981	1
2038948	298046	1
2038951	328827	1
2038952	578561	1
2038954	147182	1
2038955	465765	1
2038956	497230	1
2038957	17528	1
2038958	224782	1
2038959	288094	1
2038960	242986	1
2038962	532635	1
2038963	315209	1
2038964	244053	1
2038967	495710	1
2038968	523506	1
2038971	190756	1
2038972	545873	1
2038974	337940	1
2038975	350278	1
2038976	321076	1
2038977	522105	1
2038978	161130	1
2038982	42595	1
2038984	173482	1
2038985	276587	1
2038988	382598	1
2038989	171905	1
2038991	11961	1
2038993	23187	1
2038995	409266	1
2039000	68670	1
2039001	266856	1
2039004	311856	1
2039005	502123	1
2039006	476350	1
2039008	508286	1
2039009	106240	1
2039010	313414	1
2039011	343774	1
2039012	357023	1
2039014	334338	1
2039016	463768	1
2039018	257093	1
2039019	156903	1
2039020	458385	1
2039021	132258	1
2039024	558661	1
2039025	490190	1
2039026	42563	1
2039027	322610	1
2039031	512045	1
2039033	567123	1
2039034	247384	1
2039035	592245	1
2039037	355565	1
2039038	20651	1
2039040	195839	1
2039042	312321	1
2039043	115333	1
2039047	392607	1
2039048	30538	1
2039049	172518	1
2039052	164450	1
2039056	593826	1
2039061	6918	1
2039062	423356	1
2039064	163325	1
2039065	311895	1
2039073	517439	1
2039074	108173	1
2039076	555694	1
2039078	465730	1
2039079	112045	1
2039080	524043	1
2039084	577810	1
2039086	27396	1
2039087	518322	1
2039091	510902	1
2039092	220828	1
2039093	127086	1
2039095	238017	1
2039098	580084	1
2039099	297994	1
2039100	20178	1
2039104	262864	1
2039108	175480	1
2039109	57923	1
2039110	441038	1
2039112	408322	1
2039113	234255	1
2039115	432327	1
2039116	445498	1
2039117	500769	1
2039119	148053	1
2039120	434590	1
2039121	210197	1
2039122	598562	1
2039125	584621	1
2039126	154564	1
2039127	207848	1
2039128	546560	1
2039129	129632	1
2039131	406130	1
2039133	318351	1
2039135	110308	1
2039137	233171	1
2039139	65899	1
2039141	63532	1
2039143	388961	1
2039144	83230	1
2039146	376758	1
2039147	304641	1
2039154	515391	1
2039155	565133	1
2039158	114502	1
2039159	519171	1
2039160	399882	1
2039161	537172	1
2039162	235763	1
2039163	419638	1
2039165	490052	1
2039166	75560	1
2039168	354889	1
2039172	78288	1
2039175	52978	1
2039176	220794	1
2039185	89211	1
2039186	599174	1
2039189	200338	1
2039192	495311	1
2039193	567273	1
2039195	314001	1
2039197	165248	1
2039200	126696	1
2039201	510373	1
2039203	232415	1
2039206	312577	1
2039207	386013	1
2039208	276073	1
2039212	281316	1
2039214	185115	1
2039215	345451	1
2039216	105317	1
2039217	92398	1
2039218	175353	1
2039219	547131	1
2039221	244701	1
2039222	548279	1
2039223	112200	1
2039230	493797	1
2039234	285895	1
2039235	89725	1
2039237	10258	1
2039239	571327	1
2039240	231227	1
2039242	63628	1
2039244	291767	1
2039250	465992	1
2039258	389164	1
2039260	9753	1
2039262	424361	1
2039266	526359	1
2039267	589601	1
2039268	298514	1
2039270	389178	1
2039271	70556	1
2039272	373303	1
2039275	243853	1
2039276	376420	1
2039277	117274	1
2039279	576334	1
2039285	438932	1
2039286	579024	1
2039288	532448	1
2039290	583902	1
2039293	241494	1
2039294	321788	1
2039296	17347	1
2039298	566380	1
2039299	169987	1
2039300	296132	1
2039302	28046	1
2039304	491593	1
2039305	96725	1
2039309	108890	1
2039310	155098	1
2039313	133333	1
2039314	450716	1
2039315	185791	1
2039316	333898	1
2039318	202657	1
2039320	55890	1
2039321	354357	1
2039322	121731	1
2039323	78282	1
2039324	99273	1
2039326	292230	1
2039327	233986	1
2039329	369773	1
2039331	12277	1
2039333	211478	1
2039334	482927	1
2039335	241585	1
2039337	271691	1
2039339	27236	1
2039341	198012	1
2039345	545789	1
2039346	557344	1
2039347	162682	1
2039349	361836	1
2039350	557967	1
2039352	565217	1
2039360	571458	1
2039362	208374	1
2039363	217015	1
2039370	522836	1
2039373	95729	1
2039375	469701	1
2039379	537102	1
2039383	73741	1
2039384	240494	1
2039386	548508	1
2039387	88529	1
2039388	71004	1
2039389	134343	1
2039390	435811	1
2039391	477568	1
2039392	331813	1
2039395	404471	1
2039396	582909	1
2039397	278208	1
2039399	417365	1
2039400	341260	1
2039404	202037	1
2039406	484764	1
2039407	121262	1
2039409	415336	1
2039411	15103	1
2039412	549974	1
2039415	532901	1
2039417	328026	1
2039418	114306	1
2039425	103839	1
2039426	97347	1
2039428	266096	1
2039430	358156	1
2039432	251430	1
2039433	102545	1
2039434	327901	1
2039438	289768	1
2039445	161518	1
2039448	466310	1
2039449	204892	1
2039452	248863	1
2039453	187920	1
2039455	517675	1
2039456	267824	1
2039457	344936	1
2039463	404295	1
2039466	574198	1
2039467	407968	1
2039470	542180	1
2039471	309038	1
2039475	435302	1
2039477	515532	1
2039485	195062	1
2039494	94600	1
2039495	164038	1
2039496	108189	1
2039497	177421	1
2039498	412447	1
2039499	251837	1
2039500	492426	1
2039501	259517	1
2039504	102921	1
2039507	579543	1
2039508	503444	1
2039510	387878	1
2039512	362026	1
2039513	62561	1
2039514	117703	1
2039516	243522	1
2039518	568411	1
2039519	25473	1
2039528	588332	1
2039530	473402	1
2039531	322430	1
2039533	576048	1
2039534	194157	1
2039535	304961	1
2039536	384326	1
2039538	357797	1
2039539	514594	1
2039540	145114	1
2039541	292610	1
2039542	19297	1
2039543	74054	1
2039545	416859	1
2039546	229369	1
2039547	481784	1
2039548	374151	1
2039551	150151	1
2039556	247008	1
2039560	289582	1
2039562	140097	1
2039563	37679	1
2039564	441066	1
2039565	48204	1
2039566	298053	1
2039567	14437	1
2039569	35769	1
2039570	181821	1
2039572	201871	1
2039573	241605	1
2039578	142867	1
2039581	270345	1
2039582	286679	1
2039583	291566	1
2039585	323063	1
2039586	205508	1
2039587	314328	1
2039590	217814	1
2039591	392858	1
2039592	379683	1
2039593	295697	1
2039596	384447	1
2039601	115719	1
2039603	111300	1
2039604	464871	1
2039606	175771	1
2039609	359571	1
2039614	384022	1
2039617	270419	1
2039618	205928	1
2039619	539561	1
2039620	325412	1
2039624	490703	1
2039625	222685	1
2039631	167930	1
2039632	473798	1
2039635	150450	1
2039637	518617	1
2039638	517218	1
2039640	466272	1
2039642	286607	1
2039643	84310	1
2039646	249911	1
2039650	250944	1
2039651	387937	1
2039652	202315	1
2039654	397955	1
2039655	564352	1
2039657	421142	1
2039659	141456	1
2039661	313540	1
2039662	429600	1
2039663	263970	1
2039664	546178	1
2039665	170228	1
2039666	80464	1
2039667	422724	1
2039670	458280	1
2039671	317685	1
2039677	322582	1
2039680	472159	1
2039681	277288	1
2039683	248564	1
2039685	326684	1
2039686	11319	1
2039688	43902	1
2039690	315176	1
2039691	507371	1
2039692	264726	1
2039693	95072	1
2039694	287343	1
2039696	551003	1
2039698	5685	1
2039700	206473	1
2039702	66437	1
2039705	331836	1
2039709	447473	1
2039711	507113	1
2039713	272328	1
2039716	595811	1
2039718	77228	1
2039723	441394	1
2039724	529852	1
2039728	95337	1
2039733	547735	1
2039734	242976	1
2039736	478867	1
2039746	270818	1
2039748	15096	1
2039750	88579	1
2039752	594375	1
2039753	331024	1
2039756	448796	1
2039758	264986	1
2039759	511592	1
2039760	453539	1
2039765	433688	1
2039766	496378	1
2039771	37285	1
2039772	261768	1
2039773	325516	1
2039774	213196	1
2039776	175635	1
2039777	580560	1
2039780	392337	1
2039781	108689	1
2039784	344914	1
2039788	408398	1
2039793	561521	1
2039798	276894	1
2039799	595837	1
2039803	392935	1
2039806	154912	1
2039809	481945	1
2039810	32629	1
2039811	409651	1
2039812	575670	1
2039813	422264	1
2039814	546689	1
2039816	246907	1
2039817	168160	1
2039818	206455	1
2039820	97110	1
2039821	299031	1
2039825	528386	1
2039826	506003	1
2039827	55954	1
2039828	286829	1
2039829	145220	1
2039831	114822	1
2039833	113830	1
2039835	208135	1
2039838	354868	1
2039839	296798	1
2039842	197153	1
2039843	295562	1
2039847	236652	1
2039850	153385	1
2039851	157121	1
2039854	21913	1
2039855	131030	1
2039856	578492	1
2039857	560948	1
2039859	243194	1
2039861	590806	1
2039864	10908	1
2039867	490655	1
2039868	584317	1
2039870	68081	1
2039871	544781	1
2039872	453339	1
2039874	555280	1
2039877	514843	1
2039880	382879	1
2039881	540264	1
2039883	306230	1
2039885	493157	1
2039887	265160	1
2039888	517703	1
2039889	486485	1
2039890	365752	1
2039891	460271	1
2039892	353268	1
2039896	491517	1
2039898	507292	1
2039901	208815	1
2039903	421435	1
2039905	484667	1
2039906	93353	1
2039908	307246	1
2039912	484070	1
2039913	356451	1
2039916	290829	1
2039918	595470	1
2039919	193788	1
2039921	36624	1
2039923	491692	1
2039928	430751	1
2039933	386803	1
2039937	17237	1
2039938	50264	1
2039939	481342	1
2039942	323702	1
2039943	522863	1
2039944	420358	1
2039945	438696	1
2039946	137221	1
2039948	330435	1
2039951	55540	1
2039953	176102	1
2039954	522811	1
2039955	449082	1
2039958	183353	1
2039961	327085	1
2039963	597474	1
2039966	247768	1
2039967	126004	1
2039969	334236	1
2039970	308752	1
2039973	176505	1
2039975	350032	1
2039977	193655	1
2039978	499354	1
2039979	205715	1
2039985	586955	1
2039987	124038	1
2039988	496524	1
2039991	284142	1
2039992	158795	1
2039994	41359	1
2039996	38893	1
2039997	395377	1
2039998	9114	1
2039999	465294	1
2035005	113481	1
2035006	261745	1
2035007	295214	1
2035008	241158	1
2035011	346270	1
2035013	88239	1
2035014	153827	1
2035016	50540	1
2035019	90996	1
2035020	322524	1
2035025	114099	1
2035027	251444	1
2035035	544485	1
2035036	533130	1
2035037	12488	1
2035038	167563	1
2035039	377922	1
2035041	183688	1
2035045	583872	1
2035048	285744	1
2035049	562162	1
2035050	247658	1
2035051	546648	1
2035052	576450	1
2035054	294212	1
2035055	386131	1
2035056	344989	1
2035057	489376	1
2035059	184255	1
2035061	192020	1
2035064	452097	1
2035067	181585	1
2035071	302907	1
2035072	56369	1
2035075	311325	1
2035080	347169	1
2035081	504918	1
2035084	292289	1
2035085	255705	1
2035088	443629	1
2035091	500836	1
2035095	550691	1
2035099	145351	1
2035101	61557	1
2035105	80167	1
2035106	508001	1
2035108	176975	1
2035114	153528	1
2035115	235230	1
2035116	270176	1
2035118	119629	1
2035119	552632	1
2035121	384994	1
2035124	141201	1
2035126	216432	1
2035128	276846	1
2035129	505218	1
2035132	551831	1
2035134	92353	1
2035135	484819	1
2035137	61559	1
2035138	175452	1
2035140	251560	1
2035141	475327	1
2035142	52756	1
2035144	397917	1
2035145	317976	1
2035152	31340	1
2035154	355580	1
2035155	66492	1
2035159	83326	1
2035163	285693	1
2035168	556477	1
2035169	35754	1
2035171	287266	1
2035176	486376	1
2035177	330994	1
2035179	592108	1
2035182	162927	1
2035183	60549	1
2035185	167103	1
2035188	554653	1
2035189	355978	1
2035190	386105	1
2035191	377589	1
2035194	243527	1
2035197	88208	1
2035198	396191	1
2035201	41801	1
2035202	421586	1
2035206	79915	1
2035207	207663	1
2035209	130649	1
2035210	394892	1
2035211	344596	1
2035212	247822	1
2035213	483048	1
2035214	58507	1
2035215	72953	1
2035216	596167	1
2035218	480593	1
2035220	386444	1
2035222	213524	1
2035223	463713	1
2035227	118544	1
2035228	78637	1
2035229	102735	1
2035230	330694	1
2035231	460279	1
2035240	187975	1
2035241	144773	1
2035244	463575	1
2035250	465849	1
2035253	213455	1
2035256	299174	1
2035257	562349	1
2035263	520334	1
2035264	282448	1
2035267	478743	1
2035270	441585	1
2035271	559738	1
2035273	335267	1
2035274	184689	1
2035275	555603	1
2035277	360722	1
2035278	365462	1
2035279	185973	1
2035283	188571	1
2035287	451643	1
2035289	111171	1
2035292	334701	1
2035293	408163	1
2035294	538296	1
2035295	514863	1
2035297	68926	1
2035298	127894	1
2035299	272716	1
2035300	475478	1
2035302	352506	1
2035308	523959	1
2035309	394868	1
2035313	216356	1
2035314	394740	1
2035316	518879	1
2035317	276538	1
2035318	413713	1
2035319	241876	1
2035320	54638	1
2035321	97470	1
2035323	414091	1
2035324	434066	1
2035327	309488	1
2035328	154470	1
2035331	449816	1
2035334	287014	1
2035335	517982	1
2035337	209209	1
2035338	244426	1
2035341	442306	1
2035342	130042	1
2035343	501842	1
2035344	51494	1
2035346	168599	1
2035348	31660	1
2035352	108434	1
2035353	82805	1
2035354	440891	1
2035357	386398	1
2035359	515871	1
2035361	163888	1
2035362	239046	1
2035365	343258	1
2035368	8312	1
2035372	584388	1
2035373	535737	1
2035374	221362	1
2035375	323464	1
2035376	536483	1
2035380	407278	1
2035386	508960	1
2035389	94595	1
2035390	259917	1
2035395	73143	1
2035397	598939	1
2035398	475305	1
2035399	297000	1
2035401	271769	1
2035402	359869	1
2035409	232817	1
2035413	562993	1
2035418	198825	1
2035419	195398	1
2035423	262895	1
2035425	13483	1
2035426	179962	1
2035428	177048	1
2035430	108176	1
2035431	418994	1
2035433	397975	1
2035435	429637	1
2035436	533981	1
2035438	427021	1
2035439	330802	1
2035440	509274	1
2035443	103589	1
2035444	46113	1
2035445	226248	1
2035446	245069	1
2035447	536863	1
2035448	405695	1
2035452	349594	1
2035454	327274	1
2035455	249751	1
2035456	373619	1
2035465	429314	1
2035466	480944	1
2035469	500480	1
2035473	446186	1
2035474	513716	1
2035475	305119	1
2035477	101555	1
2035479	497887	1
2035484	461255	1
2035485	587611	1
2035487	199853	1
2035489	55858	1
2035491	146126	1
2035493	374638	1
2035495	69104	1
2035498	367083	1
2035499	81941	1
2035500	158268	1
2035501	398542	1
2035504	368021	1
2035505	270465	1
2035507	281628	1
2035512	120521	1
2035513	104153	1
2035516	398590	1
2035517	452952	1
2035518	334301	1
2035521	405056	1
2035524	367477	1
2035525	352917	1
2035526	555879	1
2035528	281025	1
2035529	528727	1
2035530	415586	1
2035533	35264	1
2035534	445461	1
2035535	159896	1
2035540	214480	1
2035541	115763	1
2035542	106084	1
2035546	393178	1
2035550	324567	1
2035551	371389	1
2035552	48855	1
2035554	131464	1
2035556	83726	1
2035558	141243	1
2035563	384577	1
2035564	581224	1
2035565	405021	1
2035566	545380	1
2035572	224000	1
2035576	216917	1
2035578	110746	1
2035581	317548	1
2035582	39004	1
2035584	7507	1
2035586	497901	1
2035588	88398	1
2035590	594114	1
2035591	521396	1
2035593	219222	1
2035594	134177	1
2035596	77771	1
2035597	143534	1
2035599	101735	1
2035601	153367	1
2035603	105872	1
2035606	360310	1
2035608	32477	1
2035609	451384	1
2035610	266879	1
2035618	514058	1
2035622	239679	1
2035623	245670	1
2035624	66262	1
2035625	329920	1
2035626	435513	1
2035628	504735	1
2035629	126068	1
2035630	500162	1
2035631	451812	1
2035633	548967	1
2035634	123152	1
2035638	19958	1
2035639	313941	1
2035644	210811	1
2035648	347480	1
2035650	580376	1
2035652	331157	1
2035658	115175	1
2035659	359979	1
2035661	493136	1
2035662	516684	1
2035663	279735	1
2035667	287868	1
2035668	532262	1
2035670	80658	1
2035672	492132	1
2035673	548943	1
2035675	577950	1
2035676	462484	1
2035678	421618	1
2035681	396255	1
2035684	188961	1
2035690	17173	1
2035692	212851	1
2035695	54429	1
2035700	235226	1
2035707	544376	1
2035708	313706	1
2035709	88421	1
2035716	346286	1
2035717	437901	1
2035720	220877	1
2035721	34099	1
2035726	150607	1
2035728	130363	1
2035732	276498	1
2035733	83934	1
2035735	479146	1
2035737	440524	1
2035738	493903	1
2035739	171142	1
2035740	4149	1
2035741	193053	1
2035742	429732	1
2035744	72861	1
2035745	525851	1
2035746	244549	1
2035749	446887	1
2035752	84596	1
2035754	472857	1
2035755	549223	1
2035756	441461	1
2035763	250662	1
2035764	77142	1
2035765	362276	1
2035766	436796	1
2035767	253245	1
2035768	498288	1
2035769	447344	1
2035771	334615	1
2035773	240250	1
2035775	599953	1
2035779	477973	1
2035782	404131	1
2035785	97881	1
2035787	277955	1
2035788	150707	1
2035792	527012	1
2035793	406042	1
2035794	445930	1
2035796	308332	1
2035798	479530	1
2035799	67546	1
2035800	248822	1
2035802	267859	1
2035806	391668	1
2035807	178090	1
2035809	40131	1
2035811	384997	1
2035815	450548	1
2035816	270417	1
2035817	446878	1
2035818	399747	1
2035823	363475	1
2035824	9766	1
2035827	4982	1
2035831	14776	1
2035833	542644	1
2035834	62169	1
2035837	559349	1
2035839	520101	1
2035840	574235	1
2035842	9323	1
2035845	353138	1
2035846	83354	1
2035847	578896	1
2035848	475355	1
2035850	298128	1
2035851	43761	1
2035852	236575	1
2035853	26143	1
2035857	264123	1
2035858	534103	1
2035860	265253	1
2035862	570271	1
2035865	396025	1
2035866	258120	1
2035873	545248	1
2035876	479625	1
2035877	194129	1
2035878	319606	1
2035879	558742	1
2035880	447348	1
2035883	559482	1
2035884	448350	1
2035885	258031	1
2035886	518829	1
2035892	591287	1
2035896	486693	1
2035897	566745	1
2035898	564841	1
2035899	54825	1
2035907	19627	1
2035908	591885	1
2035911	540205	1
2035912	201866	1
2035913	69312	1
2035914	324931	1
2035915	182199	1
2035918	560338	1
2035920	326315	1
2035922	462585	1
2035923	454562	1
2035925	208425	1
2035926	374020	1
2035928	190981	1
2035929	195281	1
2035930	128349	1
2035931	579577	1
2035932	8209	1
2035934	547127	1
2035936	281555	1
2035939	362616	1
2035940	218709	1
2035945	444502	1
2035947	525932	1
2035948	98727	1
2035951	116896	1
2035953	136346	1
2035955	511325	1
2035956	127227	1
2035957	16003	1
2035958	186022	1
2035959	260406	1
2035964	543168	1
2035967	246307	1
2035972	99037	1
2035973	487621	1
2035976	279115	1
2035978	202049	1
2035979	498314	1
2035980	28533	1
2035985	578312	1
2035989	44706	1
2035991	73492	1
2035995	59749	1
2035997	467314	1
2036000	173338	1
2036001	71563	1
2036002	474837	1
2036003	536	1
2036004	465447	1
2036005	511360	1
2036007	19144	1
2036010	137992	1
2036011	315190	1
2036012	271233	1
2036013	353405	1
2036014	283863	1
2036017	316546	1
2036019	397963	1
2036023	36582	1
2036024	85960	1
2036025	318742	1
2036027	260054	1
2036030	20328	1
2036031	481611	1
2036032	478161	1
2036034	201812	1
2036035	559842	1
2036039	472269	1
2036041	552768	1
2036043	284673	1
2036044	315106	1
2036047	260940	1
2036049	505009	1
2036051	47197	1
2036052	56689	1
2036053	343882	1
2036055	443823	1
2036056	234245	1
2036059	175038	1
2036061	527067	1
2036062	246551	1
2036064	184802	1
2036065	389083	1
2036066	6703	1
2036068	195850	1
2036073	425547	1
2036074	246516	1
2036075	235791	1
2036076	593951	1
2036077	82922	1
2036078	6339	1
2036080	494653	1
2036081	346213	1
2036082	471950	1
2036083	53003	1
2036084	527884	1
2036086	174272	1
2036087	395353	1
2036089	585982	1
2036092	277563	1
2036093	500028	1
2036095	356722	1
2036100	547868	1
2036104	294130	1
2036107	34872	1
2036109	517488	1
2036110	119945	1
2036121	294906	1
2036124	19197	1
2036125	539021	1
2036126	35777	1
2036129	214215	1
2036133	78989	1
2036134	120576	1
2036136	589518	1
2036137	449121	1
2036139	468445	1
2036141	105010	1
2036142	38448	1
2036145	508454	1
2036147	351450	1
2036148	299431	1
2036150	37034	1
2036151	552163	1
2036152	371278	1
2036159	196286	1
2036165	429614	1
2036170	373570	1
2036174	549131	1
2036175	34233	1
2036177	581333	1
2036178	187478	1
2036180	19912	1
2036181	192795	1
2036182	246582	1
2036184	259520	1
2036185	189200	1
2036188	498714	1
2036190	185567	1
2036191	567891	1
2036193	510635	1
2036197	182949	1
2036202	538641	1
2036203	267370	1
2036206	222974	1
2036207	235221	1
2036209	436429	1
2036210	434384	1
2036214	86760	1
2036215	205194	1
2036218	53543	1
2036219	283762	1
2036220	113741	1
2036223	382534	1
2036224	108610	1
2036225	355710	1
2036229	176367	1
2036230	347900	1
2036232	308424	1
2036237	373401	1
2036238	106218	1
2036239	207853	1
2036244	185500	1
2036246	384897	1
2036247	510026	1
2036249	63294	1
2036252	212471	1
2036253	156301	1
2036255	525978	1
2036258	159509	1
2036259	396035	1
2036261	204548	1
2036264	234561	1
2036265	368170	1
2036268	138255	1
2036269	500357	1
2036271	568700	1
2036275	336649	1
2036278	209554	1
2036279	335348	1
2036280	220223	1
2036281	234062	1
2036283	81116	1
2036287	43084	1
2036292	558388	1
2036294	534552	1
2036297	82113	1
2036298	18485	1
2036300	246537	1
2036303	172249	1
2036307	346859	1
2036311	225511	1
2036312	457267	1
2036313	208407	1
2036314	588791	1
2036315	206689	1
2036321	101986	1
2036322	162630	1
2036323	354430	1
2036325	356767	1
2036326	557771	1
2036327	391817	1
2036330	32182	1
2036331	455239	1
2036332	277820	1
2036333	38394	1
2036337	477100	1
2036338	72315	1
2036339	406752	1
2036341	511001	1
2036343	219604	1
2036344	20929	1
2036345	378502	1
2036347	220771	1
2036348	130945	1
2036350	573666	1
2036355	110457	1
2036357	276272	1
2036358	521474	1
2036359	120171	1
2036360	42619	1
2036363	96562	1
2036364	438548	1
2036368	284095	1
2036370	243396	1
2036375	580952	1
2036376	537737	1
2036377	519328	1
2036380	230008	1
2036385	179600	1
2036387	478696	1
2036388	219935	1
2036389	558556	1
2036390	91982	1
2036395	283518	1
2036398	587652	1
2036399	335682	1
2036402	5592	1
2036403	56685	1
2036404	382977	1
2036405	500899	1
2036406	186847	1
2036407	147757	1
2036409	582795	1
2036412	571735	1
2036413	233956	1
2036414	116828	1
2036418	386044	1
2036419	141962	1
2036420	23951	1
2036421	41838	1
2036422	469077	1
2036423	91276	1
2036424	304173	1
2036429	416799	1
2036430	424365	1
2036431	420795	1
2036432	98196	1
2036434	398977	1
2036435	392872	1
2036437	95091	1
2036441	281813	1
2036443	561606	1
2036444	490281	1
2036445	358176	1
2036447	325359	1
2036448	569387	1
2036450	364210	1
2036452	424808	1
2036456	115416	1
2036457	234475	1
2036461	367015	1
2036462	222435	1
2036466	39149	1
2036467	502272	1
2036471	530029	1
2036481	161634	1
2036482	395782	1
2036484	536318	1
2036487	382801	1
2036492	492738	1
2036493	276873	1
2036499	421455	1
2036500	222705	1
2036501	342364	1
2036506	477603	1
2036510	493645	1
2036515	583838	1
2036516	229935	1
2036519	419458	1
2036522	417118	1
2036524	215742	1
2036525	358693	1
2036526	282577	1
2036529	256301	1
2036530	461483	1
2036531	447307	1
2036533	576269	1
2036538	114961	1
2036540	201500	1
2036542	123235	1
2036545	559741	1
2036549	318160	1
2036553	490391	1
2036556	214371	1
2036557	60906	1
2036558	489706	1
2036559	417124	1
2036562	25481	1
2036564	73325	1
2036565	113304	1
2036567	402314	1
2036568	528061	1
2036571	45096	1
2036572	110577	1
2036575	234261	1
2036577	224453	1
2036578	123468	1
2036579	518251	1
2036581	394088	1
2036582	135202	1
2036583	252537	1
2036584	329106	1
2036587	315025	1
2036588	174212	1
2036589	172435	1
2036594	481475	1
2036597	241249	1
2036598	504655	1
2036599	529007	1
2036602	201029	1
2036604	400163	1
2036612	200821	1
2036614	496167	1
2036618	126455	1
2036621	383062	1
2036622	561000	1
2036624	163641	1
2036625	237800	1
2036626	24394	1
2036627	217596	1
2036628	362672	1
2036629	589104	1
2036630	43438	1
2036639	54977	1
2036640	145162	1
2036642	162653	1
2036645	181880	1
2036647	380672	1
2036653	389374	1
2036654	278554	1
2036656	445319	1
2036661	352324	1
2036663	450121	1
2036664	50944	1
2036665	381675	1
2036666	414559	1
2036668	183660	1
2036669	196600	1
2036675	430138	1
2036676	49844	1
2036677	39817	1
2036678	244696	1
2036679	460180	1
2036680	100452	1
2036683	499756	1
2036686	353182	1
2036688	131884	1
2036689	514917	1
2036692	43216	1
2036693	55327	1
2036694	214666	1
2036696	30068	1
2036698	181095	1
2036701	526614	1
2036702	99641	1
2036703	569709	1
2036704	170377	1
2036711	226232	1
2036712	134382	1
2036713	573093	1
2036714	494610	1
2036715	396959	1
2036716	403817	1
2036720	351187	1
2036723	374253	1
2036725	138154	1
2036726	36201	1
2036727	275008	1
2036728	23938	1
2036730	263197	1
2036732	284593	1
2036740	564006	1
2036741	296772	1
2036742	339524	1
2036745	205566	1
2036746	527521	1
2036752	110393	1
2036753	81994	1
2036754	253921	1
2036757	139603	1
2036758	434287	1
2036760	529366	1
2036762	113822	1
2036763	109652	1
2036764	95643	1
2036766	512051	1
2036768	530149	1
2036769	354511	1
2036770	423729	1
2036773	577575	1
2036774	201939	1
2036775	122203	1
2036777	247168	1
2036778	98535	1
2036780	373248	1
2036781	129742	1
2036782	231612	1
2036783	308528	1
2036787	549177	1
2036790	420533	1
2036791	233344	1
2036792	573925	1
2036794	263570	1
2036799	511728	1
2036801	217296	1
2036805	450840	1
2036806	164811	1
2036809	219091	1
2036811	398779	1
2036813	186296	1
2036814	429037	1
2036815	306388	1
2036816	156581	1
2036819	414360	1
2036820	497805	1
2036821	357094	1
2036822	451178	1
2036824	360571	1
2036826	477945	1
2036828	502247	1
2036830	243631	1
2036831	991	1
2036837	327026	1
2036841	367239	1
2036843	118449	1
2036845	2966	1
2036846	24706	1
2036847	218696	1
2036848	339528	1
2036849	177946	1
2036850	460760	1
2036851	422469	1
2036858	224424	1
2036862	374451	1
2036865	193296	1
2036866	146750	1
2036872	559586	1
2036873	296688	1
2036875	260519	1
2036876	259317	1
2036879	357551	1
2036881	370229	1
2036884	138623	1
2036887	185405	1
2036888	276778	1
2036892	361552	1
2036893	503710	1
2036895	467890	1
2036900	151931	1
2036901	485631	1
2036902	134418	1
2036904	538000	1
2036910	407592	1
2036911	292098	1
2036914	258517	1
2036918	449469	1
2036924	238964	1
2036927	254452	1
2036928	505600	1
2036929	508604	1
2036931	108794	1
2036932	35955	1
2036933	523463	1
2036935	229790	1
2036936	465891	1
2036940	226610	1
2036941	74526	1
2036944	504354	1
2036947	437642	1
2036950	74067	1
2036951	403848	1
2036953	269043	1
2036956	350505	1
2036957	143765	1
2036958	210722	1
2036959	9579	1
2036961	411043	1
2036962	223625	1
2036964	333673	1
2036965	120124	1
2036966	331253	1
2036972	98904	1
2036976	318239	1
2036977	28809	1
2036978	331823	1
2036979	92385	1
2036984	230350	1
2036986	531624	1
2036987	553235	1
2036989	369770	1
2036992	359150	1
2036993	550083	1
2036994	200335	1
2036996	137434	1
2036997	230734	1
2036999	294167	1
2037000	234169	1
2037004	242353	1
2037005	559083	1
2037006	291862	1
2037007	474157	1
2037009	161652	1
2037012	94558	1
2037016	490082	1
2037017	378634	1
2037022	247186	1
2037024	208981	1
2037026	264532	1
2037031	154485	1
2037032	278280	1
2037033	93099	1
2037034	557339	1
2037035	212131	1
2037036	17421	1
2037037	202914	1
2037038	211688	1
2037041	484086	1
2037042	284312	1
2037044	137562	1
2037045	10180	1
2037046	210019	1
2037049	471128	1
2037051	398900	1
2037054	125640	1
2037055	474353	1
2037056	248271	1
2037057	452609	1
2037060	15908	1
2037065	180238	1
2037066	583875	1
2037068	51222	1
2037072	130817	1
2037073	377008	1
2037080	105468	1
2037081	415954	1
2037083	125848	1
2037085	85324	1
2037086	361047	1
2037089	462184	1
2037090	184487	1
2037092	41512	1
2037093	61047	1
2037094	453684	1
2037095	426633	1
2037096	357771	1
2037097	37659	1
2037099	66206	1
2037103	328458	1
2037105	237475	1
2037107	308449	1
2037110	392583	1
2037111	447862	1
2037112	70922	1
2037113	382994	1
2037114	268640	1
2037115	318073	1
2037117	182249	1
2037118	219285	1
2037120	230589	1
2037121	532907	1
2037124	435183	1
2037127	459472	1
2037131	487600	1
2037134	173832	1
2037137	341639	1
2037138	111190	1
2037139	256631	1
2037141	235079	1
2037142	85655	1
2037144	161754	1
2037145	9640	1
2037146	531555	1
2037147	114960	1
2037148	272693	1
2037149	457234	1
2037151	139659	1
2037153	476504	1
2037156	482539	1
2037159	161444	1
2037160	529509	1
2037161	424046	1
2037162	196961	1
2037164	27715	1
2037172	214210	1
2037173	5223	1
2037179	494629	1
2037180	287243	1
2037181	242011	1
2037182	197520	1
2037183	167219	1
2037186	391573	1
2037187	384694	1
2037188	207404	1
2037189	222555	1
2037191	140602	1
2037197	59349	1
2037200	573950	1
2037201	357405	1
2037202	453641	1
2037205	417862	1
2037208	358825	1
2037209	594609	1
2037210	338018	1
2037211	161900	1
2037212	180509	1
2037214	506113	1
2037215	19624	1
2037217	329793	1
2037218	134053	1
2037219	599483	1
2037220	175527	1
2037226	8854	1
2037227	512544	1
2037228	192248	1
2037230	390304	1
2037232	402898	1
2037236	352786	1
2037238	229617	1
2037242	273433	1
2037243	147952	1
2037244	62130	1
2037245	63406	1
2037248	108624	1
2037249	416975	1
2037250	480741	1
2037251	455798	1
2037252	144464	1
2037256	362823	1
2037258	225321	1
2037260	3155	1
2037262	301629	1
2037267	581265	1
2037268	49008	1
2037271	415649	1
2037272	263306	1
2037275	2413	1
2037280	302766	1
2037283	446300	1
2037284	157176	1
2037288	318359	1
2037289	229730	1
2037290	548189	1
2037291	459730	1
2037292	228806	1
2037295	195701	1
2037300	193490	1
2037301	565407	1
2037303	478339	1
2037304	435679	1
2037308	298147	1
2037309	528250	1
2037311	306163	1
2037314	24723	1
2037315	410021	1
2037317	528623	1
2037321	463040	1
2037323	521100	1
2037324	310980	1
2037326	504785	1
2037327	293358	1
2037329	428911	1
2037330	270449	1
2037333	395714	1
2037334	414161	1
2037335	309737	1
2037338	555495	1
2037340	59385	1
2037341	340044	1
2037343	331863	1
2037347	376058	1
2037353	188065	1
2037354	505162	1
2037356	118679	1
2037357	330116	1
2037358	207539	1
2037359	347744	1
2037361	179912	1
2037362	184495	1
2037363	232864	1
2037364	509999	1
2037365	220448	1
2037367	197205	1
2037369	502644	1
2037370	463722	1
2037371	91746	1
2037379	218168	1
2037382	201561	1
2037384	229285	1
2037387	437973	1
2037389	94696	1
2037391	447826	1
2037393	17964	1
2037394	210187	1
2037395	84528	1
2037396	274918	1
2037397	442014	1
2037400	240880	1
2037402	561815	1
2037404	286732	1
2037406	576270	1
2037407	392522	1
2037410	260075	1
2037411	287853	1
2037420	587827	1
2037421	312626	1
2037422	175196	1
2037425	188220	1
2037426	400075	1
2037428	20064	1
2037430	466197	1
2037432	267664	1
2037436	365999	1
2037443	367904	1
2037445	275567	1
2037446	129606	1
2037447	351285	1
2037449	488753	1
2037450	93736	1
2037451	314579	1
2037452	576140	1
2037454	336368	1
2037455	72760	1
2037456	311418	1
2037457	555630	1
2037461	53839	1
2037464	569095	1
2037465	157536	1
2037466	508766	1
2037467	167473	1
2037468	556621	1
2037471	176943	1
2037474	496526	1
2037477	21598	1
2037478	298257	1
2037479	124219	1
2037481	410913	1
2037487	378888	1
2037489	200216	1
2037490	573025	1
2037492	361279	1
2037496	104806	1
2037498	366231	1
2037500	516628	1
2037501	214348	1
2037503	387667	1
2037505	453784	1
2037506	319534	1
2037508	370167	1
2037509	491845	1
2037510	534334	1
2037511	503171	1
2037513	514944	1
2037515	71171	1
2037516	201134	1
2037517	228434	1
2037518	323639	1
2037519	178281	1
2037520	553007	1
2037522	357719	1
2037523	561371	1
2037532	149577	1
2037534	498589	1
2037535	381673	1
2037537	598065	1
2037538	258790	1
2037540	81998	1
2037542	304500	1
2037544	96054	1
2037551	452250	1
2037553	479577	1
2037555	321319	1
2037558	226110	1
2037564	374124	1
2037568	412348	1
2037571	135013	1
2037572	53737	1
2037576	21385	1
2037583	583234	1
2037586	229731	1
2037587	111045	1
2037590	87953	1
2037592	567577	1
2037593	592720	1
2037597	64364	1
2037599	33159	1
2037600	361954	1
2037601	381897	1
2037603	372204	1
2037604	530817	1
2037605	554581	1
2037608	200425	1
2037615	264616	1
2037616	36945	1
2037619	263628	1
2037620	431370	1
2037623	580526	1
2037625	172385	1
2037629	549311	1
2037631	382066	1
2037632	551856	1
2037633	509964	1
2037641	249923	1
2037643	457316	1
2037644	411777	1
2037645	146147	1
2037646	426242	1
2037648	482460	1
2037650	59070	1
2037651	475338	1
2037652	540882	1
2037654	537862	1
2037656	231767	1
2037657	21866	1
2037658	448718	1
2037659	143135	1
2037661	539312	1
2037662	448110	1
2037663	498846	1
2037664	476721	1
2037665	199897	1
2037667	165597	1
2037668	395132	1
2037669	70147	1
2037671	75237	1
2037674	278567	1
2037678	397277	1
2037679	264326	1
2037680	193998	1
2037685	355240	1
2037686	364467	1
2037688	238838	1
2037691	476215	1
2037693	254684	1
2037695	213181	1
2037696	183189	1
2037701	32530	1
2037703	549009	1
2037710	258190	1
2037712	330711	1
2037713	88575	1
2037716	455912	1
2037717	257122	1
2037718	586544	1
2037719	311834	1
2037721	474241	1
2037722	174335	1
2037723	13304	1
2037725	412785	1
2037727	111240	1
2037728	246394	1
2037734	227957	1
2037735	444095	1
2037736	443474	1
2037738	318312	1
2037739	409004	1
2037743	212351	1
2037747	150223	1
2037750	146642	1
2037754	488627	1
2037756	49082	1
2037757	201024	1
2037760	398008	1
2037762	330255	1
2037765	479332	1
2037766	45494	1
2037767	73664	1
2037769	124880	1
2037773	541998	1
2037774	209269	1
2037776	385028	1
2037778	522503	1
2037783	13847	1
2037784	139906	1
2037786	506642	1
2037788	379062	1
2037790	132006	1
2037793	316226	1
2037794	198948	1
2037795	106301	1
2037796	55979	1
2037797	62639	1
2037798	333126	1
2037800	188296	1
2037805	94229	1
2037808	90522	1
2037809	23823	1
2037812	387715	1
2037813	305316	1
2037816	232938	1
2037818	550101	1
2037820	99901	1
2037821	534491	1
2037823	490584	1
2037824	287085	1
2037825	592512	1
2037827	207570	1
2037832	420897	1
2037833	125966	1
2037834	320751	1
2037835	196946	1
2037838	411686	1
2037841	236186	1
2037845	343811	1
2037846	33850	1
2037848	346770	1
2037850	169283	1
2037856	558007	1
2037863	385544	1
2037864	357340	1
2037868	276711	1
2037870	266158	1
2037871	351885	1
2037872	381235	1
2037874	414903	1
2037877	84128	1
2037879	150931	1
2037880	168513	1
2037882	211586	1
2037886	512057	1
2037887	197168	1
2037889	555519	1
2037891	480628	1
2037893	592004	1
2037895	420807	1
2037898	240556	1
2037900	140102	1
2037902	146761	1
2037904	400440	1
2037907	136525	1
2037908	347149	1
2037910	374495	1
2037911	529428	1
2037912	126839	1
2037914	402234	1
2037916	382712	1
2037920	174932	1
2037924	584963	1
2037926	256228	1
2037927	324535	1
2037931	564965	1
2037932	540381	1
2037934	415772	1
2037936	331160	1
2037937	230970	1
2037938	148078	1
2037939	535454	1
2037942	511375	1
2037944	85488	1
2037945	505105	1
2037950	260749	1
2037954	286942	1
2037956	556264	1
2037957	326191	1
2037959	197186	1
2037960	372839	1
2037962	494053	1
2037964	492899	1
2037970	576898	1
2037972	388918	1
2037973	594345	1
2037976	563204	1
2037977	599142	1
2037978	73701	1
2037979	139094	1
2037984	386053	1
2037985	181078	1
2037995	536509	1
2037996	26834	1
2038001	428538	1
2038002	62938	1
2038006	402523	1
2038009	467345	1
2038010	78525	1
2038013	43094	1
2038014	203231	1
2038015	500527	1
2038019	18772	1
2038020	294496	1
2038023	440346	1
2038025	2346	1
2038026	209776	1
2038027	395371	1
2038029	6182	1
2038030	549489	1
2038031	456848	1
2038032	102824	1
2038033	178222	1
2038036	24021	1
2038038	544982	1
2038041	436557	1
2038042	491764	1
2038043	217363	1
2038049	481137	1
2038050	426733	1
2038052	291398	1
2038058	434615	1
2038060	56093	1
2038061	557396	1
2038064	123889	1
2038065	152210	1
2038066	581733	1
2038067	241085	1
2038068	539996	1
2038069	241240	1
2038071	317024	1
2038074	240116	1
2038076	505331	1
2038078	78408	1
2038081	375303	1
2038082	80939	1
2038084	79050	1
2038085	218761	1
2038086	294128	1
2038087	395305	1
2038089	81612	1
2038092	16301	1
2038093	536773	1
2038094	249109	1
2038097	52916	1
2038099	471870	1
2038103	473020	1
2038104	489337	1
2038105	279093	1
2038106	89222	1
2038107	396694	1
2038109	256360	1
2038111	283692	1
2038112	421639	1
2038113	238837	1
2038117	350260	1
2038119	416632	1
2038121	584131	1
2038122	401294	1
2038126	421052	1
2038127	43218	1
2038131	500794	1
2038132	405761	1
2038136	534809	1
2038139	8601	1
2038142	418573	1
2038143	544745	1
2038144	104504	1
2038145	17461	1
2038146	499975	1
2038150	451936	1
2038151	181549	1
2038152	504819	1
2038153	385231	1
2038154	187412	1
2038156	333384	1
2038157	340632	1
2038160	69103	1
2038164	73323	1
2038167	79768	1
2038171	96820	1
2038174	566837	1
2038175	4247	1
2038176	397920	1
2038178	481036	1
2038179	344838	1
2038183	489042	1
2038185	278012	1
2038187	24612	1
2038188	169550	1
2038190	53083	1
2038192	80664	1
2038196	413231	1
2038198	591319	1
2038201	11617	1
2038205	290116	1
2038208	443859	1
2038209	453987	1
2038210	165357	1
2038211	489651	1
2038212	400231	1
2038214	26791	1
2038215	453771	1
2038219	366129	1
2038222	109173	1
2038224	302700	1
2038227	500223	1
2038231	190126	1
2038233	4687	1
2038234	18123	1
2038236	138812	1
2038239	199600	1
2038241	343027	1
2038245	410272	1
2038248	354314	1
2038249	352036	1
2038250	376310	1
2038252	596657	1
2038253	6503	1
2038258	54471	1
2038259	237749	1
2038261	260255	1
2038263	245897	1
2038264	455624	1
2038265	584237	1
2038266	455141	1
2038267	459407	1
2038268	503068	1
2038270	42650	1
2038271	377020	1
2038273	49111	1
2038274	554065	1
2038282	447855	1
2038283	240433	1
2038284	393639	1
2038285	44978	1
2038287	184310	1
2038288	583593	1
2038292	167982	1
2038293	106585	1
2038296	19216	1
2038299	45212	1
2038300	436907	1
2038301	319159	1
2038303	8515	1
2038304	327715	1
2038310	8916	1
2038311	283615	1
2038312	422573	1
2038315	276278	1
2038316	11592	1
2038317	117427	1
2038318	481001	1
2038320	256802	1
2038321	483453	1
2038324	448194	1
2038325	298716	1
2038327	37046	1
2038329	50039	1
2038332	239297	1
2038334	400777	1
2038336	144009	1
2038338	384757	1
2038339	139885	1
2038340	294621	1
2038343	526719	1
2038349	173158	1
2038350	559771	1
2038352	261369	1
2038354	266686	1
2038355	298789	1
2038372	282976	1
2038373	150759	1
2038376	580237	1
2038377	317812	1
2038379	126274	1
2038380	13186	1
2038384	526967	1
2038391	501209	1
2038394	89928	1
2038396	291760	1
2038397	196616	1
2038398	558152	1
2038399	64482	1
2038401	61779	1
2038405	60186	1
2038406	902	1
2038409	516172	1
2038410	21511	1
2038411	211744	1
2038414	9561	1
2038415	389883	1
2038420	172832	1
2038424	46893	1
2038428	219888	1
2038430	66816	1
2038433	116992	1
2038434	584788	1
2038435	523646	1
2038436	562970	1
2038438	296989	1
2038439	12819	1
2038442	442896	1
2038444	141059	1
2038447	53756	1
2038448	24161	1
2038450	146535	1
2038451	195590	1
2038452	319458	1
2038454	274582	1
2038459	474085	1
2038461	583124	1
2038465	448379	1
2038466	459423	1
2038467	112683	1
2038468	171184	1
2038469	550577	1
2038472	359109	1
2038475	210796	1
2038476	383819	1
2038481	390599	1
2038486	159921	1
2038487	112034	1
2038488	434624	1
2038489	590932	1
2038490	219946	1
2038494	65382	1
2038496	146216	1
2038497	433634	1
2038499	259020	1
2038500	591566	1
2038503	205341	1
2038504	569142	1
2038506	357895	1
2038507	76850	1
2038508	289615	1
2038510	11653	1
2038511	586207	1
2038515	554797	1
2038516	448368	1
2038517	301348	1
2038521	464256	1
2038530	593681	1
2038532	443689	1
2038533	428847	1
2038535	332684	1
2038536	422939	1
2038537	234381	1
2038542	104115	1
2038543	213591	1
2038545	577127	1
2038547	325142	1
2038552	592462	1
2038553	104966	1
2038570	263432	1
2038572	70906	1
2038573	470918	1
2038574	156076	1
2038578	15019	1
2038581	52622	1
2038582	511465	1
2038583	338209	1
2038586	26512	1
2038594	381997	1
2038595	447925	1
2038597	195787	1
2038604	237635	1
2038606	17010	1
2038609	180743	1
2038614	45387	1
2038615	69053	1
2038619	562753	1
2038620	237336	1
2038621	257444	1
2038623	43715	1
2038624	123956	1
2038626	164960	1
2038627	233836	1
2038629	288268	1
2038630	479111	1
2038631	312798	1
2038634	301266	1
2038637	480871	1
2038639	133879	1
2038640	543812	1
2038641	328066	1
2038642	118221	1
2038643	407591	1
2038644	138934	1
2038646	332229	1
2038651	200630	1
2038652	531472	1
2038654	142333	1
2038655	52951	1
2038657	192124	1
2038663	105208	1
2038666	50433	1
2038667	361393	1
2038670	450586	1
2038673	33083	1
2038675	379323	1
2038677	180247	1
2038678	400380	1
2038680	94456	1
2038681	475267	1
2038683	272585	1
2038686	206976	1
2038689	21609	1
2038691	397598	1
2038692	117049	1
2038695	35878	1
2038697	334906	1
2038698	120964	1
2038700	52295	1
2038701	198322	1
2038703	366861	1
2038704	357817	1
2038705	564063	1
2038706	52538	1
2038709	115264	1
2038710	581504	1
2038714	431361	1
2038716	10409	1
2038717	458765	1
2038718	146135	1
2038720	363658	1
2038721	336686	1
2038722	412542	1
2038724	68320	1
2038725	450547	1
2038727	366449	1
2038729	206388	1
2038730	247719	1
2038731	374735	1
2038735	251644	1
2038736	503465	1
2038737	383913	1
2038738	40160	1
2038743	260640	1
2038744	192918	1
2038745	549586	1
2038746	418893	1
2038747	562580	1
2038749	579603	1
2038751	122943	1
2038752	122023	1
2038753	49797	1
2038755	112705	1
2038756	520929	1
2038757	583513	1
2038759	242013	1
2038760	357008	1
2038763	501854	1
2038764	591878	1
2038765	355052	1
2038767	328835	1
2038771	330755	1
2038772	363674	1
2038774	319129	1
2038776	158793	1
2038777	321612	1
2038778	398157	1
2038780	349529	1
2038782	482324	1
2038783	527327	1
2038784	426947	1
2038785	499410	1
2038787	586017	1
2038788	550374	1
2038790	516365	1
2038794	576689	1
2038795	503606	1
2038796	19977	1
2038800	592111	1
2038802	63171	1
2038804	66089	1
2038805	478628	1
2038807	98287	1
2038809	6731	1
2038811	421769	1
2038812	76441	1
2038813	247519	1
2038814	466440	1
2038816	218182	1
2038818	67488	1
2038819	293642	1
2038822	391331	1
2038823	281383	1
2038824	424582	1
2038827	370186	1
2038828	185301	1
2038832	15450	1
2038835	213819	1
2038836	38560	1
2038837	539432	1
2038838	559103	1
2038839	16767	1
2038842	272402	1
2038843	509942	1
2038847	405156	1
2038850	169346	1
2038851	114592	1
2038853	554562	1
2038855	357803	1
2038857	72854	1
2038861	30391	1
2038862	247206	1
2038864	103021	1
2038866	20714	1
2038868	207416	1
2038870	22209	1
2038871	28361	1
2038876	134011	1
2038878	251934	1
2038879	57646	1
2038882	582345	1
2038884	595530	1
2038886	90789	1
2038887	508868	1
2038888	201048	1
2038891	27986	1
2038892	430861	1
2038896	444135	1
2038897	284153	1
2038898	310081	1
2038899	253907	1
2038900	60124	1
2038901	293065	1
2038903	50000	1
2038904	191660	1
2038905	132881	1
2038907	311644	1
2038912	95385	1
2038913	53155	1
2038914	107158	1
2038918	591333	1
2038921	532113	1
2038923	211650	1
2038924	301810	1
2038925	593133	1
2038926	445103	1
2038928	430637	1
2038932	238264	1
2038933	557355	1
2038934	35306	1
2038936	84466	1
2038937	534232	1
2038938	356514	1
2038942	517827	1
2038943	60981	1
2038948	298046	1
2038951	328827	1
2038952	578561	1
2038954	147182	1
2038955	465765	1
2038956	497230	1
2038957	17528	1
2038958	224782	1
2038959	288094	1
2038960	242986	1
2038962	532635	1
2038963	315209	1
2038964	244053	1
2038967	495710	1
2038968	523506	1
2038971	190756	1
2038972	545873	1
2038974	337940	1
2038975	350278	1
2038976	321076	1
2038977	522105	1
2038978	161130	1
2038982	42595	1
2038984	173482	1
2038985	276587	1
2038988	382598	1
2038989	171905	1
2038991	11961	1
2038993	23187	1
2038995	409266	1
2039000	68670	1
2039001	266856	1
2039004	311856	1
2039005	502123	1
2039006	476350	1
2039008	508286	1
2039009	106240	1
2039010	313414	1
2039011	343774	1
2039012	357023	1
2039014	334338	1
2039016	463768	1
2039018	257093	1
2039019	156903	1
2039020	458385	1
2039021	132258	1
2039024	558661	1
2039025	490190	1
2039026	42563	1
2039027	322610	1
2039031	512045	1
2039033	567123	1
2039034	247384	1
2039035	592245	1
2039037	355565	1
2039038	20651	1
2039040	195839	1
2039042	312321	1
2039043	115333	1
2039047	392607	1
2039048	30538	1
2039049	172518	1
2039052	164450	1
2039056	593826	1
2039061	6918	1
2039062	423356	1
2039064	163325	1
2039065	311895	1
2039073	517439	1
2039074	108173	1
2039076	555694	1
2039078	465730	1
2039079	112045	1
2039080	524043	1
2039084	577810	1
2039086	27396	1
2039087	518322	1
2039091	510902	1
2039092	220828	1
2039093	127086	1
2039095	238017	1
2039098	580084	1
2039099	297994	1
2039100	20178	1
2039104	262864	1
2039108	175480	1
2039109	57923	1
2039110	441038	1
2039112	408322	1
2039113	234255	1
2039115	432327	1
2039116	445498	1
2039117	500769	1
2039119	148053	1
2039120	434590	1
2039121	210197	1
2039122	598562	1
2039125	584621	1
2039126	154564	1
2039127	207848	1
2039128	546560	1
2039129	129632	1
2039131	406130	1
2039133	318351	1
2039135	110308	1
2039137	233171	1
2039139	65899	1
2039141	63532	1
2039143	388961	1
2039144	83230	1
2039146	376758	1
2039147	304641	1
2039154	515391	1
2039155	565133	1
2039158	114502	1
2039159	519171	1
2039160	399882	1
2039161	537172	1
2039162	235763	1
2039163	419638	1
2039165	490052	1
2039166	75560	1
2039168	354889	1
2039172	78288	1
2039175	52978	1
2039176	220794	1
2039185	89211	1
2039186	599174	1
2039189	200338	1
2039192	495311	1
2039193	567273	1
2039195	314001	1
2039197	165248	1
2039200	126696	1
2039201	510373	1
2039203	232415	1
2039206	312577	1
2039207	386013	1
2039208	276073	1
2039212	281316	1
2039214	185115	1
2039215	345451	1
2039216	105317	1
2039217	92398	1
2039218	175353	1
2039219	547131	1
2039221	244701	1
2039222	548279	1
2039223	112200	1
2039230	493797	1
2039234	285895	1
2039235	89725	1
2039237	10258	1
2039239	571327	1
2039240	231227	1
2039242	63628	1
2039244	291767	1
2039250	465992	1
2039258	389164	1
2039260	9753	1
2039262	424361	1
2039266	526359	1
2039267	589601	1
2039268	298514	1
2039270	389178	1
2039271	70556	1
2039272	373303	1
2039275	243853	1
2039276	376420	1
2039277	117274	1
2039279	576334	1
2039285	438932	1
2039286	579024	1
2039288	532448	1
2039290	583902	1
2039293	241494	1
2039294	321788	1
2039296	17347	1
2039298	566380	1
2039299	169987	1
2039300	296132	1
2039302	28046	1
2039304	491593	1
2039305	96725	1
2039309	108890	1
2039310	155098	1
2039313	133333	1
2039314	450716	1
2039315	185791	1
2039316	333898	1
2039318	202657	1
2039320	55890	1
2039321	354357	1
2039322	121731	1
2039323	78282	1
2039324	99273	1
2039326	292230	1
2039327	233986	1
2039329	369773	1
2039331	12277	1
2039333	211478	1
2039334	482927	1
2039335	241585	1
2039337	271691	1
2039339	27236	1
2039341	198012	1
2039345	545789	1
2039346	557344	1
2039347	162682	1
2039349	361836	1
2039350	557967	1
2039352	565217	1
2039360	571458	1
2039362	208374	1
2039363	217015	1
2039370	522836	1
2039373	95729	1
2039375	469701	1
2039379	537102	1
2039383	73741	1
2039384	240494	1
2039386	548508	1
2039387	88529	1
2039388	71004	1
2039389	134343	1
2039390	435811	1
2039391	477568	1
2039392	331813	1
2039395	404471	1
2039396	582909	1
2039397	278208	1
2039399	417365	1
2039400	341260	1
2039404	202037	1
2039406	484764	1
2039407	121262	1
2039409	415336	1
2039411	15103	1
2039412	549974	1
2039415	532901	1
2039417	328026	1
2039418	114306	1
2039425	103839	1
2039426	97347	1
2039428	266096	1
2039430	358156	1
2039432	251430	1
2039433	102545	1
2039434	327901	1
2039438	289768	1
2039445	161518	1
2039448	466310	1
2039449	204892	1
2039452	248863	1
2039453	187920	1
2039455	517675	1
2039456	267824	1
2039457	344936	1
2039463	404295	1
2039466	574198	1
2039467	407968	1
2039470	542180	1
2039471	309038	1
2039475	435302	1
2039477	515532	1
2039485	195062	1
2039494	94600	1
2039495	164038	1
2039496	108189	1
2039497	177421	1
2039498	412447	1
2039499	251837	1
2039500	492426	1
2039501	259517	1
2039504	102921	1
2039507	579543	1
2039508	503444	1
2039510	387878	1
2039512	362026	1
2039513	62561	1
2039514	117703	1
2039516	243522	1
2039518	568411	1
2039519	25473	1
2039528	588332	1
2039530	473402	1
2039531	322430	1
2039533	576048	1
2039534	194157	1
2039535	304961	1
2039536	384326	1
2039538	357797	1
2039539	514594	1
2039540	145114	1
2039541	292610	1
2039542	19297	1
2039543	74054	1
2039545	416859	1
2039546	229369	1
2039547	481784	1
2039548	374151	1
2039551	150151	1
2039556	247008	1
2039560	289582	1
2039562	140097	1
2039563	37679	1
2039564	441066	1
2039565	48204	1
2039566	298053	1
2039567	14437	1
2039569	35769	1
2039570	181821	1
2039572	201871	1
2039573	241605	1
2039578	142867	1
2039581	270345	1
2039582	286679	1
2039583	291566	1
2039585	323063	1
2039586	205508	1
2039587	314328	1
2039590	217814	1
2039591	392858	1
2039592	379683	1
2039593	295697	1
2039596	384447	1
2039601	115719	1
2039603	111300	1
2039604	464871	1
2039606	175771	1
2039609	359571	1
2039614	384022	1
2039617	270419	1
2039618	205928	1
2039619	539561	1
2039620	325412	1
2039624	490703	1
2039625	222685	1
2039631	167930	1
2039632	473798	1
2039635	150450	1
2039637	518617	1
2039638	517218	1
2039640	466272	1
2039642	286607	1
2039643	84310	1
2039646	249911	1
2039650	250944	1
2039651	387937	1
2039652	202315	1
2039654	397955	1
2039655	564352	1
2039657	421142	1
2039659	141456	1
2039661	313540	1
2039662	429600	1
2039663	263970	1
2039664	546178	1
2039665	170228	1
2039666	80464	1
2039667	422724	1
2039670	458280	1
2039671	317685	1
2039677	322582	1
2039680	472159	1
2039681	277288	1
2039683	248564	1
2039685	326684	1
2039686	11319	1
2039688	43902	1
2039690	315176	1
2039691	507371	1
2039692	264726	1
2039693	95072	1
2039694	287343	1
2039696	551003	1
2039698	5685	1
2039700	206473	1
2039702	66437	1
2039705	331836	1
2039709	447473	1
2039711	507113	1
2039713	272328	1
2039716	595811	1
2039718	77228	1
2039723	441394	1
2039724	529852	1
2039728	95337	1
2039733	547735	1
2039734	242976	1
2039736	478867	1
2039746	270818	1
2039748	15096	1
2039750	88579	1
2039752	594375	1
2039753	331024	1
2039756	448796	1
2039758	264986	1
2039759	511592	1
2039760	453539	1
2039765	433688	1
2039766	496378	1
2039771	37285	1
2039772	261768	1
2039773	325516	1
2039774	213196	1
2039776	175635	1
2039777	580560	1
2039780	392337	1
2039781	108689	1
2039784	344914	1
2039788	408398	1
2039793	561521	1
2039798	276894	1
2039799	595837	1
2039803	392935	1
2039806	154912	1
2039809	481945	1
2039810	32629	1
2039811	409651	1
2039812	575670	1
2039813	422264	1
2039814	546689	1
2039816	246907	1
2039817	168160	1
2039818	206455	1
2039820	97110	1
2039821	299031	1
2039825	528386	1
2039826	506003	1
2039827	55954	1
2039828	286829	1
2039829	145220	1
2039831	114822	1
2039833	113830	1
2039835	208135	1
2039838	354868	1
2039839	296798	1
2039842	197153	1
2039843	295562	1
2039847	236652	1
2039850	153385	1
2039851	157121	1
2039854	21913	1
2039855	131030	1
2039856	578492	1
2039857	560948	1
2039859	243194	1
2039861	590806	1
2039864	10908	1
2039867	490655	1
2039868	584317	1
2039870	68081	1
2039871	544781	1
2039872	453339	1
2039874	555280	1
2039877	514843	1
2039880	382879	1
2039881	540264	1
2039883	306230	1
2039885	493157	1
2039887	265160	1
2039888	517703	1
2039889	486485	1
2039890	365752	1
2039891	460271	1
2039892	353268	1
2039896	491517	1
2039898	507292	1
2039901	208815	1
2039903	421435	1
2039905	484667	1
2039906	93353	1
2039908	307246	1
2039912	484070	1
2039913	356451	1
2039916	290829	1
2039918	595470	1
2039919	193788	1
2039921	36624	1
2039923	491692	1
2039928	430751	1
2039933	386803	1
2039937	17237	1
2039938	50264	1
2039939	481342	1
2039942	323702	1
2039943	522863	1
2039944	420358	1
2039945	438696	1
2039946	137221	1
2039948	330435	1
2039951	55540	1
2039953	176102	1
2039954	522811	1
2039955	449082	1
2039958	183353	1
2039961	327085	1
2039963	597474	1
2039966	247768	1
2039967	126004	1
2039969	334236	1
2039970	308752	1
2039973	176505	1
2039975	350032	1
2039977	193655	1
2039978	499354	1
2039979	205715	1
2039985	586955	1
2039987	124038	1
2039988	496524	1
2039991	284142	1
2039992	158795	1
2039994	41359	1
2039996	38893	1
2039997	395377	1
2039998	9114	1
2039999	465294	1
2040001	339529	1
2040003	437211	1
2040005	504897	1
2040011	437169	1
2040012	114426	1
2040013	572336	1
2040018	35337	1
2040019	154888	1
2040022	73087	1
2040023	187757	1
2040025	170350	1
2040031	27749	1
2040034	50041	1
2040035	158325	1
2040037	124746	1
2040039	78199	1
2040040	201370	1
2040041	483274	1
2040042	262635	1
2040043	592339	1
2040047	155291	1
2040049	464408	1
2040050	369180	1
2040051	32846	1
2040052	408318	1
2040054	299928	1
2040055	203438	1
2040056	397655	1
2040058	181610	1
2040060	260351	1
2040061	170915	1
2040066	422116	1
2040067	139526	1
2040071	32966	1
2040072	198747	1
2040074	569297	1
2040076	446679	1
2040084	374867	1
2040086	38420	1
2040090	524493	1
2040092	216755	1
2040093	216559	1
2040094	279079	1
2040096	422537	1
2040097	512264	1
2040098	368421	1
2040099	79348	1
2040102	153530	1
2040107	154787	1
2040108	93518	1
2040109	535581	1
2040112	194609	1
2040113	590329	1
2040115	153556	1
2040119	516267	1
2040124	474670	1
2040126	360635	1
2040128	532490	1
2040130	251063	1
2040131	218101	1
2040132	274471	1
2040136	137435	1
2040137	181412	1
2040138	115419	1
2040140	556711	1
2040141	320111	1
2040142	145267	1
2040143	511960	1
2040144	138178	1
2040148	406252	1
2040150	363679	1
2040152	172509	1
2040155	213253	1
2040156	441913	1
2040161	459983	1
2040163	66283	1
2040166	137462	1
2040167	483991	1
2040169	134845	1
2040173	196430	1
2040174	234079	1
2040177	240351	1
2040178	233180	1
2040179	53891	1
2040180	187589	1
2040181	427017	1
2040182	374134	1
2040184	528361	1
2040185	495242	1
2040187	162836	1
2040188	146095	1
2040191	547444	1
2040193	564957	1
2040194	436150	1
2040195	179011	1
2040198	184339	1
2040204	130598	1
2040207	222836	1
2040209	281875	1
2040210	22028	1
2040212	83420	1
2040213	90066	1
2040216	429582	1
2040219	450887	1
2040220	492626	1
2040224	247357	1
2040226	468123	1
2040233	534202	1
2040234	525977	1
2040235	210347	1
2040238	397852	1
2040240	363421	1
2040242	410001	1
2040244	461763	1
2040246	17071	1
2040248	215657	1
2040251	372226	1
2040254	181819	1
2040257	187437	1
2040258	214598	1
2040259	547102	1
2040265	185505	1
2040266	392909	1
2040267	145933	1
2040269	523951	1
2040271	435763	1
2040273	336618	1
2040275	40435	1
2040277	100132	1
2040279	46992	1
2040280	154043	1
2040281	478984	1
2040282	144123	1
2040283	370568	1
2040285	511290	1
2040286	397976	1
2040293	183774	1
2040297	28180	1
2040301	556730	1
2040306	528719	1
2040308	291011	1
2040309	303547	1
2040311	288212	1
2040313	93083	1
2040315	277688	1
2040316	177720	1
2040317	319283	1
2040318	264850	1
2040319	577287	1
2040320	205882	1
2040323	361265	1
2040324	260251	1
2040328	242197	1
2040329	324432	1
2040330	177222	1
2040332	394480	1
2040333	348116	1
2040334	321491	1
2040335	484450	1
2040336	261299	1
2040337	118935	1
2040339	384409	1
2040340	60345	1
2040341	371369	1
2040342	95541	1
2040343	277549	1
2040348	5203	1
2040350	551170	1
2040351	283473	1
2040352	260705	1
2040354	43428	1
2040355	408213	1
2040356	332763	1
2040359	365828	1
2040361	297505	1
2040362	400838	1
2040364	317051	1
2040365	61328	1
2040368	442382	1
2040370	560630	1
2040371	525847	1
2040372	397897	1
2040374	512433	1
2040376	157890	1
2040378	269217	1
2040385	22948	1
2040390	152820	1
2040393	405702	1
2040394	125382	1
2040395	7989	1
2040402	78254	1
2040405	589730	1
2040408	163557	1
2040411	549406	1
2040412	434905	1
2040413	402410	1
2040416	403505	1
2040419	113098	1
2040421	92912	1
2040422	77930	1
2040427	88264	1
2040429	4379	1
2040432	240424	1
2040433	434972	1
2040439	355415	1
2040441	461164	1
2040442	128841	1
2040445	568194	1
2040446	582161	1
2040447	342604	1
2040449	201865	1
2040450	434196	1
2040454	312619	1
2040455	424526	1
2040456	525905	1
2040457	547401	1
2040460	455529	1
2040463	292630	1
2040464	509083	1
2040465	319992	1
2040467	138819	1
2040468	233997	1
2040469	348726	1
2040472	243287	1
2040475	382172	1
2040476	57953	1
2040477	145193	1
2040478	454091	1
2040480	5940	1
2040481	153670	1
2040483	90547	1
2040484	423416	1
2040489	59843	1
2040490	564511	1
2040491	518345	1
2040493	354621	1
2040494	119048	1
2040496	280416	1
2040497	186960	1
2040498	149051	1
2040499	37262	1
2040500	498955	1
2040502	448811	1
2040504	567162	1
2040507	497281	1
2040511	332423	1
2040515	466054	1
2040517	367300	1
2040518	419735	1
2040519	532142	1
2040521	496280	1
2040524	465931	1
2040525	384833	1
2040526	2956	1
2040527	191675	1
3000001	437969	1
3000002	437969	1
3000003	437969	1
3000004	437969	1
3000005	294957	1
3000006	78199	1
3000007	439722	1
3000008	487600	1
3000009	578954	1
3000010	578954	1
3000011	578954	1
3000012	578954	1
3000013	122450	1
3000014	589561	1
3000015	589561	1
3000016	365666	1
3000017	365666	1
3000018	365666	1
3000019	365666	1
3000020	545642	1
3000021	143733	1
3000022	183643	1
3000023	183643	1
3000024	237982	1
3000025	445204	1
3000026	491678	1
3000027	491678	1
3000028	491678	1
3000029	491678	1
3000030	359048	1
3000031	359048	1
3000032	505238	1
3000033	505238	1
3000034	98111	1
3000035	382598	1
3000036	382598	1
3000037	363197	1
3000038	448969	1
3000039	448969	1
3000040	448969	1
3000041	448969	1
3000042	320699	1
3000043	320699	1
3000044	320699	1
3000045	320699	1
3000046	578589	1
3000047	578589	1
3000048	196291	1
3000049	473256	1
3000050	587652	1
3000051	587652	1
3000052	587652	1
3000053	587652	1
3000054	25141	1
3000055	25141	1
3000056	493252	1
3000057	493252	1
3000058	296004	1
3000059	420358	1
3000060	420358	1
3000061	455763	1
3000062	359640	1
3000063	359640	1
3000064	272944	1
3000065	272944	1
3000066	272944	1
3000067	272944	1
3000068	30648	1
3000069	522006	1
3000070	522006	1
3000071	253844	1
3000072	520248	1
3000073	520248	1
3000074	174302	1
3000075	174302	1
3000076	138700	1
3000077	138700	1
3000078	138700	1
3000079	138700	1
3000080	371990	1
3000081	94315	1
3000082	424824	1
3000083	269736	1
3000084	269736	1
3000085	356589	1
3000086	356589	1
3000087	356589	1
3000088	356589	1
3000089	45683	1
3000090	367477	1
3000091	367477	1
3000092	367477	1
3000093	367477	1
3000094	500028	1
3000095	500028	1
3000096	500028	1
3000097	500028	1
3000098	535902	1
3000099	457308	1
3000100	457308	1
3000101	598507	1
3000102	323774	1
3000103	350564	1
3000104	405072	1
3000105	405072	1
3000106	440347	1
3000107	440347	1
3000108	117422	1
3000109	521621	1
3000110	543567	1
3000111	118931	1
3000112	118931	1
3000113	594443	1
3000114	550489	1
3000115	41962	1
3000116	368727	1
3000117	368727	1
3000118	563584	1
3000119	317651	1
3000120	317651	1
3000121	317651	1
3000122	317651	1
3000123	411395	1
3000124	143060	1
3000125	186693	1
3000126	186693	1
3000127	186693	1
3000128	186693	1
3000129	129878	1
3000130	129878	1
3000131	333457	1
3000132	118296	1
3000133	118296	1
3000134	313497	1
3000135	313497	1
3000136	313497	1
3000137	461764	1
3000138	461764	1
3000139	245690	1
3000140	245690	1
3000141	400401	1
3000142	364355	1
3000143	364355	1
3000144	193790	1
3000145	193790	1
3000146	110345	1
3000147	110345	1
3000148	110345	1
3000149	77567	1
3000150	77567	1
3000151	460323	1
3000152	113619	1
3000153	189442	1
3000154	189442	1
3000155	485001	1
3000156	115210	1
3000157	115210	1
3000158	104580	1
3000159	104580	1
3000160	467642	1
3000161	82517	1
3000162	237777	1
3000163	155637	1
3000164	96125	1
3000165	96125	1
3000166	96125	1
3000167	239977	1
3000168	457433	1
3000169	457433	1
3000170	292622	1
3000171	292622	1
3000172	565561	1
3000173	565561	1
3000174	242031	1
3000175	242031	1
3000176	99449	1
3000177	99449	1
3000178	99449	1
3000179	476887	1
3000180	476887	1
3000181	490641	1
3000182	508534	1
3000183	508534	1
3000184	329239	1
3000185	329239	1
3000186	214179	1
3000187	214179	1
3000188	505410	1
3000189	505410	1
3000190	109750	1
3000191	109750	1
3000192	109750	1
3000193	351451	1
3000194	351451	1
3000195	438696	1
3000196	438696	1
3000197	415309	1
3000198	415309	1
3000199	415309	1
3000200	245083	1
3000201	245083	1
3000202	245083	1
3000203	16462	1
3000204	16462	1
3000205	440121	1
3000206	98524	1
3000207	98524	1
3000208	594763	1
3000209	594763	1
3000210	139954	1
3000211	476358	1
3000212	476358	1
3000213	476358	1
3000214	581131	1
3000215	581131	1
3000216	27752	1
3000217	27752	1
3000218	511643	1
3000219	64375	1
3000220	64375	1
3000221	64375	1
3000222	94023	1
3000223	94023	1
3000224	193186	1
3000225	193186	1
3000226	142637	1
3000227	142637	1
3000228	142637	1
3000229	438499	1
3000230	438499	1
3000231	207537	1
3000232	207537	1
3000233	243141	1
3000234	243141	1
3000235	216196	1
3000236	216196	1
3000237	216196	1
3000238	592720	1
3000239	592720	1
3000240	592720	1
3000241	503505	1
3000242	503505	1
3000243	503505	1
3000244	351658	1
3000245	351658	1
3000246	351658	1
3000247	462826	1
3000248	462826	1
3000249	50860	1
3000250	50860	1
3000251	50860	1
3000252	60900	1
3000253	60900	1
3000254	60900	1
3000255	549375	1
3000256	242773	1
3000257	242773	1
3000258	242773	1
3000259	581657	1
3000260	581657	1
3000261	581657	1
3000262	287222	1
3000263	287222	1
3000264	287222	1
3000265	466774	1
3000266	466774	1
3000267	466774	1
3000268	556041	1
3000269	556041	1
3000270	556041	1
3000271	316567	1
3000272	316567	1
3000273	427291	1
3000274	427291	1
3000275	115393	1
3000276	115393	1
3000277	115393	1
3000278	182243	1
3000279	182243	1
3000280	182243	1
3000281	125472	1
3000282	125472	1
3000283	123428	1
3000284	123428	1
3000285	544853	1
3000286	544853	1
3000287	91847	1
3000288	91847	1
3000289	263236	1
3000290	263236	1
3000291	358067	1
3000292	358067	1
3000293	358067	1
3000294	350032	1
3000295	350032	1
3000296	350032	1
3000297	63053	1
3000298	63053	1
3000299	63053	1
3000300	410315	1
3000301	410315	1
3000302	410315	1
3000303	266378	1
3000304	266378	1
3000305	266378	1
3000306	477372	1
3000307	477372	1
3000308	477372	1
3000309	456821	1
3000310	456821	1
3000311	456821	1
3000312	158312	1
3000313	158312	1
3000314	532514	1
3000315	532514	1
3000316	490489	1
3000317	490489	1
3000318	490489	1
3000319	290368	1
3000320	290368	1
3000321	490869	1
3000322	490869	1
3000323	31110	1
3000324	31110	1
3000325	74066	1
3000326	74066	1
3000327	74066	1
3000328	12749	1
3000329	12749	1
3000330	12749	1
3000331	325359	1
3000332	325359	1
3000333	393468	1
3000334	393468	1
3000335	179957	1
3000336	179957	1
3000337	364567	1
3000338	364567	1
3000339	270223	1
3000340	270223	1
3000341	448990	1
3000342	448990	1
3000343	443436	1
3000344	443436	1
3000345	443436	1
3000346	355212	1
3000347	355212	1
3000348	506831	1
3000349	506831	1
3000350	506831	1
3000351	122018	1
3000352	122018	1
3000353	359869	1
3000354	359869	1
3000355	359869	1
3000356	83316	1
3000357	263546	1
3000358	263546	1
3000359	263546	1
3000360	336509	1
3000361	336509	1
3000362	283692	1
3000363	283692	1
3000364	283692	1
3000365	475370	1
3000366	475370	1
3000367	475370	1
3000368	172035	1
3000369	172035	1
3000370	202532	1
3000371	202532	1
3000372	210614	1
3000373	210614	1
3000374	89239	1
3000375	89239	1
3000376	89239	1
3000377	442951	1
3000378	442951	1
3000379	423884	1
3000380	483895	1
3000381	306186	1
3000382	306186	1
3000383	352332	1
3000384	352332	1
3000385	427849	1
3000386	473556	1
3000387	473556	1
3000388	505499	1
3000389	70181	1
3000390	70181	1
3000391	360499	1
3000392	244394	1
3000393	457531	1
3000394	457531	1
3000395	457531	1
3000396	87629	1
3000397	87629	1
3000398	97466	1
3000399	97466	1
3000400	483970	1
3000401	483970	1
3000402	503100	1
3000403	503100	1
3000404	216823	1
3000405	216823	1
3000406	399047	1
3000407	399047	1
3000408	254937	1
3000409	254937	1
3000410	254937	1
3000411	445694	1
3000412	445694	1
3000413	559915	1
3000414	559915	1
3000415	373228	1
3000416	373228	1
3000417	373228	1
3000418	379778	1
3000419	379778	1
3000420	486098	1
3000421	486098	1
3000422	292741	1
3000423	292741	1
3000424	292741	1
3000425	162927	1
3000426	162927	1
3000427	162927	1
3000428	173401	1
3000429	173401	1
3000430	173401	1
3000431	466460	1
3000432	466460	1
3000433	205232	1
3000434	205232	1
3000435	153244	1
3000436	153244	1
3000437	153244	1
3000438	438714	1
3000439	438714	1
3000440	438714	1
3000441	395980	1
3000442	395980	1
3000443	380800	1
3000444	380800	1
3000445	126965	1
3000446	126965	1
3000447	457497	1
3000448	457497	1
3000449	457497	1
3000450	457497	1
3000451	145548	1
3000452	157765	1
3000453	157765	1
3000454	415134	1
3000455	415134	1
3000456	415134	1
3000457	231254	1
3000458	231254	1
3000459	231254	1
3000460	383538	1
3000461	374100	1
3000462	374100	1
3000463	43310	1
3000464	43310	1
3000465	43310	1
3000466	134980	1
3000467	134980	1
3000468	134980	1
3000469	482433	1
3000470	482433	1
3000471	311436	1
3000472	311436	1
3000473	311436	1
3000474	190601	1
3000475	280822	1
3000476	280822	1
3000477	280822	1
3000478	6603	1
3000479	6603	1
3000480	6603	1
3000481	567834	1
3000482	567834	1
3000483	567834	1
3000484	567834	1
3000485	557137	1
3000486	557137	1
3000487	557137	1
3000488	592920	1
3000489	592920	1
3000490	592920	1
3000491	429361	1
3000492	429361	1
3000493	429361	1
3000494	523674	1
3000495	523674	1
3000496	215099	1
3000497	215099	1
3000498	215099	1
3000499	590728	1
3000500	590728	1
3000501	278801	1
3000502	278801	1
3000503	27386	1
3000504	221033	1
3000505	221033	1
3000506	221033	1
3000507	519974	1
3000508	519974	1
3000509	519974	1
3000510	333034	1
3000511	333034	1
3000512	169742	1
3000513	594233	1
3000514	594233	1
3000515	38747	1
3000516	38747	1
3000517	38747	1
3000518	408966	1
3000519	408966	1
3000520	249083	1
3000521	329202	1
3000522	329202	1
3000523	329202	1
3000524	176367	1
3000525	176367	1
3000526	176367	1
3000527	283421	1
3000528	283421	1
3000529	283421	1
3000530	66260	1
3000531	320118	1
3000532	320118	1
3000533	320118	1
3000534	166064	1
3000535	166064	1
3000536	166064	1
3000537	167756	1
3000538	25731	1
3000539	25731	1
3000540	523430	1
3000541	523430	1
3000542	270396	1
3000543	270396	1
3000544	270396	1
3000545	27888	1
3000546	311691	1
3000547	276073	1
3000548	276073	1
3000549	285938	1
3000550	285938	1
3000551	384658	1
3000552	598646	1
3000553	598646	1
3000554	598646	1
3000555	522248	1
3000556	522248	1
3000557	306104	1
3000558	474787	1
3000559	474787	1
3000560	474787	1
3000561	599043	1
3000562	337305	1
3000563	232415	1
3000564	488071	1
3000565	488071	1
3000566	488071	1
3000567	406958	1
3000568	583585	1
3000569	583585	1
3000570	583585	1
3000571	106281	1
3000572	106281	1
3000573	106281	1
3000574	103795	1
3000575	103795	1
3000576	102549	1
3000577	60507	1
3000578	60507	1
3000579	544995	1
3000580	544995	1
3000581	544995	1
3000582	156706	1
3000583	477118	1
3000584	477118	1
3000585	39561	1
3000586	39561	1
3000587	249839	1
3000588	249839	1
3000589	104172	1
3000590	104172	1
3000591	104172	1
3000592	223411	1
3000593	223411	1
3000594	308307	1
3000595	308307	1
3000596	122946	1
3000597	122946	1
3000598	36917	1
3000599	36917	1
3000600	68645	1
3000601	68645	1
3000602	519290	1
3000603	519290	1
3000604	572685	1
3000605	480051	1
3000606	480051	1
3000607	480051	1
3000608	480051	1
3000609	304076	1
3000610	395800	1
3000611	395800	1
3000612	508826	1
3000613	508826	1
3000614	508826	1
3000615	228035	1
3000616	228035	1
3000617	228035	1
3000618	241704	1
3000619	241704	1
3000620	491644	1
3000621	491644	1
3000622	119211	1
3000623	251183	1
3000624	251183	1
3000625	97928	1
3000626	272076	1
3000627	272076	1
3000628	239046	1
3000629	239046	1
3000630	239046	1
3000631	102236	1
3000632	102236	1
3000633	102236	1
3000634	419915	1
3000635	419915	1
3000636	126219	1
3000637	126219	1
3000638	431096	1
3000639	431096	1
3000640	223697	1
3000641	223697	1
3000642	389647	1
3000643	389647	1
3000644	360688	1
3000645	360688	1
3000646	465430	1
3000647	465430	1
3000648	465430	1
3000649	1852	1
3000650	1852	1
3000651	505379	1
3000652	505379	1
3000653	18772	1
3000654	18772	1
3000655	503586	1
3000656	575061	1
3000657	575061	1
3000658	575061	1
3000659	470475	1
3000660	470475	1
3000661	503188	1
3000662	503188	1
3000663	114304	1
3000664	114304	1
3000665	180753	1
3000666	180753	1
3000667	74567	1
3000668	74567	1
3000669	98701	1
3000670	98701	1
3000671	365847	1
3000672	365847	1
3000673	205737	1
3000674	205737	1
3000675	205737	1
3000676	547932	1
3000677	547932	1
3000678	299153	1
3000679	299153	1
3000680	37911	1
3000681	37911	1
3000682	37911	1
3000683	4910	1
3000684	4910	1
3000685	128470	1
3000686	128470	1
3000687	128470	1
3000688	10219	1
3000689	10219	1
3000690	256381	1
3000691	256381	1
3000692	256381	1
3000693	582626	1
3000694	582626	1
3000695	92704	1
3000696	92704	1
3000697	283113	1
3000698	283113	1
3000699	160923	1
3000700	160923	1
3000701	119952	1
3000702	268966	1
3000703	268966	1
3000704	226850	1
3000705	110243	1
3000706	110243	1
3000707	110243	1
3000708	490444	1
3000709	490444	1
3000710	218406	1
3000711	218406	1
3000712	336661	1
3000713	336661	1
3000714	29590	1
3000715	29590	1
3000716	125918	1
3000717	125918	1
3000718	483979	1
3000719	483979	1
3000720	483979	1
3000721	346009	1
3000722	346009	1
3000723	346009	1
3000724	198063	1
3000725	198063	1
3000726	198063	1
3000727	306138	1
3000728	306138	1
3000729	306138	1
3000730	403709	1
3000731	403709	1
3000732	403709	1
3000733	184583	1
3000734	184583	1
3000735	184583	1
3000736	222870	1
3000737	185750	1
3000738	185750	1
3000739	185750	1
3000740	214457	1
3000741	214457	1
3000742	214457	1
3000743	454919	1
3000744	414443	1
3000745	414443	1
3000746	387521	1
3000747	387521	1
3000748	387521	1
3000749	27466	1
3000750	27466	1
3000751	185054	1
3000752	449689	1
3000753	449689	1
3000754	208073	1
3000755	208073	1
3000756	24064	1
3000757	118989	1
3000758	61350	1
3000759	355597	1
3000760	355597	1
3000761	551000	1
3000762	551000	1
3000763	551000	1
3000764	586043	1
3000765	586043	1
3000766	441074	1
3000767	441074	1
3000768	441074	1
3000769	37561	1
3000770	37561	1
3000771	37561	1
3000772	117251	1
3000773	117251	1
3000774	117251	1
3000775	115207	1
3000776	115207	1
3000777	295135	1
3000778	295135	1
3000779	295135	1
3000780	577472	1
3000781	577472	1
3000782	577472	1
3000783	80141	1
3000784	80141	1
3000785	80141	1
3000786	242013	1
3000787	242013	1
3000788	242013	1
3000789	119374	1
3000790	119374	1
3000791	119374	1
3000792	352154	1
3000793	352154	1
3000794	352154	1
3000795	499125	1
3000796	517652	1
3000797	517652	1
3000798	517652	1
3000799	485394	1
3000800	329062	1
3000801	329062	1
3000802	420254	1
3000803	161428	1
3000804	161428	1
3000805	438801	1
3000806	234452	1
3000807	278616	1
3000808	278616	1
3000809	380800	1
3000810	380800	1
3000811	380800	1
3000812	578946	1
3000813	578946	1
3000814	578946	1
3000815	124892	1
3000816	124892	1
3000817	570071	1
3000818	570071	1
3000819	570071	1
3000820	522411	1
3000821	522411	1
3000822	165503	1
3000823	481785	1
3000824	481785	1
3000825	489423	1
3000826	489423	1
3000827	227023	1
3000828	227023	1
3000829	227023	1
3000830	35777	1
3000831	35777	1
3000832	35777	1
3000833	312820	1
3000834	312820	1
3000835	312820	1
3000836	45984	1
3000837	545847	1
3000838	555141	1
3000839	555141	1
3000840	412673	1
3000841	412673	1
3000842	185973	1
3000843	185973	1
3000844	143682	1
3000845	143682	1
3000846	27771	1
3000847	27771	1
3000848	27771	1
3000849	516867	1
3000850	516867	1
3000851	114099	1
3000852	114099	1
3000853	572612	1
3000854	341837	1
3000855	341837	1
3000856	588274	1
3000857	588274	1
3000858	526155	1
3000859	526155	1
3000860	469487	1
3000861	469487	1
3000862	441920	1
3000863	441920	1
3000864	274846	1
3000865	274846	1
3000866	331100	1
3000867	331100	1
3000868	582607	1
3000869	484799	1
3000870	484799	1
3000871	484799	1
3000872	126700	1
3000873	414852	1
3000874	414852	1
3000875	414852	1
3000876	563257	1
3000877	563257	1
3000878	484560	1
3000879	540618	1
3000880	540618	1
3000881	327962	1
3000882	327962	1
3000883	229276	1
3000884	229276	1
3000885	229276	1
3000886	153528	1
3000887	484875	1
3000888	477720	1
3000889	560381	1
3000890	560381	1
3000891	560381	1
3000892	86632	1
3000893	86632	1
3000894	86632	1
3000895	338931	1
3000896	338931	1
3000897	338931	1
3000898	591319	1
3000899	591319	1
3000900	327345	1
3000901	327345	1
3000902	249196	1
3000903	249196	1
3000904	249196	1
3000905	533846	1
3000906	394952	1
3000907	115416	1
3000908	130649	1
3000909	130649	1
3000910	130649	1
3000911	352332	1
3000912	34395	1
3000913	34395	1
3000914	34395	1
3000915	34395	1
3000916	226600	1
3000917	426006	1
3000918	426006	1
3000919	237911	1
3000920	237911	1
3000921	317781	1
3000922	317781	1
3000923	123763	1
3000924	522510	1
3000925	522510	1
3000926	522510	1
3000927	330116	1
3000928	330116	1
3000929	330116	1
3000930	22849	1
3000931	22849	1
3000932	22849	1
3000933	453312	1
3000934	453312	1
3000935	453312	1
3000936	101341	1
3000937	101341	1
3000938	411655	1
3000939	22107	1
3000940	22107	1
3000941	144301	1
3000942	330917	1
3000943	323255	1
3000944	323255	1
3000945	287711	1
3000946	287711	1
3000947	563554	1
3000948	254070	1
3000949	254070	1
3000950	497568	1
3000951	497568	1
3000952	47188	1
3000953	591608	1
3000954	591608	1
3000955	591608	1
3000956	241866	1
3000957	241866	1
3000958	354522	1
3000959	354522	1
3000960	291666	1
3000961	291666	1
3000962	291666	1
3000963	202979	1
3000964	187321	1
3000965	416683	1
3000966	176061	1
3000967	176061	1
3000968	176061	1
3000969	292664	1
3000970	437169	1
3000971	437169	1
3000972	519359	1
3000973	519359	1
3000974	519359	1
3000975	391470	1
3000976	391470	1
3000977	535818	1
3000978	535818	1
3000979	15564	1
3000980	15564	1
3000981	39526	1
3000982	39526	1
3000983	39526	1
3000984	554774	1
3000985	124819	1
3000986	124819	1
3000987	124819	1
3000988	124819	1
3000989	455984	1
3000990	455984	1
3000991	595176	1
3000992	474815	1
3000993	474815	1
3000994	346199	1
3000995	346199	1
3000996	346199	1
3000997	346199	1
3000998	161724	1
3000999	161724	1
3001000	161724	1
3001001	161724	1
3001002	545303	1
3001003	545303	1
3001004	545303	1
3001005	545303	1
3001006	595187	1
3001007	6595	1
3001008	6595	1
3001009	287999	1
3001010	287999	1
3001011	287999	1
3001012	287999	1
3001013	423873	1
3001014	423873	1
3001015	423873	1
3001016	400845	1
3001017	400845	1
3001018	465332	1
3001019	465332	1
3001020	465332	1
3001021	463756	1
3001022	463756	1
3001023	568444	1
3001024	108624	1
3001025	108624	1
3001026	156240	1
3001027	156240	1
3001028	520182	1
3001029	520182	1
3001030	75844	1
3001031	381120	1
3001032	461953	1
3001033	461953	1
3001034	382587	1
3001035	382587	1
3001036	56907	1
3001037	481342	1
3001038	481342	1
3001039	481342	1
3001040	557355	1
3001041	260695	1
3001042	482036	1
3001043	482036	1
3001044	482036	1
3001045	494340	1
3001046	146650	1
3001047	146650	1
3001048	326290	1
3001049	476893	1
3001050	476893	1
3001051	476893	1
3001052	214000	1
3001053	166896	1
3001054	166896	1
3001055	104955	1
3001056	104955	1
3001057	104955	1
3001058	496388	1
3001059	496388	1
3001060	496388	1
3001061	310263	1
3001062	310263	1
3001063	27273	1
3001064	27273	1
3001065	244192	1
3001066	244192	1
3001067	141332	1
3001068	141332	1
3001069	31144	1
3001070	270420	1
3001071	270420	1
3001072	237517	1
3001073	237517	1
3001074	463335	1
3001075	463335	1
3001076	430769	1
3001077	165606	1
3001078	165606	1
3001079	123990	1
3001080	123990	1
3001081	558280	1
3001082	558280	1
3001083	558280	1
3001084	435645	1
3001085	435645	1
3001086	354953	1
3001087	354953	1
3001088	277802	1
3001089	277802	1
3001090	277802	1
3001091	556187	1
3001092	325577	1
3001093	325577	1
3001094	325577	1
3001095	580376	1
3001096	580376	1
3001097	580376	1
3001098	562201	1
3001099	562201	1
3001100	562201	1
3001101	176547	1
3001102	176547	1
3001103	176547	1
3001104	152618	1
3001105	152618	1
3001106	152618	1
3001107	550166	1
3001108	268747	1
3001109	304780	1
3001110	304780	1
3001111	193568	1
3001112	193568	1
3001113	193568	1
3001114	440495	1
3001115	440495	1
3001116	370121	1
3001117	186451	1
3001118	186451	1
3001119	186451	1
3001120	186451	1
3001121	554576	1
3001122	201812	1
3001123	201812	1
3001124	227072	1
3001125	227072	1
3001126	212471	1
3001127	212471	1
3001128	595773	1
3001129	207491	1
3001130	207491	1
3001131	300884	1
3001132	300884	1
3001133	254962	1
3001134	254962	1
3001135	254962	1
3001136	377156	1
3001137	377156	1
3001138	532379	1
3001139	532379	1
3001140	371116	1
3001141	371116	1
3001142	68325	1
3001143	68325	1
3001144	475984	1
3001145	475984	1
3001146	475984	1
3001147	132154	1
3001148	417825	1
3001149	417825	1
3001150	417825	1
3001151	569135	1
3001152	569135	1
3001153	382601	1
3001154	382601	1
3001155	170752	1
3001156	170752	1
3001157	446070	1
3001158	267204	1
3001159	267204	1
3001160	308313	1
3001161	308313	1
3001162	220703	1
3001163	220703	1
3001164	220703	1
3001165	516991	1
3001166	516991	1
3001167	516991	1
3001168	382282	1
3001169	382282	1
3001170	214669	1
3001171	47344	1
3001172	47344	1
3001173	388081	1
3001174	388081	1
3001175	472447	1
3001176	472447	1
3001177	257291	1
3001178	232263	1
3001179	315573	1
3001180	491456	1
3001181	491456	1
3001182	113145	1
3001183	113145	1
3001184	247778	1
3001185	19986	1
3001186	19986	1
3001187	19986	1
3001188	574025	1
3001189	574025	1
3001190	433900	1
3001191	433900	1
3001192	552256	1
3001193	552256	1
3001194	343674	1
3001195	24375	1
3001196	24375	1
3001197	24375	1
3001198	261817	1
3001199	261817	1
3001200	261817	1
3001201	261817	1
3001202	450885	1
3001203	450885	1
3001204	450885	1
3001205	450885	1
3001206	315847	1
3001207	155586	1
3001208	446099	1
3001209	446099	1
3001210	42686	1
3001211	42686	1
3001212	412404	1
3001213	412404	1
3001214	412404	1
3001215	269689	1
3001216	269689	1
3001217	259152	1
3001218	356027	1
3001219	444085	1
3001220	444085	1
3001221	444085	1
3001222	444085	1
3001223	11927	1
3001224	11927	1
3001225	555173	1
3001226	555173	1
3001227	460648	1
3001228	170054	1
3001229	190867	1
3001230	232425	1
3001231	232425	1
3001232	379443	1
3001233	379443	1
3001234	337511	1
3001235	337511	1
3001236	337638	1
3001237	206656	1
3001238	206656	1
3001239	340211	1
3001240	340211	1
3001241	486555	1
3001242	486555	1
3001243	446519	1
3001244	446519	1
3001245	446519	1
3001246	446519	1
3001247	570808	1
3001248	570808	1
3001249	570808	1
3001250	570808	1
3001251	376170	1
3001252	376170	1
3001253	376170	1
3001254	363631	1
3001255	363631	1
3001256	558800	1
3001257	558800	1
3001258	558800	1
3001259	70078	1
3001260	70078	1
3001261	296781	1
3001262	454916	1
3001263	454916	1
3001264	454916	1
3001265	219665	1
3001266	219665	1
3001267	219665	1
3001268	544745	1
3001269	544745	1
3001270	544745	1
3001271	544745	1
3001272	8764	1
3001273	8764	1
3001274	410990	1
3001275	184689	1
3001276	184689	1
3001277	561226	1
3001278	561226	1
3001279	107348	1
3001280	107348	1
3001281	23725	1
3001282	23725	1
3001283	23725	1
3001284	83583	1
3001285	83583	1
3001286	83583	1
3001287	104389	1
3001288	171428	1
3001289	171428	1
3001290	171428	1
3001291	460494	1
3001292	460494	1
3001293	460494	1
3001294	489023	1
3001295	375771	1
3001296	375771	1
3001297	375771	1
3001298	335889	1
3001299	335889	1
3001300	391416	1
3001301	391416	1
3001302	391416	1
3001303	263841	1
3001304	263841	1
3001305	183237	1
3001306	183237	1
3001307	584232	1
3001308	584232	1
3001309	27986	1
3001310	27986	1
3001311	27986	1
3001312	270256	1
3001313	270256	1
3001314	354858	1
3001315	303202	1
3001316	303202	1
3001317	303202	1
3001318	56028	1
3001319	291080	1
3001320	291080	1
3001321	337305	1
3001322	337305	1
3001323	464821	1
3001324	464821	1
3001325	464821	1
3001326	80285	1
3001327	80285	1
3001328	80285	1
3001329	340698	1
3001330	340698	1
3001331	124458	1
3001332	124458	1
3001333	398884	1
3001334	263992	1
3001335	263992	1
3001336	45094	1
3001337	45094	1
3001338	409383	1
3001339	497960	1
3001340	497960	1
3001341	420048	1
3001342	34004	1
3001343	34004	1
3001344	34004	1
3001345	176820	1
3001346	176820	1
3001347	176820	1
3001348	176820	1
3001349	179536	1
3001350	262727	1
3001351	262727	1
3001352	479972	1
3001353	479972	1
3001354	479972	1
3001355	405858	1
3001356	405858	1
3001357	113098	1
3001358	102917	1
3001359	102917	1
3001360	543792	1
3001361	543792	1
3001362	475912	1
3001363	475912	1
3001364	475912	1
3001365	153097	1
3001366	153097	1
3001367	414598	1
3001368	291526	1
3001369	159344	1
3001370	209826	1
3001371	209826	1
3001372	209826	1
3001373	209826	1
3001374	235300	1
3001375	235300	1
3001376	356452	1
3001377	356452	1
3001378	356452	1
3001379	565517	1
3001380	400779	1
3001381	400779	1
3001382	506627	1
3001383	506627	1
3001384	506627	1
3001385	266528	1
3001386	266528	1
3001387	266528	1
3001388	108546	1
3001389	208135	1
3001390	208135	1
3001391	208135	1
3001392	545533	1
3001393	545533	1
3001394	278324	1
3001395	278324	1
3001396	278324	1
3001397	205555	1
3001398	205555	1
3001399	205555	1
3001400	357827	1
3001401	357827	1
3001402	318626	1
3001403	318626	1
3001404	318626	1
3001405	339269	1
3001406	339269	1
3001407	8652	1
3001408	247647	1
3001409	247647	1
3001410	43747	1
3001411	39258	1
3001412	39258	1
3001413	39258	1
3001414	309398	1
3001415	476818	1
3001416	476818	1
3001417	8119	1
3001418	8119	1
3001419	589616	1
3001420	589616	1
3001421	589616	1
3001422	269406	1
3001423	269406	1
3001424	250466	1
3001425	475455	1
3001426	475455	1
3001427	159509	1
3001428	159509	1
3001429	159509	1
3001430	585631	1
3001431	585631	1
3001432	35342	1
3001433	309333	1
3001434	309333	1
3001435	309333	1
3001436	424720	1
3001437	462463	1
3001438	181880	1
3001439	181880	1
3001440	183654	1
3001441	183654	1
3001442	59843	1
3001443	59843	1
3001444	587827	1
3001445	587827	1
3001446	587827	1
3001447	587827	1
3001448	318741	1
3001449	318741	1
3001450	396510	1
3001451	396510	1
3001452	396510	1
3001453	396510	1
3001454	399673	1
3001455	261931	1
3001456	348738	1
3001457	348738	1
3001458	51585	1
3001459	51585	1
3001460	51585	1
3001461	10908	1
3001462	10908	1
3001463	10908	1
3001464	10908	1
3001465	276792	1
3001466	276792	1
3001467	363379	1
3001468	197698	1
3001469	197698	1
3001470	197698	1
3001471	119507	1
3001472	119507	1
3001473	119507	1
3001474	335352	1
3001475	335352	1
3001476	100403	1
3001477	563884	1
3001478	563884	1
3001479	563884	1
3001480	125079	1
3001481	303069	1
3001482	303069	1
3001483	332194	1
3001484	332194	1
3001485	332194	1
3001486	133413	1
3001487	133413	1
3001488	133413	1
3001489	283692	1
3001490	283692	1
3001491	86193	1
3001492	86193	1
3001493	319386	1
3001494	319386	1
3001495	319386	1
3001496	319386	1
3001497	296572	1
3001498	296572	1
3001499	324197	1
3001500	324197	1
3001501	324197	1
3001502	490719	1
3001503	490719	1
3001504	167982	1
3001505	167982	1
3001506	275418	1
3001507	275418	1
3001508	275418	1
3001509	1532	1
3001510	241660	1
3001511	241660	1
3001512	547259	1
3001513	397543	1
3001514	397543	1
3001515	397543	1
3001516	397543	1
3001517	45776	1
3001518	367974	1
3001519	367974	1
3001520	54118	1
3001521	54118	1
3001522	356276	1
3001523	356276	1
3001524	356276	1
3001525	19781	1
3001526	19781	1
3001527	171631	1
3001528	18362	1
3001529	18362	1
3001530	416000	1
3001531	416000	1
3001532	86962	1
3001533	86962	1
3001534	86962	1
3001535	86962	1
3001536	366346	1
3001537	366346	1
3001538	364988	1
3001539	518983	1
3001540	511670	1
3001541	511670	1
3001542	511670	1
3001543	302036	1
3001544	52522	1
3001545	52522	1
3001546	52522	1
3001547	376403	1
3001548	376403	1
3001549	114681	1
3001550	244079	1
3001551	474210	1
3001552	377922	1
3001553	400395	1
3001554	78599	1
3001555	78599	1
3001556	48267	1
3001557	130934	1
3001558	130934	1
3001559	130934	1
3001560	108656	1
3001561	108656	1
3001562	108656	1
3001563	234475	1
3001564	343258	1
3001565	240042	1
3001566	240042	1
3001567	240042	1
3001568	582795	1
3001569	82910	1
3001570	82910	1
3001571	117778	1
3001572	117778	1
3001573	117778	1
3001574	502047	1
3001575	502047	1
3001576	547925	1
3001577	547925	1
3001578	80220	1
3001579	15195	1
3001580	409266	1
3001581	121408	1
3001582	121408	1
3001583	48866	1
3001584	48866	1
3001585	48866	1
3001586	233546	1
3001587	233546	1
3001588	233546	1
3001589	234561	1
3001590	106310	1
3001591	106310	1
3001592	123027	1
3001593	123027	1
3001594	123027	1
3001595	72217	1
3001596	109690	1
3001597	109690	1
3001598	294997	1
3001599	294997	1
3001600	448526	1
3001601	282239	1
3001602	157972	1
3001603	157972	1
3001604	157972	1
3001605	157972	1
3001606	33376	1
3001607	33376	1
3001608	285812	1
3001609	285812	1
3001610	108132	1
3001611	108132	1
3001612	108132	1
3001613	108132	1
3001614	115916	1
3001615	100927	1
3001616	100927	1
3001617	419743	1
3001618	218257	1
3001619	218257	1
3001620	218257	1
3001621	6731	1
3001622	6731	1
3001623	372202	1
3001624	444355	1
3001625	444355	1
3001626	459820	1
3001627	459820	1
3001628	411021	1
3001629	411021	1
3001630	411021	1
3001631	287573	1
3001632	287573	1
3001633	484043	1
3001634	484043	1
3001635	484043	1
3001636	484043	1
3001637	171746	1
3001638	171746	1
3001639	518394	1
3001640	518394	1
3001641	518394	1
3001642	518394	1
3001643	402314	1
3001644	402314	1
3001645	402314	1
3001646	482373	1
3001647	329209	1
3001648	329209	1
3001649	497887	1
3001650	497887	1
3001651	497887	1
3001652	323741	1
3001653	323741	1
3001654	323741	1
3001655	323741	1
3001656	595383	1
3001657	595383	1
3001658	595383	1
3001659	274145	1
3001660	274145	1
3001661	13220	1
3001662	340680	1
3001663	340680	1
3001664	30874	1
3001665	333113	1
3001666	333113	1
3001667	333113	1
3001668	312752	1
3001669	312752	1
3001670	45930	1
3001671	299840	1
3001672	4863	1
3001673	4863	1
3001674	4863	1
3001675	181812	1
3001676	181812	1
3001677	181812	1
3001678	181812	1
3001679	560686	1
3001680	25330	1
3001681	25330	1
3001682	29535	1
3001683	578981	1
3001684	501690	1
3001685	501690	1
3001686	501690	1
3001687	141430	1
3001688	503427	1
3001689	388215	1
3001690	388215	1
3001691	313171	1
3001692	475632	1
3001693	513185	1
3001694	513185	1
3001695	513185	1
3001696	328026	1
3001697	334338	1
3001698	334338	1
3001699	328215	1
3001700	79979	1
3001701	79979	1
3001702	319189	1
3001703	254280	1
3001704	254280	1
3001705	254280	1
3001706	254280	1
3001707	549490	1
3001708	549490	1
3001709	520080	1
3001710	520080	1
3001711	2562	1
3001712	361637	1
3001713	361637	1
3001714	361637	1
3001715	591825	1
3001716	591825	1
3001717	88283	1
3001718	88283	1
3001719	88283	1
3001720	577442	1
3001721	248128	1
3001722	185054	1
3001723	185054	1
3001724	185054	1
3001725	536018	1
3001726	536018	1
3001727	211116	1
3001728	211116	1
3001729	129754	1
3001730	494949	1
3001731	494949	1
3001732	170915	1
3001733	170915	1
3001734	343760	1
3001735	343760	1
3001736	343760	1
3001737	521010	1
3001738	521010	1
3001739	521010	1
3001740	442992	1
3001741	291836	1
3001742	291836	1
3001743	398335	1
3001744	407369	1
3001745	407369	1
3001746	216600	1
3001747	216600	1
3001748	216600	1
3001749	252825	1
3001750	182226	1
3001751	16543	1
3001752	16543	1
3001753	16543	1
3001754	150410	1
3001755	150410	1
3001756	150410	1
3001757	21376	1
3001758	21376	1
3001759	449696	1
3001760	449696	1
3001761	465806	1
3001762	181047	1
3001763	61131	1
3001764	154169	1
3001765	512282	1
3001766	97722	1
3001767	97722	1
3001768	415629	1
3001769	415629	1
3001770	415629	1
3001771	330634	1
3001772	330634	1
3001773	202410	1
3001774	202410	1
3001775	202410	1
3001776	464271	1
3001777	464271	1
3001778	464271	1
3001779	407566	1
3001780	407566	1
3001781	83230	1
3001782	205075	1
3001783	205075	1
3001784	205075	1
3001785	95729	1
3001786	475429	1
3001787	475429	1
3001788	422597	1
3001789	422597	1
3001790	37194	1
3001791	37194	1
3001792	37194	1
3001793	95775	1
3001794	95775	1
3001795	95775	1
3001796	390635	1
3001797	220216	1
3001798	220216	1
3001799	220134	1
3001800	7818	1
3001801	7818	1
3001802	7818	1
3001803	332153	1
3001804	332153	1
3001805	332153	1
3001806	265108	1
3001807	584346	1
3001808	584346	1
3001809	37632	1
3001810	37632	1
3001811	538349	1
3001812	538349	1
3001813	538349	1
3001814	149949	1
3001815	343961	1
3001816	142696	1
3001817	61077	1
3001818	61077	1
3001819	593826	1
3001820	56206	1
3001821	56206	1
3001822	56206	1
3001823	568745	1
3001824	568745	1
3001825	355717	1
3001826	355717	1
3001827	36517	1
3001828	36517	1
3001829	489070	1
3001830	489070	1
3001831	489070	1
3001832	141579	1
3001833	141579	1
3001834	345758	1
3001835	345758	1
3001836	70698	1
3001837	143969	1
3001838	63427	1
3001839	75176	1
3001840	75176	1
3001841	120949	1
3001842	120949	1
3001843	120949	1
3001844	200876	1
3001845	200876	1
3001846	200876	1
3001847	549223	1
3001848	549223	1
3001849	340187	1
3001850	340187	1
3001851	233997	1
3001852	296638	1
3001853	296638	1
3001854	513446	1
3001855	465895	1
3001856	465895	1
3001857	192614	1
3001858	192614	1
3001859	192614	1
3001860	121023	1
3001861	121023	1
3001862	121023	1
3001863	121023	1
3001864	260593	1
3001865	260593	1
3001866	260593	1
3001867	260593	1
3001868	394600	1
3001869	394600	1
3001870	394600	1
3001871	439142	1
3001872	439142	1
3001873	439142	1
3001874	439142	1
3001875	420314	1
3001876	420314	1
3001877	420314	1
3001878	420314	1
3001879	572579	1
3001880	572579	1
3001881	378681	1
3001882	289010	1
3001883	407869	1
3001884	407869	1
3001885	407869	1
3001886	407869	1
3001887	273625	1
3001888	273625	1
3001889	300280	1
3001890	211143	1
3001891	326243	1
3001892	326243	1
3001893	479010	1
3001894	537687	1
3001895	415419	1
3001896	415419	1
3001897	486102	1
3001898	117237	1
3001899	506401	1
3001900	506401	1
3001901	590209	1
3001902	590209	1
3001903	590209	1
3001904	592805	1
3001905	592805	1
3001906	592805	1
3001907	243853	1
3001908	243853	1
3001909	243853	1
3001910	566894	1
3001911	560340	1
3001912	245202	1
3001913	245202	1
3001914	522027	1
3001915	522027	1
3001916	310875	1
3001917	345122	1
3001918	345122	1
3001919	145569	1
3001920	145569	1
3001921	427814	1
3001922	427814	1
3001923	358295	1
3001924	358295	1
3001925	75522	1
3001926	75522	1
3001927	275935	1
3001928	184307	1
3001929	80211	1
3001930	481137	1
3001931	220710	1
3001932	220710	1
3001933	220710	1
3001934	220710	1
3001935	241764	1
3001936	180407	1
3001937	205866	1
3001938	205866	1
3001939	122879	1
3001940	265283	1
3001941	265283	1
3001942	14691	1
3001943	446399	1
3001944	446399	1
3001945	446399	1
3001946	320853	1
3001947	320853	1
3001948	320853	1
3001949	288968	1
3001950	288968	1
3001951	516817	1
3001952	516817	1
3001953	516817	1
3001954	41884	1
3001955	41884	1
3001956	550471	1
3001957	550471	1
3001958	550471	1
3001959	437738	1
3001960	437738	1
3001961	71978	1
3001962	71978	1
3001963	312069	1
3001964	312069	1
3001965	312069	1
3001966	267070	1
3001967	521349	1
3001968	314612	1
3001969	314612	1
3001970	332490	1
3001971	332490	1
3001972	266111	1
3001973	266111	1
3001974	266111	1
3001975	266111	1
3001976	27752	1
3001977	27752	1
3001978	27752	1
3001979	369288	1
3001980	369288	1
3001981	135688	1
3001982	537102	1
3001983	537102	1
3001984	537102	1
3001985	537102	1
3001986	590151	1
3001987	590151	1
3001988	590151	1
3001989	540112	1
3001990	540112	1
3001991	58877	1
3001992	58877	1
3001993	122934	1
3001994	184255	1
3001995	184255	1
3001996	500659	1
3001997	500659	1
3001998	500659	1
3001999	492738	1
3002000	492738	1
3002001	492738	1
3002002	137228	1
3002003	417734	1
3002004	178917	1
3002005	178917	1
3002006	592676	1
3002007	263120	1
3002008	263120	1
3002009	216887	1
3002010	556493	1
3002011	245784	1
3002012	376501	1
3002013	376501	1
3002014	376501	1
3002015	442537	1
3002016	442537	1
3002017	362753	1
3002018	362753	1
3002019	544402	1
3002020	544402	1
3002021	544402	1
3002022	533846	1
3002023	533846	1
3002024	141454	1
3002025	120701	1
3002026	120701	1
3002027	120701	1
3002028	82578	1
3002029	82578	1
3002030	3092	1
3002031	351405	1
3002032	320118	1
3002033	342833	1
3002034	342833	1
3002035	342833	1
3002036	342833	1
3002037	230734	1
3002038	230734	1
3002039	505238	1
3002040	505238	1
3002041	505238	1
3002042	287192	1
3002043	287192	1
3002044	287192	1
3002045	397313	1
3002046	327877	1
3002047	327877	1
3002048	327877	1
3002049	472525	1
3002050	472525	1
3002051	172864	1
3002052	172864	1
3002053	434868	1
3002054	434868	1
3002055	34550	1
3002056	557571	1
3002057	557571	1
3002058	27495	1
3002059	236704	1
3002060	236704	1
3002061	236704	1
3002062	189120	1
3002063	189120	1
3002064	487280	1
3002065	487280	1
3002066	487280	1
3002067	508793	1
3002068	508793	1
3002069	175556	1
3002070	111574	1
3002071	111574	1
3002072	111574	1
3002073	276671	1
3002074	276671	1
3002075	318612	1
3002076	55540	1
3002077	55540	1
3002078	412623	1
3002079	437365	1
3002080	588791	1
3002081	588791	1
3002082	131595	1
3002083	131595	1
3002084	399290	1
3002085	399290	1
3002086	309464	1
3002087	309464	1
3002088	301171	1
3002089	301171	1
3002090	301171	1
3002091	83370	1
3002092	162592	1
3002093	162592	1
3002094	473865	1
3002095	473865	1
3002096	537094	1
3002097	537094	1
3002098	199066	1
3002099	199066	1
3002100	354511	1
3002101	354511	1
3002102	567749	1
3002103	567749	1
3002104	567749	1
3002105	5981	1
3002106	134441	1
3002107	134441	1
3002108	134441	1
3002109	134441	1
3002110	248309	1
3002111	324786	1
3002112	3426	1
3002113	3426	1
3002114	291278	1
3002115	291278	1
3002116	304999	1
3002117	304999	1
3002118	304999	1
3002119	483273	1
3002120	483273	1
3002121	564449	1
3002122	564449	1
3002123	564449	1
3002124	228602	1
3002125	195439	1
3002126	195439	1
3002127	323225	1
3002128	486795	1
3002129	424841	1
3002130	424841	1
3002131	315834	1
3002132	315834	1
3002133	322149	1
3002134	322149	1
3002135	322149	1
3002136	138979	1
3002137	138979	1
3002138	228137	1
3002139	228137	1
3002140	228137	1
3002141	228137	1
3002142	452672	1
3002143	31340	1
3002144	568868	1
3002145	292882	1
3002146	292882	1
3002147	292882	1
3002148	312692	1
3002149	312692	1
3002150	312692	1
3002151	201865	1
3002152	170613	1
3002153	170613	1
3002154	102291	1
3002155	102291	1
3002156	241825	1
3002157	241825	1
3002158	378424	1
3002159	378424	1
3002160	342314	1
3002161	342314	1
3002162	477374	1
3002163	374523	1
3002164	37698	1
3002165	37698	1
3002166	450659	1
3002167	450659	1
3002168	450659	1
3002169	92204	1
3002170	92204	1
3002171	244442	1
3002172	244442	1
3002173	456927	1
3002174	402982	1
3002175	402982	1
3002176	402982	1
3002177	246394	1
3002178	456856	1
3002179	456856	1
3002180	423505	1
3002181	423505	1
3002182	423505	1
3002183	501002	1
3002184	547218	1
3002185	547218	1
3002186	547218	1
3002187	353092	1
3002188	289424	1
3002189	255171	1
3002190	255171	1
3002191	36945	1
3002192	36945	1
3002193	79948	1
3002194	49624	1
3002195	49624	1
3002196	527407	1
3002197	527407	1
3002198	261492	1
3002199	261492	1
3002200	409542	1
3002201	409542	1
3002202	194654	1
3002203	597650	1
3002204	597650	1
3002205	438487	1
3002206	523156	1
3002207	480206	1
3002208	480206	1
3002209	480206	1
3002210	448691	1
3002211	448691	1
3002212	438588	1
3002213	438588	1
3002214	593270	1
3002215	593270	1
3002216	87361	1
3002217	87361	1
3002218	221033	1
3002219	221033	1
3002220	268855	1
3002221	290711	1
3002222	290711	1
3002223	298716	1
3002224	316250	1
3002225	521540	1
3002226	521540	1
3002227	457202	1
3002228	143114	1
3002229	143114	1
3002230	41627	1
3002231	41627	1
3002232	374625	1
3002233	374625	1
3002234	478290	1
3002235	478290	1
3002236	485860	1
3002237	485860	1
3002238	485860	1
3002239	294527	1
3002240	294527	1
3002241	132138	1
3002242	132138	1
3002243	405287	1
3002244	50346	1
3002245	252039	1
3002246	252039	1
3002247	252039	1
3002248	252039	1
3002249	555734	1
3002250	292654	1
3002251	8327	1
3002252	8327	1
3002253	413791	1
3002254	413791	1
3002255	413791	1
3002256	108115	1
3002257	108115	1
3002258	529879	1
3002259	529879	1
3002260	531497	1
3002261	531497	1
3002262	553776	1
3002263	396959	1
3002264	396959	1
3002265	574235	1
3002266	574235	1
3002267	202767	1
3002268	199299	1
3002269	199299	1
3002270	199299	1
3002271	122794	1
3002272	122794	1
3002273	122794	1
3002274	497125	1
3002275	497125	1
3002276	9299	1
3002277	461784	1
3002278	518562	1
3002279	449940	1
3002280	449940	1
3002281	509155	1
3002282	19977	1
3002283	394096	1
3002284	394096	1
3002285	394096	1
3002286	491028	1
3002287	491028	1
3002288	491028	1
3002289	204767	1
3002290	204767	1
3002291	204767	1
3002292	208128	1
3002293	103610	1
3002294	95743	1
3002295	95743	1
3002296	546801	1
3002297	546801	1
3002298	50641	1
3002299	50641	1
3002300	556182	1
3002301	556182	1
3002302	556182	1
3002303	203105	1
3002304	256227	1
3002305	256227	1
3002306	235624	1
3002307	235624	1
3002308	25194	1
3002309	25194	1
3002310	544977	1
3002311	544977	1
3002312	430472	1
3002313	430472	1
3002314	339622	1
3002315	565330	1
3002316	565330	1
3002317	506734	1
3002318	506734	1
3002319	251574	1
3002320	251574	1
3002321	358754	1
3002322	358754	1
3002323	562111	1
3002324	562111	1
3002325	498284	1
3002326	498284	1
3002327	345507	1
3002328	590231	1
3002329	489070	1
3002330	88918	1
3002331	88918	1
3002332	88918	1
3002333	153789	1
3002334	153789	1
3002335	153789	1
3002336	361177	1
