{"P@1": 0.1034, "P@3": 0.0715, "P@5": 0.0534, "P@10": 0.03657, "P@100": 0.00897, "P@300": 0.00429, "P@500": 0.00302, "P@1000": 0.00177, "MRR@1": 0.1034, "MRR@3": 0.13863, "MRR@5": 0.1455, "MRR@10": 0.15451, "MRR@100": 0.1638, "MRR@300": 0.16484, "MRR@500": 0.16502, "MRR@1000": 0.1651}