{"P@1": 0.12346, "P@3": 0.07253, "P@5": 0.05833, "P@10": 0.04151, "P@100": 0.00986, "P@300": 0.00448, "P@500": 0.00304, "P@1000": 0.00179, "MRR@1": 0.12346, "MRR@3": 0.15226, "MRR@5": 0.16314, "MRR@10": 0.17407, "MRR@100": 0.18428, "MRR@300": 0.18507, "MRR@500": 0.18518, "MRR@1000": 0.18529}