{"P@1": 0.09568, "P@3": 0.06276, "P@5": 0.04938, "P@10": 0.03349, "P@100": 0.00853, "P@300": 0.00415, "P@500": 0.00289, "P@1000": 0.00173, "MRR@1": 0.09568, "MRR@3": 0.125, "MRR@5": 0.13465, "MRR@10": 0.14168, "MRR@100": 0.15093, "MRR@300": 0.15185, "MRR@500": 0.15203, "MRR@1000": 0.15214}