epoch,steps,cos_sim-Accuracy@1,cos_sim-Accuracy@3,cos_sim-Accuracy@5,cos_sim-Accuracy@10,cos_sim-Precision@1,cos_sim-Recall@1,cos_sim-Precision@3,cos_sim-Recall@3,cos_sim-Precision@5,cos_sim-Recall@5,cos_sim-Precision@10,cos_sim-Recall@10,cos_sim-MRR@10,cos_sim-NDCG@10,cos_sim-MAP@100,dot_score-Accuracy@1,dot_score-Accuracy@3,dot_score-Accuracy@5,dot_score-Accuracy@10,dot_score-Precision@1,dot_score-Recall@1,dot_score-Precision@3,dot_score-Recall@3,dot_score-Precision@5,dot_score-Recall@5,dot_score-Precision@10,dot_score-Recall@10,dot_score-MRR@10,dot_score-NDCG@10,dot_score-MAP@100
0,-1,0.08,0.134,0.168,0.252,0.08,0.04254603174603174,0.05066666666666666,0.07355165945165945,0.04,0.09235252525252526,0.0316,0.13735259740259742,0.12288412698412707,0.10101050233552582,0.07917323723943344,0.074,0.116,0.14,0.206,0.074,0.035990476190476184,0.04466666666666666,0.06447554112554113,0.0332,0.0777501443001443,0.0258,0.10964855699855698,0.1049634920634921,0.08278077275961704,0.06592637649907539
1,-1,0.104,0.172,0.202,0.274,0.104,0.05272936507936508,0.066,0.0952540404040404,0.0508,0.11091204906204906,0.036,0.15328513708513708,0.14910000000000004,0.11874257538523443,0.0954408280322724,0.08,0.144,0.182,0.234,0.08,0.03924047619047619,0.054,0.07605404040404039,0.0432,0.09694379509379511,0.03,0.1264827561327561,0.12332698412698419,0.09672467255952685,0.07606460343208721
