{"P@1": 0.21142, "P@3": 0.13014, "P@5": 0.09938, "P@10": 0.06651, "P@100": 0.0134, "P@300": 0.0056, "P@500": 0.00372, "P@1000": 0.00209, "MRR@1": 0.21142, "MRR@3": 0.25566, "MRR@5": 0.27094, "MRR@10": 0.28136, "MRR@100": 0.29267, "MRR@300": 0.29324, "MRR@500": 0.29336, "MRR@1000": 0.2934}