{"P@1": 0.00154, "P@3": 0.00154, "P@5": 0.00093, "P@10": 0.00093, "P@100": 0.00043, "P@300": 0.00033, "P@500": 0.00031, "P@1000": 0.00025, "MRR@1": 0.00154, "MRR@3": 0.00309, "MRR@5": 0.00309, "MRR@10": 0.00362, "MRR@100": 0.00474, "MRR@300": 0.00503, "MRR@500": 0.00516, "MRR@1000": 0.00525}