{"P@1": 0.22222, "P@3": 0.13426, "P@5": 0.09815, "P@10": 0.06343, "P@100": 0.01262, "P@300": 0.00506, "P@500": 0.00331, "P@1000": 0.00185, "MRR@1": 0.22222, "MRR@3": 0.27109, "MRR@5": 0.28374, "MRR@10": 0.29558, "MRR@100": 0.30537, "MRR@300": 0.30571, "MRR@500": 0.3058, "MRR@1000": 0.30586}