epoch,steps,cosine-Accuracy@1,cosine-Accuracy@3,cosine-Accuracy@5,cosine-Accuracy@10,cosine-Precision@1,cosine-Recall@1,cosine-Precision@3,cosine-Recall@3,cosine-Precision@5,cosine-Recall@5,cosine-Precision@10,cosine-Recall@10,cosine-MRR@10,cosine-NDCG@10,cosine-MAP@100
1.0,41,0.09,0.16,0.194,0.27,0.09,0.04938658008658008,0.06266666666666666,0.09028261183261183,0.0492,0.11400959595959596,0.0356,0.15418427128427128,0.1384071428571429,0.11617696630848462,0.0941871751250044
2.0,82,0.094,0.16,0.21,0.28,0.094,0.05077546897546897,0.064,0.08973903318903319,0.05240000000000001,0.12292792207792208,0.0376,0.16203593073593073,0.1437253968253969,0.12086099512256568,0.09737821041918299
